Initialized native services in: C:\Users\adelf\.gradle\native
Initialized jansi services in: C:\Users\adelf\.gradle\native
The client will now receive all logging from the daemon (pid: 23360). The daemon log file: C:\Users\adelf\.gradle\daemon\8.12\daemon-23360.out.log
Starting 2nd build in daemon [uptime: 2 mins 41.2 secs, performance: 100%, GC rate: 0.00/s, heap usage: 0% of 2 GiB, non-heap usage: 37% of 512 MiB]
Using 16 worker leases.
Now considering [D:\App\fc\app\android, D:\App\fc\app\node_modules\@react-native\gradle-plugin] as hierarchies to watch
Watching the file system is configured to be enabled if available
File system watching is active
Starting Build
Now considering [D:\App\fc\app\node_modules\@react-native\gradle-plugin, D:\App\fc\app\android] as hierarchies to watch
Resolved plugin [id: 'org.gradle.toolchains.foojay-resolver-convention', version: '0.5.0']

> Configure project :gradle-plugin
Evaluating project ':gradle-plugin' using build file 'D:\App\fc\app\node_modules\@react-native\gradle-plugin\build.gradle.kts'.
Resolved plugin [id: 'org.jetbrains.kotlin.jvm', version: '2.0.21', apply: false]

> Configure project :gradle-plugin:react-native-gradle-plugin
Evaluating project ':gradle-plugin:react-native-gradle-plugin' using build file 'D:\App\fc\app\node_modules\@react-native\gradle-plugin\react-native-gradle-plugin\build.gradle.kts'.
Resolved plugin [id: 'org.jetbrains.kotlin.jvm', version: '2.0.21']
Resolved plugin [id: 'java-gradle-plugin']
Using Kotlin Gradle Plugin gradle85 variant
kotlin scripting plugin: created the scripting discovery configuration: kotlinScriptDef
kotlin scripting plugin: created the scripting discovery configuration: testKotlinScriptDef

> Configure project :gradle-plugin:settings-plugin
Evaluating project ':gradle-plugin:settings-plugin' using build file 'D:\App\fc\app\node_modules\@react-native\gradle-plugin\settings-plugin\build.gradle.kts'.
Resolved plugin [id: 'org.jetbrains.kotlin.jvm', version: '2.0.21']
Resolved plugin [id: 'java-gradle-plugin']
Using Kotlin Gradle Plugin gradle85 variant
kotlin scripting plugin: created the scripting discovery configuration: kotlinScriptDef
kotlin scripting plugin: created the scripting discovery configuration: testKotlinScriptDef

> Configure project :gradle-plugin:shared
Evaluating project ':gradle-plugin:shared' using build file 'D:\App\fc\app\node_modules\@react-native\gradle-plugin\shared\build.gradle.kts'.
Resolved plugin [id: 'org.jetbrains.kotlin.jvm', version: '2.0.21']
Using Kotlin Gradle Plugin gradle85 variant
kotlin scripting plugin: created the scripting discovery configuration: kotlinScriptDef
kotlin scripting plugin: created the scripting discovery configuration: testKotlinScriptDef

> Configure project :gradle-plugin:shared-testutil
Evaluating project ':gradle-plugin:shared-testutil' using build file 'D:\App\fc\app\node_modules\@react-native\gradle-plugin\shared-testutil\build.gradle.kts'.
Resolved plugin [id: 'org.jetbrains.kotlin.jvm', version: '2.0.21']
Using Kotlin Gradle Plugin gradle85 variant
kotlin scripting plugin: created the scripting discovery configuration: kotlinScriptDef
kotlin scripting plugin: created the scripting discovery configuration: testKotlinScriptDef
Resolved plugin [id: 'com.facebook.react.settings']
Resolve mutations for :gradle-plugin:settings-plugin:checkKotlinGradlePluginConfigurationErrors (Thread[Execution worker,5,main]) started.
:gradle-plugin:settings-plugin:checkKotlinGradlePluginConfigurationErrors (Thread[Execution worker,5,main]) started.

> Task :gradle-plugin:settings-plugin:checkKotlinGradlePluginConfigurationErrors SKIPPED
Skipping task ':gradle-plugin:settings-plugin:checkKotlinGradlePluginConfigurationErrors' as task onlyIf 'errorDiagnostics are present' is false.
Resolve mutations for :gradle-plugin:shared:checkKotlinGradlePluginConfigurationErrors (Thread[Execution worker,5,main]) started.
:gradle-plugin:shared:checkKotlinGradlePluginConfigurationErrors (Thread[Execution worker Thread 14,5,main]) started.

> Task :gradle-plugin:shared:checkKotlinGradlePluginConfigurationErrors SKIPPED
Skipping task ':gradle-plugin:shared:checkKotlinGradlePluginConfigurationErrors' as task onlyIf 'errorDiagnostics are present' is false.
Resolve mutations for :gradle-plugin:shared:compileKotlin (Thread[Execution worker Thread 14,5,main]) started.
:gradle-plugin:shared:compileKotlin (Thread[Execution worker Thread 14,5,main]) started.

> Task :gradle-plugin:shared:compileKotlin UP-TO-DATE
Caching disabled for task ':gradle-plugin:shared:compileKotlin' because:
  Build cache is disabled
Skipping task ':gradle-plugin:shared:compileKotlin' as it is up-to-date.
Resolve mutations for :gradle-plugin:shared:compileJava (Thread[Execution worker Thread 14,5,main]) started.
:gradle-plugin:shared:compileJava (Thread[Execution worker Thread 14,5,main]) started.

> Task :gradle-plugin:shared:compileJava NO-SOURCE
Skipping task ':gradle-plugin:shared:compileJava' as it has no source files and no previous output files.
Resolve mutations for :gradle-plugin:shared:processResources (Thread[Execution worker Thread 14,5,main]) started.
:gradle-plugin:shared:processResources (Thread[Execution worker Thread 14,5,main]) started.

> Task :gradle-plugin:shared:processResources NO-SOURCE
Skipping task ':gradle-plugin:shared:processResources' as it has no source files and no previous output files.
Resolve mutations for :gradle-plugin:shared:classes (Thread[Execution worker Thread 14,5,main]) started.
:gradle-plugin:shared:classes (Thread[Execution worker Thread 14,5,main]) started.

> Task :gradle-plugin:shared:classes UP-TO-DATE
Skipping task ':gradle-plugin:shared:classes' as it has no actions.
Resolve mutations for :gradle-plugin:shared:jar (Thread[Execution worker Thread 14,5,main]) started.
:gradle-plugin:shared:jar (Thread[Execution worker Thread 14,5,main]) started.

> Task :gradle-plugin:shared:jar UP-TO-DATE
Caching disabled for task ':gradle-plugin:shared:jar' because:
  Build cache is disabled
  Not worth caching
Skipping task ':gradle-plugin:shared:jar' as it is up-to-date.
work action resolve shared.jar (project :gradle-plugin:shared) (Thread[Execution worker Thread 14,5,main]) started.
Resolve mutations for :gradle-plugin:settings-plugin:compileKotlin (Thread[Execution worker Thread 14,5,main]) started.
:gradle-plugin:settings-plugin:compileKotlin (Thread[Execution worker Thread 14,5,main]) started.

> Task :gradle-plugin:settings-plugin:compileKotlin UP-TO-DATE
Caching disabled for task ':gradle-plugin:settings-plugin:compileKotlin' because:
  Build cache is disabled
Skipping task ':gradle-plugin:settings-plugin:compileKotlin' as it is up-to-date.
Resolve mutations for :gradle-plugin:settings-plugin:compileJava (Thread[Execution worker Thread 14,5,main]) started.
:gradle-plugin:settings-plugin:compileJava (Thread[Execution worker Thread 14,5,main]) started.

> Task :gradle-plugin:settings-plugin:compileJava NO-SOURCE
Skipping task ':gradle-plugin:settings-plugin:compileJava' as it has no source files and no previous output files.
Resolve mutations for :gradle-plugin:settings-plugin:pluginDescriptors (Thread[Execution worker Thread 14,5,main]) started.
:gradle-plugin:settings-plugin:pluginDescriptors (Thread[Execution worker Thread 14,5,main]) started.

> Task :gradle-plugin:settings-plugin:pluginDescriptors UP-TO-DATE
Caching disabled for task ':gradle-plugin:settings-plugin:pluginDescriptors' because:
  Build cache is disabled
  Not worth caching
Skipping task ':gradle-plugin:settings-plugin:pluginDescriptors' as it is up-to-date.
Resolve mutations for :gradle-plugin:settings-plugin:processResources (Thread[Execution worker Thread 14,5,main]) started.
:gradle-plugin:settings-plugin:processResources (Thread[Execution worker Thread 14,5,main]) started.

> Task :gradle-plugin:settings-plugin:processResources UP-TO-DATE
Caching disabled for task ':gradle-plugin:settings-plugin:processResources' because:
  Build cache is disabled
  Not worth caching
Skipping task ':gradle-plugin:settings-plugin:processResources' as it is up-to-date.
Resolve mutations for :gradle-plugin:settings-plugin:classes (Thread[Execution worker Thread 14,5,main]) started.
:gradle-plugin:settings-plugin:classes (Thread[Execution worker Thread 14,5,main]) started.

> Task :gradle-plugin:settings-plugin:classes UP-TO-DATE
Skipping task ':gradle-plugin:settings-plugin:classes' as it has no actions.
Resolve mutations for :gradle-plugin:settings-plugin:jar (Thread[Execution worker Thread 14,5,main]) started.
:gradle-plugin:settings-plugin:jar (Thread[Execution worker Thread 14,5,main]) started.

> Task :gradle-plugin:settings-plugin:jar UP-TO-DATE
Caching disabled for task ':gradle-plugin:settings-plugin:jar' because:
  Build cache is disabled
  Not worth caching
Skipping task ':gradle-plugin:settings-plugin:jar' as it is up-to-date.
Settings evaluated using settings file 'D:\App\fc\app\android\settings.gradle'.
Projects loaded. Root project using build file 'D:\App\fc\app\android\build.gradle'.
Included projects: [root project 'foundclub', project ':app', project ':notifee_react-native', project ':react-native-async-storage_async-storage', project ':react-native-blob-util', project ':react-native-community_blur', project ':react-native-community_slider', project ':react-native-device-info', project ':react-native-firebase_app', project ':react-native-firebase_auth', project ':react-native-firebase_messaging', project ':react-native-gesture-handler', project ':react-native-image-crop-picker', project ':react-native-keyboard-controller', project ':react-native-linear-gradient', project ':react-native-maps', project ':react-native-masked-view_masked-view', project ':react-native-mmkv', project ':react-native-reanimated', project ':react-native-safe-area-context', project ':react-native-screens', project ':react-native-view-shot', project ':sentry_react-native']
Registering project ':gradle-plugin' in composite build. Will substitute for module ':gradle-plugin-root'.
Registering project ':gradle-plugin:react-native-gradle-plugin' in composite build. Will substitute for module 'com.facebook.react:react-native-gradle-plugin'.
Registering project ':gradle-plugin:settings-plugin' in composite build. Will substitute for module 'com.facebook.react:settings-plugin'.
Registering project ':gradle-plugin:shared' in composite build. Will substitute for module 'com.facebook.react:shared'.
Registering project ':gradle-plugin:shared-testutil' in composite build. Will substitute for module 'com.facebook.react:shared-testutil'.
Resolve mutations for :gradle-plugin:react-native-gradle-plugin:checkKotlinGradlePluginConfigurationErrors (Thread[Execution worker Thread 3,5,main]) started.
:gradle-plugin:react-native-gradle-plugin:checkKotlinGradlePluginConfigurationErrors (Thread[Execution worker Thread 7,5,main]) started.

> Task :gradle-plugin:react-native-gradle-plugin:checkKotlinGradlePluginConfigurationErrors SKIPPED
Skipping task ':gradle-plugin:react-native-gradle-plugin:checkKotlinGradlePluginConfigurationErrors' as task onlyIf 'errorDiagnostics are present' is false.
Resolve mutations for :gradle-plugin:react-native-gradle-plugin:compileKotlin (Thread[Execution worker Thread 7,5,main]) started.
:gradle-plugin:react-native-gradle-plugin:compileKotlin (Thread[Execution worker Thread 7,5,main]) started.

> Task :gradle-plugin:react-native-gradle-plugin:compileKotlin UP-TO-DATE
Caching disabled for task ':gradle-plugin:react-native-gradle-plugin:compileKotlin' because:
  Build cache is disabled
Skipping task ':gradle-plugin:react-native-gradle-plugin:compileKotlin' as it is up-to-date.
Resolve mutations for :gradle-plugin:react-native-gradle-plugin:compileJava (Thread[Execution worker Thread 7,5,main]) started.
:gradle-plugin:react-native-gradle-plugin:compileJava (Thread[Execution worker Thread 7,5,main]) started.

> Task :gradle-plugin:react-native-gradle-plugin:compileJava NO-SOURCE
Skipping task ':gradle-plugin:react-native-gradle-plugin:compileJava' as it has no source files and no previous output files.
Resolve mutations for :gradle-plugin:react-native-gradle-plugin:pluginDescriptors (Thread[Execution worker Thread 7,5,main]) started.
:gradle-plugin:react-native-gradle-plugin:pluginDescriptors (Thread[Execution worker Thread 8,5,main]) started.

> Task :gradle-plugin:react-native-gradle-plugin:pluginDescriptors UP-TO-DATE
Caching disabled for task ':gradle-plugin:react-native-gradle-plugin:pluginDescriptors' because:
  Build cache is disabled
  Not worth caching
Skipping task ':gradle-plugin:react-native-gradle-plugin:pluginDescriptors' as it is up-to-date.
Resolve mutations for :gradle-plugin:react-native-gradle-plugin:processResources (Thread[Execution worker Thread 8,5,main]) started.
:gradle-plugin:react-native-gradle-plugin:processResources (Thread[Execution worker Thread 8,5,main]) started.

> Task :gradle-plugin:react-native-gradle-plugin:processResources UP-TO-DATE
Caching disabled for task ':gradle-plugin:react-native-gradle-plugin:processResources' because:
  Build cache is disabled
  Not worth caching
Skipping task ':gradle-plugin:react-native-gradle-plugin:processResources' as it is up-to-date.
Resolve mutations for :gradle-plugin:react-native-gradle-plugin:classes (Thread[Execution worker Thread 8,5,main]) started.

> Task :gradle-plugin:react-native-gradle-plugin:classes UP-TO-DATE
Skipping task ':gradle-plugin:react-native-gradle-plugin:classes' as it has no actions.

> Task :gradle-plugin:react-native-gradle-plugin:jar UP-TO-DATE
Caching disabled for task ':gradle-plugin:react-native-gradle-plugin:jar' because:
  Build cache is disabled
  Not worth caching
Skipping task ':gradle-plugin:react-native-gradle-plugin:jar' as it is up-to-date.

> Configure project :app
Evaluating project ':app' using build file 'D:\App\fc\app\android\app\build.gradle'.
Using default execution profile
Using Kotlin Gradle Plugin gradle85 variant
C/C++: android.ndkVersion from module build.gradle is [26.1.10909125]
C/C++: android.ndkPath from module build.gradle is not set
C/C++: ndk.dir in local.properties is not set
C/C++: Not considering ANDROID_NDK_HOME because support was removed after deprecation period.
C/C++: sdkFolder is C:\Users\adelf\AppData\Local\Android\Sdk
C/C++: android.ndkVersion from module build.gradle is [26.1.10909125]
C/C++: android.ndkPath from module build.gradle is not set
C/C++: ndk.dir in local.properties is not set
C/C++: Not considering ANDROID_NDK_HOME because support was removed after deprecation period.
C/C++: sdkFolder is C:\Users\adelf\AppData\Local\Android\Sdk
C/C++: android.ndkVersion from module build.gradle is [26.1.10909125]
C/C++: android.ndkPath from module build.gradle is not set
C/C++: ndk.dir in local.properties is not set
C/C++: Not considering ANDROID_NDK_HOME because support was removed after deprecation period.
C/C++: sdkFolder is C:\Users\adelf\AppData\Local\Android\Sdk
C/C++: android.ndkVersion from module build.gradle is [26.1.10909125]
C/C++: android.ndkPath from module build.gradle is not set
C/C++: ndk.dir in local.properties is not set
C/C++: Not considering ANDROID_NDK_HOME because support was removed after deprecation period.
C/C++: sdkFolder is C:\Users\adelf\AppData\Local\Android\Sdk
C/C++: android.ndkVersion from module build.gradle is [26.1.10909125]
C/C++: android.ndkPath from module build.gradle is not set
C/C++: ndk.dir in local.properties is not set
C/C++: Not considering ANDROID_NDK_HOME because support was removed after deprecation period.
C/C++: sdkFolder is C:\Users\adelf\AppData\Local\Android\Sdk
C/C++: android.ndkVersion from module build.gradle is [26.1.10909125]
C/C++: android.ndkPath from module build.gradle is not set
C/C++: ndk.dir in local.properties is not set
C/C++: Not considering ANDROID_NDK_HOME because support was removed after deprecation period.
C/C++: sdkFolder is C:\Users\adelf\AppData\Local\Android\Sdk
C/C++: android.ndkVersion from module build.gradle is [26.1.10909125]
C/C++: android.ndkPath from module build.gradle is not set
C/C++: ndk.dir in local.properties is not set
C/C++: Not considering ANDROID_NDK_HOME because support was removed after deprecation period.
C/C++: sdkFolder is C:\Users\adelf\AppData\Local\Android\Sdk
C/C++: android.ndkVersion from module build.gradle is [26.1.10909125]
C/C++: android.ndkPath from module build.gradle is not set
C/C++: ndk.dir in local.properties is not set
C/C++: Not considering ANDROID_NDK_HOME because support was removed after deprecation period.
C/C++: sdkFolder is C:\Users\adelf\AppData\Local\Android\Sdk
C/C++: android.ndkVersion from module build.gradle is [26.1.10909125]
C/C++: android.ndkPath from module build.gradle is not set
C/C++: ndk.dir in local.properties is not set
C/C++: Not considering ANDROID_NDK_HOME because support was removed after deprecation period.
C/C++: sdkFolder is C:\Users\adelf\AppData\Local\Android\Sdk
C/C++: android.ndkVersion from module build.gradle is [26.1.10909125]
C/C++: android.ndkPath from module build.gradle is not set
C/C++: ndk.dir in local.properties is not set
C/C++: Not considering ANDROID_NDK_HOME because support was removed after deprecation period.
C/C++: sdkFolder is C:\Users\adelf\AppData\Local\Android\Sdk
C/C++: android.ndkVersion from module build.gradle is [26.1.10909125]
C/C++: android.ndkPath from module build.gradle is not set
C/C++: ndk.dir in local.properties is not set
C/C++: Not considering ANDROID_NDK_HOME because support was removed after deprecation period.
C/C++: sdkFolder is C:\Users\adelf\AppData\Local\Android\Sdk
C/C++: android.ndkVersion from module build.gradle is [26.1.10909125]
C/C++: android.ndkPath from module build.gradle is not set
C/C++: ndk.dir in local.properties is not set
C/C++: Not considering ANDROID_NDK_HOME because support was removed after deprecation period.
C/C++: sdkFolder is C:\Users\adelf\AppData\Local\Android\Sdk
C/C++: android.ndkVersion from module build.gradle is [26.1.10909125]
C/C++: android.ndkPath from module build.gradle is not set
C/C++: ndk.dir in local.properties is not set
C/C++: Not considering ANDROID_NDK_HOME because support was removed after deprecation period.
C/C++: sdkFolder is C:\Users\adelf\AppData\Local\Android\Sdk
C/C++: android.ndkVersion from module build.gradle is [26.1.10909125]
C/C++: android.ndkPath from module build.gradle is not set
C/C++: ndk.dir in local.properties is not set
C/C++: Not considering ANDROID_NDK_HOME because support was removed after deprecation period.
C/C++: sdkFolder is C:\Users\adelf\AppData\Local\Android\Sdk
C/C++: android.ndkVersion from module build.gradle is [26.1.10909125]
C/C++: android.ndkPath from module build.gradle is not set
C/C++: ndk.dir in local.properties is not set
C/C++: Not considering ANDROID_NDK_HOME because support was removed after deprecation period.
C/C++: sdkFolder is C:\Users\adelf\AppData\Local\Android\Sdk
C/C++: android.ndkVersion from module build.gradle is [26.1.10909125]
C/C++: android.ndkPath from module build.gradle is not set
C/C++: ndk.dir in local.properties is not set
C/C++: Not considering ANDROID_NDK_HOME because support was removed after deprecation period.
C/C++: sdkFolder is C:\Users\adelf\AppData\Local\Android\Sdk
C/C++: android.ndkVersion from module build.gradle is [26.1.10909125]
C/C++: android.ndkPath from module build.gradle is not set
C/C++: ndk.dir in local.properties is not set
C/C++: Not considering ANDROID_NDK_HOME because support was removed after deprecation period.
C/C++: sdkFolder is C:\Users\adelf\AppData\Local\Android\Sdk
C/C++: android.ndkVersion from module build.gradle is [26.1.10909125]
C/C++: android.ndkPath from module build.gradle is not set
C/C++: ndk.dir in local.properties is not set
C/C++: Not considering ANDROID_NDK_HOME because support was removed after deprecation period.
C/C++: sdkFolder is C:\Users\adelf\AppData\Local\Android\Sdk
C/C++: android.ndkVersion from module build.gradle is [26.1.10909125]
C/C++: android.ndkPath from module build.gradle is not set
C/C++: ndk.dir in local.properties is not set
C/C++: Not considering ANDROID_NDK_HOME because support was removed after deprecation period.
C/C++: sdkFolder is C:\Users\adelf\AppData\Local\Android\Sdk
C/C++: android.ndkVersion from module build.gradle is [26.1.10909125]
C/C++: android.ndkPath from module build.gradle is not set
C/C++: ndk.dir in local.properties is not set
C/C++: Not considering ANDROID_NDK_HOME because support was removed after deprecation period.
C/C++: sdkFolder is C:\Users\adelf\AppData\Local\Android\Sdk
C/C++: android.ndkVersion from module build.gradle is [26.1.10909125]
C/C++: android.ndkPath from module build.gradle is not set
C/C++: ndk.dir in local.properties is not set
C/C++: Not considering ANDROID_NDK_HOME because support was removed after deprecation period.
C/C++: sdkFolder is C:\Users\adelf\AppData\Local\Android\Sdk
bundleFile: `D:\App\fc\app\android\app\build\generated\assets\createBundleProductionReleaseJsAndAssets\index.android.bundle`
outputSourceMap: `D:\App\fc\app\android\app\build\generated\sourcemaps\react\productionRelease\index.android.bundle.map`
packagerOutputSourceMap: `D:\App\fc\app\android\app\build\intermediates\sourcemaps\react\productionRelease\index.android.bundle.packager.map`
Info: used pre-configured source map files: D:\App\fc\app\android\app\build\generated\sourcemaps\react\productionRelease\index.android.bundle.map
Sentry-CollectModules arguments: [node, D:\App\fc\app\node_modules\@sentry\react-native/dist/js/tools/collectModules.js, D:\App\fc\app\android\app\build\generated\sourcemaps\react\productionRelease\index.android.bundle.map, D:\App\fc\app/android/app/src/main/assets/modules.json, D:\App\fc\app/node_modules]
bundleFile: `D:\App\fc\app\android\app\build\generated\assets\createBundleStagingReleaseJsAndAssets\index.android.bundle`
outputSourceMap: `D:\App\fc\app\android\app\build\generated\sourcemaps\react\stagingRelease\index.android.bundle.map`
packagerOutputSourceMap: `D:\App\fc\app\android\app\build\intermediates\sourcemaps\react\stagingRelease\index.android.bundle.packager.map`
Info: used pre-configured source map files: D:\App\fc\app\android\app\build\generated\sourcemaps\react\stagingRelease\index.android.bundle.map
Sentry-CollectModules arguments: [node, D:\App\fc\app\node_modules\@sentry\react-native/dist/js/tools/collectModules.js, D:\App\fc\app\android\app\build\generated\sourcemaps\react\stagingRelease\index.android.bundle.map, D:\App\fc\app/android/app/src/main/assets/modules.json, D:\App\fc\app/node_modules]

> Configure project :
Evaluating root project 'foundclub' using build file 'D:\App\fc\app\android\build.gradle'.
Found project 'project :gradle-plugin:react-native-gradle-plugin' as substitute for module 'com.facebook.react:react-native-gradle-plugin'.
Ignoring listeners of task graph ready event, as this build (:gradle-plugin) has already executed work.
:gradle-plugin:react-native-gradle-plugin:classes (Thread[included builds,5,main]) started.
Resolve mutations for :gradle-plugin:react-native-gradle-plugin:jar (Thread[included builds,5,main]) started.
:gradle-plugin:react-native-gradle-plugin:jar (Thread[included builds,5,main]) started.

> Configure project :notifee_react-native
Evaluating project ':notifee_react-native' using build file 'D:\App\fc\app\node_modules\@notifee\react-native\android\build.gradle'.
Resolved plugin [id: 'io.invertase.gradle.build', version: '1.5']
Using default execution profile
:notifee_react-native @notifee/react-native found at D:\App\fc\app\node_modules\@notifee\react-native
:notifee_react-native package.json found at D:\App\fc\app\node_modules\@notifee\react-native\package.json
:notifee_react-native:version set from package.json: 9.1.8 (9,1,8 - 9001008)
:notifee_react-native:android.compileSdk using custom value: 35
:notifee_react-native:android.targetSdk using custom value: 35
:notifee_react-native:android.minSdk using custom value: 24
:notifee_react-native:reactNativeAndroidDir D:\App\fc\app\node_modules\react-native\android

> Configure project :react-native-async-storage_async-storage
Evaluating project ':react-native-async-storage_async-storage' using build file 'D:\App\fc\app\node_modules\@react-native-async-storage\async-storage\android\build.gradle'.
Using default execution profile
[AsyncStorage] Config used: {kotlinVersion=2.0.21, kspVersion=1.9.24-1.0.20, roomVersion=2.6.1, minSdkVersion=24, targetSdkVersion=35, compileSdkVersion=35, useNextStorage=false, databaseSizeMB=6, isNewArchitectureEnabled=true, useDedicatedExecutor=false}

> Configure project :react-native-blob-util
Evaluating project ':react-native-blob-util' using build file 'D:\App\fc\app\node_modules\react-native-blob-util\android\build.gradle'.
Using default execution profile

> Configure project :react-native-community_blur
Evaluating project ':react-native-community_blur' using build file 'D:\App\fc\app\node_modules\@react-native-community\blur\android\build.gradle'.
Using default execution profile
:react-native-community_blur:reactNativeAndroidRoot D:\App\fc\app\node_modules\react-native\android

> Configure project :react-native-community_slider
Evaluating project ':react-native-community_slider' using build file 'D:\App\fc\app\node_modules\@react-native-community\slider\android\build.gradle'.
Using default execution profile

> Configure project :react-native-device-info
Evaluating project ':react-native-device-info' using build file 'D:\App\fc\app\node_modules\react-native-device-info\android\build.gradle'.
Using default execution profile

> Configure project :react-native-firebase_app
Evaluating project ':react-native-firebase_app' using build file 'D:\App\fc\app\node_modules\@react-native-firebase\app\android\build.gradle'.
Resolved plugin [id: 'io.invertase.gradle.build', version: '1.5']
Using default execution profile
:react-native-firebase_app package.json found at D:\App\fc\app\node_modules\@react-native-firebase\app\package.json
:react-native-firebase_app no firebase.json found, skipping
:react-native-firebase_app:firebase.bom using default value: 33.12.0
:react-native-firebase_app:play.play-services-auth using default value: 21.3.0
:react-native-firebase_app package.json found at D:\App\fc\app\node_modules\@react-native-firebase\app\package.json
:react-native-firebase_app:version set from package.json: 21.14.0 (21,14,0 - 21014000)
:react-native-firebase_app:android.compileSdk using custom value: 35
:react-native-firebase_app:android.targetSdk using custom value: 35
:react-native-firebase_app:android.minSdk using custom value: 24
:react-native-firebase_app:reactNativeAndroidDir D:\App\fc\app\node_modules\react-native\android

> Configure project :react-native-firebase_auth
Evaluating project ':react-native-firebase_auth' using build file 'D:\App\fc\app\node_modules\@react-native-firebase\auth\android\build.gradle'.
Resolved plugin [id: 'io.invertase.gradle.build', version: '1.5']
Using default execution profile
:react-native-firebase_auth package.json found at D:\App\fc\app\node_modules\@react-native-firebase\auth\package.json
:react-native-firebase_app package.json found at D:\App\fc\app\node_modules\@react-native-firebase\app\package.json
:react-native-firebase_auth:firebase.bom using default value: 33.12.0
:react-native-firebase_auth package.json found at D:\App\fc\app\node_modules\@react-native-firebase\auth\package.json
:react-native-firebase_auth:version set from package.json: 21.14.0 (21,14,0 - 21014000)
:react-native-firebase_auth:android.compileSdk using custom value: 35
:react-native-firebase_auth:android.targetSdk using custom value: 35
:react-native-firebase_auth:android.minSdk using custom value: 24
:react-native-firebase_auth:reactNativeAndroidDir D:\App\fc\app\node_modules\react-native\android

> Configure project :react-native-firebase_messaging
Evaluating project ':react-native-firebase_messaging' using build file 'D:\App\fc\app\node_modules\@react-native-firebase\messaging\android\build.gradle'.
Resolved plugin [id: 'io.invertase.gradle.build', version: '1.5']
Using default execution profile
:react-native-firebase_messaging package.json found at D:\App\fc\app\node_modules\@react-native-firebase\messaging\package.json
:react-native-firebase_app package.json found at D:\App\fc\app\node_modules\@react-native-firebase\app\package.json
:react-native-firebase_messaging no firebase.json found, skipping
:react-native-firebase_messaging:firebase.bom using default value: 33.12.0
:react-native-firebase_messaging package.json found at D:\App\fc\app\node_modules\@react-native-firebase\messaging\package.json
:react-native-firebase_messaging:version set from package.json: 21.14.0 (21,14,0 - 21014000)
:react-native-firebase_messaging:android.compileSdk using custom value: 35
:react-native-firebase_messaging:android.targetSdk using custom value: 35
:react-native-firebase_messaging:android.minSdk using custom value: 24
:react-native-firebase_messaging:reactNativeAndroidDir D:\App\fc\app\node_modules\react-native\android

> Configure project :react-native-gesture-handler
Evaluating project ':react-native-gesture-handler' using build file 'D:\App\fc\app\node_modules\react-native-gesture-handler\android\build.gradle'.
Using default execution profile
Using Kotlin Gradle Plugin gradle85 variant
Starting process 'command 'node''. Working directory: D:\App\fc\app\android Command: node --print require.resolve('react-native/package.json')
Successfully started process 'command 'node''
C/C++: android.ndkVersion from module build.gradle is [26.1.10909125]
C/C++: android.ndkPath from module build.gradle is not set
C/C++: ndk.dir in local.properties is not set
C/C++: Not considering ANDROID_NDK_HOME because support was removed after deprecation period.
C/C++: sdkFolder is C:\Users\adelf\AppData\Local\Android\Sdk
C/C++: android.ndkVersion from module build.gradle is [26.1.10909125]
C/C++: android.ndkPath from module build.gradle is not set
C/C++: ndk.dir in local.properties is not set
C/C++: Not considering ANDROID_NDK_HOME because support was removed after deprecation period.
C/C++: sdkFolder is C:\Users\adelf\AppData\Local\Android\Sdk
C/C++: android.ndkVersion from module build.gradle is [26.1.10909125]
C/C++: android.ndkPath from module build.gradle is not set
C/C++: ndk.dir in local.properties is not set
C/C++: Not considering ANDROID_NDK_HOME because support was removed after deprecation period.
C/C++: sdkFolder is C:\Users\adelf\AppData\Local\Android\Sdk
C/C++: android.ndkVersion from module build.gradle is [26.1.10909125]
C/C++: android.ndkPath from module build.gradle is not set
C/C++: ndk.dir in local.properties is not set
C/C++: Not considering ANDROID_NDK_HOME because support was removed after deprecation period.
C/C++: sdkFolder is C:\Users\adelf\AppData\Local\Android\Sdk
C/C++: android.ndkVersion from module build.gradle is [26.1.10909125]
C/C++: android.ndkPath from module build.gradle is not set
C/C++: ndk.dir in local.properties is not set
C/C++: Not considering ANDROID_NDK_HOME because support was removed after deprecation period.
C/C++: sdkFolder is C:\Users\adelf\AppData\Local\Android\Sdk
C/C++: android.ndkVersion from module build.gradle is [26.1.10909125]
C/C++: android.ndkPath from module build.gradle is not set
C/C++: ndk.dir in local.properties is not set
C/C++: Not considering ANDROID_NDK_HOME because support was removed after deprecation period.
C/C++: sdkFolder is C:\Users\adelf\AppData\Local\Android\Sdk
C/C++: android.ndkVersion from module build.gradle is [26.1.10909125]
C/C++: android.ndkPath from module build.gradle is not set
C/C++: ndk.dir in local.properties is not set
C/C++: Not considering ANDROID_NDK_HOME because support was removed after deprecation period.
C/C++: sdkFolder is C:\Users\adelf\AppData\Local\Android\Sdk
C/C++: android.ndkVersion from module build.gradle is [26.1.10909125]
C/C++: android.ndkPath from module build.gradle is not set
C/C++: ndk.dir in local.properties is not set
C/C++: Not considering ANDROID_NDK_HOME because support was removed after deprecation period.
C/C++: sdkFolder is C:\Users\adelf\AppData\Local\Android\Sdk
C/C++: android.ndkVersion from module build.gradle is [26.1.10909125]
C/C++: android.ndkPath from module build.gradle is not set
C/C++: ndk.dir in local.properties is not set
C/C++: Not considering ANDROID_NDK_HOME because support was removed after deprecation period.
C/C++: sdkFolder is C:\Users\adelf\AppData\Local\Android\Sdk
C/C++: android.ndkVersion from module build.gradle is [26.1.10909125]
C/C++: android.ndkPath from module build.gradle is not set
C/C++: ndk.dir in local.properties is not set
C/C++: Not considering ANDROID_NDK_HOME because support was removed after deprecation period.
C/C++: sdkFolder is C:\Users\adelf\AppData\Local\Android\Sdk
C/C++: android.ndkVersion from module build.gradle is [26.1.10909125]
C/C++: android.ndkPath from module build.gradle is not set
C/C++: ndk.dir in local.properties is not set
C/C++: Not considering ANDROID_NDK_HOME because support was removed after deprecation period.
C/C++: sdkFolder is C:\Users\adelf\AppData\Local\Android\Sdk

> Configure project :react-native-image-crop-picker
Evaluating project ':react-native-image-crop-picker' using build file 'D:\App\fc\app\node_modules\react-native-image-crop-picker\android\build.gradle'.
Using default execution profile

> Configure project :react-native-keyboard-controller
Evaluating project ':react-native-keyboard-controller' using build file 'D:\App\fc\app\node_modules\react-native-keyboard-controller\android\build.gradle'.
Using default execution profile
Using Kotlin Gradle Plugin gradle85 variant
:react-native-keyboard-controller:reactNativeAndroidRoot D:\App\fc\app\node_modules\react-native\android

> Configure project :react-native-linear-gradient
Evaluating project ':react-native-linear-gradient' using build file 'D:\App\fc\app\node_modules\react-native-linear-gradient\android\build.gradle'.
Using default execution profile

> Configure project :react-native-maps
Evaluating project ':react-native-maps' using build file 'D:\App\fc\app\node_modules\react-native-maps\android\build.gradle'.
Using default execution profile

> Configure project :react-native-masked-view_masked-view
Evaluating project ':react-native-masked-view_masked-view' using build file 'D:\App\fc\app\node_modules\@react-native-masked-view\masked-view\android\build.gradle'.
Using default execution profile

> Configure project :react-native-mmkv
Evaluating project ':react-native-mmkv' using build file 'D:\App\fc\app\node_modules\react-native-mmkv\android\build.gradle'.
Using default execution profile
[react-native-mmkv] Thank you for using react-native-mmkv ??
[react-native-mmkv] If you enjoy using react-native-mmkv, please consider sponsoring this project: https://github.com/sponsors/mrousavy

> Configure project :react-native-reanimated
Evaluating project ':react-native-reanimated' using build file 'D:\App\fc\app\node_modules\react-native-reanimated\android\build.gradle'.
Using default execution profile
Android gradle plugin: 8.8.0
Gradle: 8.12
C/C++: android.ndkVersion from module build.gradle is [26.1.10909125]
C/C++: android.ndkPath from module build.gradle is not set
C/C++: ndk.dir in local.properties is not set
C/C++: Not considering ANDROID_NDK_HOME because support was removed after deprecation period.
C/C++: sdkFolder is C:\Users\adelf\AppData\Local\Android\Sdk
C/C++: android.ndkVersion from module build.gradle is [26.1.10909125]
C/C++: android.ndkPath from module build.gradle is not set
C/C++: ndk.dir in local.properties is not set
C/C++: Not considering ANDROID_NDK_HOME because support was removed after deprecation period.
C/C++: sdkFolder is C:\Users\adelf\AppData\Local\Android\Sdk
C/C++: android.ndkVersion from module build.gradle is [26.1.10909125]
C/C++: android.ndkPath from module build.gradle is not set
C/C++: ndk.dir in local.properties is not set
C/C++: Not considering ANDROID_NDK_HOME because support was removed after deprecation period.
C/C++: sdkFolder is C:\Users\adelf\AppData\Local\Android\Sdk
C/C++: android.ndkVersion from module build.gradle is [26.1.10909125]
C/C++: android.ndkPath from module build.gradle is not set
C/C++: ndk.dir in local.properties is not set
C/C++: Not considering ANDROID_NDK_HOME because support was removed after deprecation period.
C/C++: sdkFolder is C:\Users\adelf\AppData\Local\Android\Sdk
C/C++: android.ndkVersion from module build.gradle is [26.1.10909125]
C/C++: android.ndkPath from module build.gradle is not set
C/C++: ndk.dir in local.properties is not set
C/C++: Not considering ANDROID_NDK_HOME because support was removed after deprecation period.
C/C++: sdkFolder is C:\Users\adelf\AppData\Local\Android\Sdk
C/C++: android.ndkVersion from module build.gradle is [26.1.10909125]
C/C++: android.ndkPath from module build.gradle is not set
C/C++: ndk.dir in local.properties is not set
C/C++: Not considering ANDROID_NDK_HOME because support was removed after deprecation period.
C/C++: sdkFolder is C:\Users\adelf\AppData\Local\Android\Sdk
C/C++: android.ndkVersion from module build.gradle is [26.1.10909125]
C/C++: android.ndkPath from module build.gradle is not set
C/C++: ndk.dir in local.properties is not set
C/C++: Not considering ANDROID_NDK_HOME because support was removed after deprecation period.
C/C++: sdkFolder is C:\Users\adelf\AppData\Local\Android\Sdk
C/C++: android.ndkVersion from module build.gradle is [26.1.10909125]
C/C++: android.ndkPath from module build.gradle is not set
C/C++: ndk.dir in local.properties is not set
C/C++: Not considering ANDROID_NDK_HOME because support was removed after deprecation period.
C/C++: sdkFolder is C:\Users\adelf\AppData\Local\Android\Sdk
C/C++: android.ndkVersion from module build.gradle is [26.1.10909125]
C/C++: android.ndkPath from module build.gradle is not set
C/C++: ndk.dir in local.properties is not set
C/C++: Not considering ANDROID_NDK_HOME because support was removed after deprecation period.
C/C++: sdkFolder is C:\Users\adelf\AppData\Local\Android\Sdk
C/C++: android.ndkVersion from module build.gradle is [26.1.10909125]
C/C++: android.ndkPath from module build.gradle is not set
C/C++: ndk.dir in local.properties is not set
C/C++: Not considering ANDROID_NDK_HOME because support was removed after deprecation period.
C/C++: sdkFolder is C:\Users\adelf\AppData\Local\Android\Sdk
C/C++: android.ndkVersion from module build.gradle is [26.1.10909125]
C/C++: android.ndkPath from module build.gradle is not set
C/C++: ndk.dir in local.properties is not set
C/C++: Not considering ANDROID_NDK_HOME because support was removed after deprecation period.
C/C++: sdkFolder is C:\Users\adelf\AppData\Local\Android\Sdk

> Configure project :react-native-safe-area-context
Evaluating project ':react-native-safe-area-context' using build file 'D:\App\fc\app\node_modules\react-native-safe-area-context\android\build.gradle'.
Using default execution profile
Using Kotlin Gradle Plugin gradle85 variant

> Configure project :react-native-screens
Evaluating project ':react-native-screens' using build file 'D:\App\fc\app\node_modules\react-native-screens\android\build.gradle'.
Using default execution profile
Using Kotlin Gradle Plugin gradle85 variant
C/C++: android.ndkVersion from module build.gradle is [26.1.10909125]
C/C++: android.ndkPath from module build.gradle is not set
C/C++: ndk.dir in local.properties is not set
C/C++: Not considering ANDROID_NDK_HOME because support was removed after deprecation period.
C/C++: sdkFolder is C:\Users\adelf\AppData\Local\Android\Sdk
C/C++: android.ndkVersion from module build.gradle is [26.1.10909125]
C/C++: android.ndkPath from module build.gradle is not set
C/C++: ndk.dir in local.properties is not set
C/C++: Not considering ANDROID_NDK_HOME because support was removed after deprecation period.
C/C++: sdkFolder is C:\Users\adelf\AppData\Local\Android\Sdk
C/C++: android.ndkVersion from module build.gradle is [26.1.10909125]
C/C++: android.ndkPath from module build.gradle is not set
C/C++: ndk.dir in local.properties is not set
C/C++: Not considering ANDROID_NDK_HOME because support was removed after deprecation period.
C/C++: sdkFolder is C:\Users\adelf\AppData\Local\Android\Sdk
C/C++: android.ndkVersion from module build.gradle is [26.1.10909125]
C/C++: android.ndkPath from module build.gradle is not set
C/C++: ndk.dir in local.properties is not set
C/C++: Not considering ANDROID_NDK_HOME because support was removed after deprecation period.
C/C++: sdkFolder is C:\Users\adelf\AppData\Local\Android\Sdk
C/C++: android.ndkVersion from module build.gradle is [26.1.10909125]
C/C++: android.ndkPath from module build.gradle is not set
C/C++: ndk.dir in local.properties is not set
C/C++: Not considering ANDROID_NDK_HOME because support was removed after deprecation period.
C/C++: sdkFolder is C:\Users\adelf\AppData\Local\Android\Sdk
C/C++: android.ndkVersion from module build.gradle is [26.1.10909125]
C/C++: android.ndkPath from module build.gradle is not set
C/C++: ndk.dir in local.properties is not set
C/C++: Not considering ANDROID_NDK_HOME because support was removed after deprecation period.
C/C++: sdkFolder is C:\Users\adelf\AppData\Local\Android\Sdk
C/C++: android.ndkVersion from module build.gradle is [26.1.10909125]
C/C++: android.ndkPath from module build.gradle is not set
C/C++: ndk.dir in local.properties is not set
C/C++: Not considering ANDROID_NDK_HOME because support was removed after deprecation period.
C/C++: sdkFolder is C:\Users\adelf\AppData\Local\Android\Sdk
C/C++: android.ndkVersion from module build.gradle is [26.1.10909125]
C/C++: android.ndkPath from module build.gradle is not set
C/C++: ndk.dir in local.properties is not set
C/C++: Not considering ANDROID_NDK_HOME because support was removed after deprecation period.
C/C++: sdkFolder is C:\Users\adelf\AppData\Local\Android\Sdk
C/C++: android.ndkVersion from module build.gradle is [26.1.10909125]
C/C++: android.ndkPath from module build.gradle is not set
C/C++: ndk.dir in local.properties is not set
C/C++: Not considering ANDROID_NDK_HOME because support was removed after deprecation period.
C/C++: sdkFolder is C:\Users\adelf\AppData\Local\Android\Sdk
C/C++: android.ndkVersion from module build.gradle is [26.1.10909125]
C/C++: android.ndkPath from module build.gradle is not set
C/C++: ndk.dir in local.properties is not set
C/C++: Not considering ANDROID_NDK_HOME because support was removed after deprecation period.
C/C++: sdkFolder is C:\Users\adelf\AppData\Local\Android\Sdk
C/C++: android.ndkVersion from module build.gradle is [26.1.10909125]
C/C++: android.ndkPath from module build.gradle is not set
C/C++: ndk.dir in local.properties is not set
C/C++: Not considering ANDROID_NDK_HOME because support was removed after deprecation period.
C/C++: sdkFolder is C:\Users\adelf\AppData\Local\Android\Sdk

> Configure project :react-native-view-shot
Evaluating project ':react-native-view-shot' using build file 'D:\App\fc\app\node_modules\react-native-view-shot\android\build.gradle'.
Using default execution profile

> Configure project :sentry_react-native
Evaluating project ':sentry_react-native' using build file 'D:\App\fc\app\node_modules\@sentry\react-native\android\build.gradle'.
Using default execution profile
All projects evaluated.
Task name matched 'assembleStagingDebug'
Selected primary task 'assembleStagingDebug' from project :
Registered task dependencies: app:stagingDebugCompileClasspath
Skipping misunderstood TO dep string: project :notifee_react-native
Skipping misunderstood TO dep string: org.jetbrains.kotlin:kotlin-stdlib
Skipping misunderstood TO dep string: org.jetbrains.kotlin:kotlin-stdlib
Skipping misunderstood TO dep string: org.jetbrains.kotlin:kotlin-stdlib
Skipping misunderstood TO dep string: org.jetbrains.kotlin:kotlin-stdlib
Skipping misunderstood TO dep string: project :react-native-async-storage_async-storage
Skipping misunderstood TO dep string: project :react-native-community_blur
Skipping misunderstood TO dep string: project :react-native-community_slider
Skipping misunderstood TO dep string: project :react-native-firebase_app
Skipping misunderstood TO dep string: project :react-native-firebase_auth
Skipping misunderstood TO dep string: project :react-native-firebase_app
Skipping misunderstood TO dep string: project :react-native-firebase_messaging
Skipping misunderstood TO dep string: project :react-native-firebase_app
Skipping misunderstood TO dep string: project :react-native-masked-view_masked-view
Skipping misunderstood TO dep string: project :sentry_react-native
Skipping misunderstood TO dep string: project :react-native-blob-util
Skipping misunderstood TO dep string: project :react-native-device-info
Skipping misunderstood TO dep string: project :react-native-gesture-handler
Skipping misunderstood TO dep string: project :react-native-image-crop-picker
Skipping misunderstood TO dep string: project :react-native-keyboard-controller
Skipping misunderstood TO dep string: project :react-native-linear-gradient
Skipping misunderstood TO dep string: project :react-native-maps
Skipping misunderstood TO dep string: project :react-native-mmkv
Skipping misunderstood TO dep string: project :react-native-reanimated
Skipping misunderstood TO dep string: project :react-native-safe-area-context
Skipping misunderstood TO dep string: project :react-native-screens
Skipping misunderstood TO dep string: project :react-native-view-shot
Skipping misunderstood TO dep string: com.facebook.react:react-android
Skipping misunderstood TO dep string: com.facebook.react:hermes-android
Starting dependency analysis
Registered task dependencies: app:kotlinCompilerPluginClasspathStagingDebug
Starting dependency analysis
Registered task dependencies: app:kotlinCompilerClasspath
Starting dependency analysis
Tasks to be executed: [task ':app:generateAutolinkingNewArchitectureFiles', task ':app:generateAutolinkingPackageList', task ':app:generateCodegenSchemaFromJavaScript', task ':app:generateCodegenArtifactsFromSchema', task ':app:preBuild', task ':app:preStagingDebugBuild', task ':app:mergeStagingDebugNativeDebugMetadata', task ':app:checkKotlinGradlePluginConfigurationErrors', task ':app:generateStagingDebugBuildConfig', task ':notifee_react-native:preBuild', task ':notifee_react-native:preDebugBuild', task ':notifee_react-native:writeDebugAarMetadata', task ':react-native-async-storage_async-storage:generateCodegenSchemaFromJavaScript', task ':react-native-async-storage_async-storage:generateCodegenArtifactsFromSchema', task ':react-native-async-storage_async-storage:preBuild', task ':react-native-async-storage_async-storage:preDebugBuild', task ':react-native-async-storage_async-storage:writeDebugAarMetadata', task ':react-native-blob-util:generateCodegenSchemaFromJavaScript', task ':react-native-blob-util:generateCodegenArtifactsFromSchema', task ':react-native-blob-util:preBuild', task ':react-native-blob-util:preDebugBuild', task ':react-native-blob-util:writeDebugAarMetadata', task ':react-native-community_blur:generateCodegenSchemaFromJavaScript', task ':react-native-community_blur:generateCodegenArtifactsFromSchema', task ':react-native-community_blur:preBuild', task ':react-native-community_blur:preDebugBuild', task ':react-native-community_blur:writeDebugAarMetadata', task ':react-native-community_slider:generateCodegenSchemaFromJavaScript', task ':react-native-community_slider:generateCodegenArtifactsFromSchema', task ':react-native-community_slider:preBuild', task ':react-native-community_slider:preDebugBuild', task ':react-native-community_slider:writeDebugAarMetadata', task ':react-native-device-info:preBuild', task ':react-native-device-info:preDebugBuild', task ':react-native-device-info:writeDebugAarMetadata', task ':react-native-firebase_app:preBuild', task ':react-native-firebase_app:preDebugBuild', task ':react-native-firebase_app:writeDebugAarMetadata', task ':react-native-firebase_auth:preBuild', task ':react-native-firebase_auth:preDebugBuild', task ':react-native-firebase_auth:writeDebugAarMetadata', task ':react-native-firebase_messaging:preBuild', task ':react-native-firebase_messaging:preDebugBuild', task ':react-native-firebase_messaging:writeDebugAarMetadata', task ':react-native-gesture-handler:generateCodegenSchemaFromJavaScript', task ':react-native-gesture-handler:generateCodegenArtifactsFromSchema', task ':react-native-gesture-handler:preBuild', task ':react-native-gesture-handler:preDebugBuild', task ':react-native-gesture-handler:writeDebugAarMetadata', task ':react-native-image-crop-picker:generateCodegenSchemaFromJavaScript', task ':react-native-image-crop-picker:generateCodegenArtifactsFromSchema', task ':react-native-image-crop-picker:preBuild', task ':react-native-image-crop-picker:preDebugBuild', task ':react-native-image-crop-picker:writeDebugAarMetadata', task ':react-native-keyboard-controller:generateCodegenSchemaFromJavaScript', task ':react-native-keyboard-controller:generateCodegenArtifactsFromSchema', task ':react-native-keyboard-controller:preBuild', task ':react-native-keyboard-controller:preDebugBuild', task ':react-native-keyboard-controller:writeDebugAarMetadata', task ':react-native-linear-gradient:preBuild', task ':react-native-linear-gradient:preDebugBuild', task ':react-native-linear-gradient:writeDebugAarMetadata', task ':react-native-maps:preBuild', task ':react-native-maps:preDebugBuild', task ':react-native-maps:writeDebugAarMetadata', task ':react-native-masked-view_masked-view:preBuild', task ':react-native-masked-view_masked-view:preDebugBuild', task ':react-native-masked-view_masked-view:writeDebugAarMetadata', task ':react-native-mmkv:generateCodegenSchemaFromJavaScript', task ':react-native-mmkv:generateCodegenArtifactsFromSchema', task ':react-native-mmkv:preBuild', task ':react-native-mmkv:preDebugBuild', task ':react-native-mmkv:writeDebugAarMetadata', task ':react-native-reanimated:assertMinimalReactNativeVersionTask', task ':react-native-reanimated:generateCodegenSchemaFromJavaScript', task ':react-native-reanimated:generateCodegenArtifactsFromSchema', task ':react-native-reanimated:prepareReanimatedHeadersForPrefabs', task ':react-native-reanimated:prepareWorkletsHeadersForPrefabs', task ':react-native-reanimated:preBuild', task ':react-native-reanimated:preDebugBuild', task ':react-native-reanimated:writeDebugAarMetadata', task ':react-native-safe-area-context:generateCodegenSchemaFromJavaScript', task ':react-native-safe-area-context:generateCodegenArtifactsFromSchema', task ':react-native-safe-area-context:preBuild', task ':react-native-safe-area-context:preDebugBuild', task ':react-native-safe-area-context:writeDebugAarMetadata', task ':react-native-screens:generateCodegenSchemaFromJavaScript', task ':react-native-screens:generateCodegenArtifactsFromSchema', task ':react-native-screens:preBuild', task ':react-native-screens:preDebugBuild', task ':react-native-screens:writeDebugAarMetadata', task ':react-native-view-shot:generateCodegenSchemaFromJavaScript', task ':react-native-view-shot:generateCodegenArtifactsFromSchema', task ':react-native-view-shot:preBuild', task ':react-native-view-shot:preDebugBuild', task ':react-native-view-shot:writeDebugAarMetadata', task ':sentry_react-native:generateCodegenSchemaFromJavaScript', task ':sentry_react-native:generateCodegenArtifactsFromSchema', task ':sentry_react-native:preBuild', task ':sentry_react-native:preDebugBuild', task ':sentry_react-native:writeDebugAarMetadata', task ':app:checkStagingDebugAarMetadata', task ':app:createBundleStagingDebugJsAndAssets', task ':app:generateStagingDebugResValues', task ':app:processStagingDebugGoogleServices', task ':notifee_react-native:generateDebugResValues', task ':notifee_react-native:generateDebugResources', task ':notifee_react-native:packageDebugResources', task ':react-native-async-storage_async-storage:generateDebugResValues', task ':react-native-async-storage_async-storage:generateDebugResources', task ':react-native-async-storage_async-storage:packageDebugResources', task ':react-native-blob-util:generateDebugResValues', task ':react-native-blob-util:generateDebugResources', task ':react-native-blob-util:packageDebugResources', task ':react-native-community_blur:generateDebugResValues', task ':react-native-community_blur:generateDebugResources', task ':react-native-community_blur:packageDebugResources', task ':react-native-community_slider:generateDebugResValues', task ':react-native-community_slider:generateDebugResources', task ':react-native-community_slider:packageDebugResources', task ':react-native-device-info:generateDebugResValues', task ':react-native-device-info:generateDebugResources', task ':react-native-device-info:packageDebugResources', task ':react-native-firebase_app:generateDebugResValues', task ':react-native-firebase_app:generateDebugResources', task ':react-native-firebase_app:packageDebugResources', task ':react-native-firebase_auth:generateDebugResValues', task ':react-native-firebase_auth:generateDebugResources', task ':react-native-firebase_auth:packageDebugResources', task ':react-native-firebase_messaging:generateDebugResValues', task ':react-native-firebase_messaging:generateDebugResources', task ':react-native-firebase_messaging:packageDebugResources', task ':react-native-gesture-handler:generateDebugResValues', task ':react-native-gesture-handler:generateDebugResources', task ':react-native-gesture-handler:packageDebugResources', task ':react-native-image-crop-picker:generateDebugResValues', task ':react-native-image-crop-picker:generateDebugResources', task ':react-native-image-crop-picker:packageDebugResources', task ':react-native-keyboard-controller:generateDebugResValues', task ':react-native-keyboard-controller:generateDebugResources', task ':react-native-keyboard-controller:packageDebugResources', task ':react-native-linear-gradient:generateDebugResValues', task ':react-native-linear-gradient:generateDebugResources', task ':react-native-linear-gradient:packageDebugResources', task ':react-native-maps:generateDebugResValues', task ':react-native-maps:generateDebugResources', task ':react-native-maps:packageDebugResources', task ':react-native-masked-view_masked-view:generateDebugResValues', task ':react-native-masked-view_masked-view:generateDebugResources', task ':react-native-masked-view_masked-view:packageDebugResources', task ':react-native-mmkv:generateDebugResValues', task ':react-native-mmkv:generateDebugResources', task ':react-native-mmkv:packageDebugResources', task ':react-native-reanimated:generateDebugResValues', task ':react-native-reanimated:generateDebugResources', task ':react-native-reanimated:packageDebugResources', task ':react-native-safe-area-context:generateDebugResValues', task ':react-native-safe-area-context:generateDebugResources', task ':react-native-safe-area-context:packageDebugResources', task ':react-native-screens:generateDebugResValues', task ':react-native-screens:generateDebugResources', task ':react-native-screens:packageDebugResources', task ':react-native-view-shot:generateDebugResValues', task ':react-native-view-shot:generateDebugResources', task ':react-native-view-shot:packageDebugResources', task ':sentry_react-native:generateDebugResValues', task ':sentry_react-native:generateDebugResources', task ':sentry_react-native:packageDebugResources', task ':app:mapStagingDebugSourceSetPaths', task ':app:generateStagingDebugResources', task ':app:mergeStagingDebugResources', task ':app:packageStagingDebugResources', task ':app:parseStagingDebugLocalResources', task ':app:createStagingDebugCompatibleScreenManifests', task ':app:extractDeepLinksStagingDebug', task ':notifee_react-native:extractDeepLinksDebug', task ':notifee_react-native:processDebugManifest', task ':react-native-async-storage_async-storage:extractDeepLinksDebug', task ':react-native-async-storage_async-storage:processDebugManifest', task ':react-native-blob-util:extractDeepLinksDebug', task ':react-native-blob-util:processDebugManifest', task ':react-native-community_blur:extractDeepLinksDebug', task ':react-native-community_blur:processDebugManifest', task ':react-native-community_slider:extractDeepLinksDebug', task ':react-native-community_slider:processDebugManifest', task ':react-native-device-info:extractDeepLinksDebug', task ':react-native-device-info:processDebugManifest', task ':react-native-firebase_app:extractDeepLinksDebug', task ':react-native-firebase_app:processDebugManifest', task ':react-native-firebase_auth:extractDeepLinksDebug', task ':react-native-firebase_auth:processDebugManifest', task ':react-native-firebase_messaging:extractDeepLinksDebug', task ':react-native-firebase_messaging:processDebugManifest', task ':react-native-gesture-handler:extractDeepLinksDebug', task ':react-native-gesture-handler:processDebugManifest', task ':react-native-image-crop-picker:extractDeepLinksDebug', task ':react-native-image-crop-picker:processDebugManifest', task ':react-native-keyboard-controller:extractDeepLinksDebug', task ':react-native-keyboard-controller:processDebugManifest', task ':react-native-linear-gradient:extractDeepLinksDebug', task ':react-native-linear-gradient:processDebugManifest', task ':react-native-maps:extractDeepLinksDebug', task ':react-native-maps:processDebugManifest', task ':react-native-masked-view_masked-view:extractDeepLinksDebug', task ':react-native-masked-view_masked-view:processDebugManifest', task ':react-native-mmkv:extractDeepLinksDebug', task ':react-native-mmkv:processDebugManifest', task ':react-native-reanimated:extractDeepLinksDebug', task ':react-native-reanimated:processDebugManifest', task ':react-native-safe-area-context:extractDeepLinksDebug', task ':react-native-safe-area-context:processDebugManifest', task ':react-native-screens:extractDeepLinksDebug', task ':react-native-screens:processDebugManifest', task ':react-native-view-shot:extractDeepLinksDebug', task ':react-native-view-shot:processDebugManifest', task ':sentry_react-native:extractDeepLinksDebug', task ':sentry_react-native:processDebugManifest', task ':app:processStagingDebugMainManifest', task ':app:processStagingDebugManifest', task ':app:processStagingDebugManifestForPackage', task ':notifee_react-native:compileDebugLibraryResources', task ':notifee_react-native:parseDebugLocalResources', task ':notifee_react-native:generateDebugRFile', task ':react-native-async-storage_async-storage:compileDebugLibraryResources', task ':react-native-async-storage_async-storage:parseDebugLocalResources', task ':react-native-async-storage_async-storage:generateDebugRFile', task ':react-native-blob-util:compileDebugLibraryResources', task ':react-native-blob-util:parseDebugLocalResources', task ':react-native-blob-util:generateDebugRFile', task ':react-native-community_blur:compileDebugLibraryResources', task ':react-native-community_blur:parseDebugLocalResources', task ':react-native-community_blur:generateDebugRFile', task ':react-native-community_slider:compileDebugLibraryResources', task ':react-native-community_slider:parseDebugLocalResources', task ':react-native-community_slider:generateDebugRFile', task ':react-native-device-info:compileDebugLibraryResources', task ':react-native-device-info:parseDebugLocalResources', task ':react-native-device-info:generateDebugRFile', task ':react-native-firebase_app:compileDebugLibraryResources', task ':react-native-firebase_app:parseDebugLocalResources', task ':react-native-firebase_app:generateDebugRFile', task ':react-native-firebase_auth:compileDebugLibraryResources', task ':react-native-firebase_auth:parseDebugLocalResources', task ':react-native-firebase_auth:generateDebugRFile', task ':react-native-firebase_messaging:compileDebugLibraryResources', task ':react-native-firebase_messaging:parseDebugLocalResources', task ':react-native-firebase_messaging:generateDebugRFile', task ':react-native-gesture-handler:compileDebugLibraryResources', task ':react-native-gesture-handler:parseDebugLocalResources', task ':react-native-gesture-handler:generateDebugRFile', task ':react-native-image-crop-picker:compileDebugLibraryResources', task ':react-native-image-crop-picker:parseDebugLocalResources', task ':react-native-image-crop-picker:generateDebugRFile', task ':react-native-keyboard-controller:compileDebugLibraryResources', task ':react-native-keyboard-controller:parseDebugLocalResources', task ':react-native-keyboard-controller:generateDebugRFile', task ':react-native-linear-gradient:compileDebugLibraryResources', task ':react-native-linear-gradient:parseDebugLocalResources', task ':react-native-linear-gradient:generateDebugRFile', task ':react-native-maps:compileDebugLibraryResources', task ':react-native-maps:parseDebugLocalResources', task ':react-native-maps:generateDebugRFile', task ':react-native-masked-view_masked-view:compileDebugLibraryResources', task ':react-native-masked-view_masked-view:parseDebugLocalResources', task ':react-native-masked-view_masked-view:generateDebugRFile', task ':react-native-mmkv:compileDebugLibraryResources', task ':react-native-mmkv:parseDebugLocalResources', task ':react-native-mmkv:generateDebugRFile', task ':react-native-reanimated:compileDebugLibraryResources', task ':react-native-reanimated:parseDebugLocalResources', task ':react-native-reanimated:generateDebugRFile', task ':react-native-safe-area-context:compileDebugLibraryResources', task ':react-native-safe-area-context:parseDebugLocalResources', task ':react-native-safe-area-context:generateDebugRFile', task ':react-native-screens:compileDebugLibraryResources', task ':react-native-screens:parseDebugLocalResources', task ':react-native-screens:generateDebugRFile', task ':react-native-view-shot:compileDebugLibraryResources', task ':react-native-view-shot:parseDebugLocalResources', task ':react-native-view-shot:generateDebugRFile', task ':sentry_react-native:compileDebugLibraryResources', task ':sentry_react-native:parseDebugLocalResources', task ':sentry_react-native:generateDebugRFile', task ':app:processStagingDebugResources', task ':notifee_react-native:generateDebugBuildConfig', task ':notifee_react-native:javaPreCompileDebug', task ':notifee_react-native:compileDebugJavaWithJavac', task ':notifee_react-native:bundleLibCompileToJarDebug', task ':react-native-async-storage_async-storage:generateDebugBuildConfig', task ':react-native-async-storage_async-storage:javaPreCompileDebug', task ':react-native-async-storage_async-storage:compileDebugJavaWithJavac', task ':react-native-async-storage_async-storage:bundleLibCompileToJarDebug', task ':react-native-blob-util:generateDebugBuildConfig', task ':react-native-blob-util:javaPreCompileDebug', task ':react-native-blob-util:compileDebugJavaWithJavac', task ':react-native-blob-util:bundleLibCompileToJarDebug', task ':react-native-community_blur:generateDebugBuildConfig', task ':react-native-community_blur:javaPreCompileDebug', task ':react-native-community_blur:compileDebugJavaWithJavac', task ':react-native-community_blur:bundleLibCompileToJarDebug', task ':react-native-community_slider:generateDebugBuildConfig', task ':react-native-community_slider:javaPreCompileDebug', task ':react-native-community_slider:compileDebugJavaWithJavac', task ':react-native-community_slider:bundleLibCompileToJarDebug', task ':react-native-device-info:generateDebugBuildConfig', task ':react-native-device-info:javaPreCompileDebug', task ':react-native-device-info:compileDebugJavaWithJavac', task ':react-native-device-info:bundleLibCompileToJarDebug', task ':react-native-firebase_app:generateDebugBuildConfig', task ':react-native-firebase_app:javaPreCompileDebug', task ':react-native-firebase_app:compileDebugJavaWithJavac', task ':react-native-firebase_app:bundleLibCompileToJarDebug', task ':react-native-firebase_auth:generateDebugBuildConfig', task ':react-native-firebase_auth:javaPreCompileDebug', task ':react-native-firebase_auth:compileDebugJavaWithJavac', task ':react-native-firebase_auth:bundleLibCompileToJarDebug', task ':react-native-firebase_messaging:generateDebugBuildConfig', task ':react-native-firebase_messaging:javaPreCompileDebug', task ':react-native-firebase_messaging:compileDebugJavaWithJavac', task ':react-native-firebase_messaging:bundleLibCompileToJarDebug', task ':react-native-gesture-handler:checkKotlinGradlePluginConfigurationErrors', task ':react-native-gesture-handler:generateDebugBuildConfig', task ':react-native-reanimated:generateDebugBuildConfig', task ':react-native-reanimated:javaPreCompileDebug', task ':react-native-reanimated:packageNdkLibs', task ':react-native-reanimated:compileDebugJavaWithJavac', task ':react-native-reanimated:bundleLibCompileToJarDebug', task ':react-native-gesture-handler:compileDebugKotlin', task ':react-native-gesture-handler:javaPreCompileDebug', task ':react-native-gesture-handler:compileDebugJavaWithJavac', task ':react-native-gesture-handler:bundleLibCompileToJarDebug', task ':react-native-image-crop-picker:generateDebugBuildConfig', task ':react-native-image-crop-picker:javaPreCompileDebug', task ':react-native-image-crop-picker:compileDebugJavaWithJavac', task ':react-native-image-crop-picker:bundleLibCompileToJarDebug', task ':react-native-keyboard-controller:checkKotlinGradlePluginConfigurationErrors', task ':react-native-keyboard-controller:generateDebugBuildConfig', task ':react-native-keyboard-controller:compileDebugKotlin', task ':react-native-keyboard-controller:javaPreCompileDebug', task ':react-native-keyboard-controller:compileDebugJavaWithJavac', task ':react-native-keyboard-controller:bundleLibCompileToJarDebug', task ':react-native-linear-gradient:generateDebugBuildConfig', task ':react-native-linear-gradient:javaPreCompileDebug', task ':react-native-linear-gradient:compileDebugJavaWithJavac', task ':react-native-linear-gradient:bundleLibCompileToJarDebug', task ':react-native-maps:generateDebugBuildConfig', task ':react-native-maps:javaPreCompileDebug', task ':react-native-maps:compileDebugJavaWithJavac', task ':react-native-maps:bundleLibCompileToJarDebug', task ':react-native-masked-view_masked-view:generateDebugBuildConfig', task ':react-native-masked-view_masked-view:javaPreCompileDebug', task ':react-native-masked-view_masked-view:compileDebugJavaWithJavac', task ':react-native-masked-view_masked-view:bundleLibCompileToJarDebug', task ':react-native-mmkv:generateDebugBuildConfig', task ':react-native-mmkv:javaPreCompileDebug', task ':react-native-mmkv:compileDebugJavaWithJavac', task ':react-native-mmkv:bundleLibCompileToJarDebug', task ':react-native-safe-area-context:checkKotlinGradlePluginConfigurationErrors', task ':react-native-safe-area-context:generateDebugBuildConfig', task ':react-native-safe-area-context:compileDebugKotlin', task ':react-native-safe-area-context:javaPreCompileDebug', task ':react-native-safe-area-context:compileDebugJavaWithJavac', task ':react-native-safe-area-context:bundleLibCompileToJarDebug', task ':react-native-screens:checkKotlinGradlePluginConfigurationErrors', task ':react-native-screens:generateDebugBuildConfig', task ':react-native-screens:compileDebugKotlin', task ':react-native-screens:javaPreCompileDebug', task ':react-native-screens:compileDebugJavaWithJavac', task ':react-native-screens:bundleLibCompileToJarDebug', task ':react-native-view-shot:generateDebugBuildConfig', task ':react-native-view-shot:javaPreCompileDebug', task ':react-native-view-shot:compileDebugJavaWithJavac', task ':react-native-view-shot:bundleLibCompileToJarDebug', task ':sentry_react-native:generateDebugBuildConfig', task ':sentry_react-native:javaPreCompileDebug', task ':sentry_react-native:compileDebugJavaWithJavac', task ':sentry_react-native:bundleLibCompileToJarDebug', task ':app:compileStagingDebugKotlin', task ':app:javaPreCompileStagingDebug', task ':app:compileStagingDebugJavaWithJavac', task ':app:mergeStagingDebugShaders', task ':app:compileStagingDebugShaders', task ':app:generateStagingDebugAssets', task ':notifee_react-native:mergeDebugShaders', task ':notifee_react-native:compileDebugShaders', task ':notifee_react-native:generateDebugAssets', task ':notifee_react-native:packageDebugAssets', task ':react-native-async-storage_async-storage:mergeDebugShaders', task ':react-native-async-storage_async-storage:compileDebugShaders', task ':react-native-async-storage_async-storage:generateDebugAssets', task ':react-native-async-storage_async-storage:packageDebugAssets', task ':react-native-blob-util:mergeDebugShaders', task ':react-native-blob-util:compileDebugShaders', task ':react-native-blob-util:generateDebugAssets', task ':react-native-blob-util:packageDebugAssets', task ':react-native-community_blur:mergeDebugShaders', task ':react-native-community_blur:compileDebugShaders', task ':react-native-community_blur:generateDebugAssets', task ':react-native-community_blur:packageDebugAssets', task ':react-native-community_slider:mergeDebugShaders', task ':react-native-community_slider:compileDebugShaders', task ':react-native-community_slider:generateDebugAssets', task ':react-native-community_slider:packageDebugAssets', task ':react-native-device-info:mergeDebugShaders', task ':react-native-device-info:compileDebugShaders', task ':react-native-device-info:generateDebugAssets', task ':react-native-device-info:packageDebugAssets', task ':react-native-firebase_app:mergeDebugShaders', task ':react-native-firebase_app:compileDebugShaders', task ':react-native-firebase_app:generateDebugAssets', task ':react-native-firebase_app:packageDebugAssets', task ':react-native-firebase_auth:mergeDebugShaders', task ':react-native-firebase_auth:compileDebugShaders', task ':react-native-firebase_auth:generateDebugAssets', task ':react-native-firebase_auth:packageDebugAssets', task ':react-native-firebase_messaging:mergeDebugShaders', task ':react-native-firebase_messaging:compileDebugShaders', task ':react-native-firebase_messaging:generateDebugAssets', task ':react-native-firebase_messaging:packageDebugAssets', task ':react-native-gesture-handler:mergeDebugShaders', task ':react-native-gesture-handler:compileDebugShaders', task ':react-native-gesture-handler:generateDebugAssets', task ':react-native-gesture-handler:packageDebugAssets', task ':react-native-image-crop-picker:mergeDebugShaders', task ':react-native-image-crop-picker:compileDebugShaders', task ':react-native-image-crop-picker:generateDebugAssets', task ':react-native-image-crop-picker:packageDebugAssets', task ':react-native-keyboard-controller:mergeDebugShaders', task ':react-native-keyboard-controller:compileDebugShaders', task ':react-native-keyboard-controller:generateDebugAssets', task ':react-native-keyboard-controller:packageDebugAssets', task ':react-native-linear-gradient:mergeDebugShaders', task ':react-native-linear-gradient:compileDebugShaders', task ':react-native-linear-gradient:generateDebugAssets', task ':react-native-linear-gradient:packageDebugAssets', task ':react-native-maps:mergeDebugShaders', task ':react-native-maps:compileDebugShaders', task ':react-native-maps:generateDebugAssets', task ':react-native-maps:packageDebugAssets', task ':react-native-masked-view_masked-view:mergeDebugShaders', task ':react-native-masked-view_masked-view:compileDebugShaders', task ':react-native-masked-view_masked-view:generateDebugAssets', task ':react-native-masked-view_masked-view:packageDebugAssets', task ':react-native-mmkv:mergeDebugShaders', task ':react-native-mmkv:compileDebugShaders', task ':react-native-mmkv:generateDebugAssets', task ':react-native-mmkv:packageDebugAssets', task ':react-native-reanimated:mergeDebugShaders', task ':react-native-reanimated:compileDebugShaders', task ':react-native-reanimated:generateDebugAssets', task ':react-native-reanimated:packageDebugAssets', task ':react-native-safe-area-context:mergeDebugShaders', task ':react-native-safe-area-context:compileDebugShaders', task ':react-native-safe-area-context:generateDebugAssets', task ':react-native-safe-area-context:packageDebugAssets', task ':react-native-screens:mergeDebugShaders', task ':react-native-screens:compileDebugShaders', task ':react-native-screens:generateDebugAssets', task ':react-native-screens:packageDebugAssets', task ':react-native-view-shot:mergeDebugShaders', task ':react-native-view-shot:compileDebugShaders', task ':react-native-view-shot:generateDebugAssets', task ':react-native-view-shot:packageDebugAssets', task ':sentry_react-native:mergeDebugShaders', task ':sentry_react-native:compileDebugShaders', task ':sentry_react-native:generateDebugAssets', task ':sentry_react-native:packageDebugAssets', task ':app:mergeStagingDebugAssets', task ':app:compressStagingDebugAssets', task ':app:checkStagingDebugDuplicateClasses', task ':app:desugarStagingDebugFileDependencies', task ':app:mergeExtDexStagingDebug', task ':react-native-gesture-handler:bundleLibRuntimeToDirDebug', task ':react-native-keyboard-controller:bundleLibRuntimeToDirDebug', task ':react-native-safe-area-context:bundleLibRuntimeToDirDebug', task ':react-native-screens:bundleLibRuntimeToDirDebug', task ':notifee_react-native:bundleLibRuntimeToDirDebug', task ':react-native-async-storage_async-storage:bundleLibRuntimeToDirDebug', task ':react-native-community_blur:bundleLibRuntimeToDirDebug', task ':react-native-community_slider:bundleLibRuntimeToDirDebug', task ':react-native-firebase_auth:bundleLibRuntimeToDirDebug', task ':react-native-firebase_messaging:bundleLibRuntimeToDirDebug', task ':react-native-firebase_app:bundleLibRuntimeToDirDebug', task ':react-native-masked-view_masked-view:bundleLibRuntimeToDirDebug', task ':sentry_react-native:bundleLibRuntimeToDirDebug', task ':react-native-blob-util:bundleLibRuntimeToDirDebug', task ':react-native-device-info:bundleLibRuntimeToDirDebug', task ':react-native-image-crop-picker:bundleLibRuntimeToDirDebug', task ':react-native-linear-gradient:bundleLibRuntimeToDirDebug', task ':react-native-maps:bundleLibRuntimeToDirDebug', task ':react-native-mmkv:bundleLibRuntimeToDirDebug', task ':react-native-reanimated:bundleLibRuntimeToDirDebug', task ':react-native-view-shot:bundleLibRuntimeToDirDebug', task ':app:mergeLibDexStagingDebug', task ':app:dexBuilderStagingDebug', task ':app:mergeProjectDexStagingDebug', task ':react-native-gesture-handler:bundleLibRuntimeToJarDebug', task ':react-native-keyboard-controller:bundleLibRuntimeToJarDebug', task ':react-native-safe-area-context:bundleLibRuntimeToJarDebug', task ':react-native-screens:bundleLibRuntimeToJarDebug', task ':notifee_react-native:bundleLibRuntimeToJarDebug', task ':react-native-async-storage_async-storage:bundleLibRuntimeToJarDebug', task ':react-native-community_blur:bundleLibRuntimeToJarDebug', task ':react-native-community_slider:bundleLibRuntimeToJarDebug', task ':react-native-firebase_auth:bundleLibRuntimeToJarDebug', task ':react-native-firebase_messaging:bundleLibRuntimeToJarDebug', task ':react-native-firebase_app:bundleLibRuntimeToJarDebug', task ':react-native-masked-view_masked-view:bundleLibRuntimeToJarDebug', task ':sentry_react-native:bundleLibRuntimeToJarDebug', task ':react-native-blob-util:bundleLibRuntimeToJarDebug', task ':react-native-device-info:bundleLibRuntimeToJarDebug', task ':react-native-image-crop-picker:bundleLibRuntimeToJarDebug', task ':react-native-linear-gradient:bundleLibRuntimeToJarDebug', task ':react-native-maps:bundleLibRuntimeToJarDebug', task ':react-native-mmkv:bundleLibRuntimeToJarDebug', task ':react-native-reanimated:bundleLibRuntimeToJarDebug', task ':react-native-view-shot:bundleLibRuntimeToJarDebug', task ':app:mergeStagingDebugGlobalSynthetics', task ':app:processStagingDebugJavaRes', task ':notifee_react-native:processDebugJavaRes', task ':react-native-async-storage_async-storage:processDebugJavaRes', task ':react-native-blob-util:processDebugJavaRes', task ':react-native-community_blur:processDebugJavaRes', task ':react-native-community_slider:processDebugJavaRes', task ':react-native-device-info:processDebugJavaRes', task ':react-native-firebase_app:processDebugJavaRes', task ':react-native-firebase_auth:processDebugJavaRes', task ':react-native-firebase_messaging:processDebugJavaRes', task ':react-native-gesture-handler:processDebugJavaRes', task ':react-native-image-crop-picker:processDebugJavaRes', task ':react-native-keyboard-controller:processDebugJavaRes', task ':react-native-linear-gradient:processDebugJavaRes', task ':react-native-maps:processDebugJavaRes', task ':react-native-masked-view_masked-view:processDebugJavaRes', task ':react-native-mmkv:processDebugJavaRes', task ':react-native-reanimated:processDebugJavaRes', task ':react-native-safe-area-context:processDebugJavaRes', task ':react-native-screens:processDebugJavaRes', task ':react-native-view-shot:processDebugJavaRes', task ':sentry_react-native:processDebugJavaRes', task ':app:mergeStagingDebugJavaResource', task ':react-native-reanimated:configureCMakeDebug[arm64-v8a]', task ':react-native-reanimated:configureCMakeDebug[armeabi-v7a]', task ':react-native-reanimated:configureCMakeDebug[x86]', task ':react-native-reanimated:configureCMakeDebug[x86_64]', task ':react-native-reanimated:generateJsonModelDebug', task ':react-native-reanimated:prefabDebugConfigurePackage', task ':app:configureCMakeDebug[arm64-v8a]', task ':react-native-reanimated:buildCMakeDebug[arm64-v8a][reanimated,worklets]', task ':react-native-reanimated:buildCMakeDebug[armeabi-v7a][reanimated,worklets]', task ':react-native-reanimated:buildCMakeDebug[x86][reanimated,worklets]', task ':react-native-reanimated:buildCMakeDebug[x86_64][reanimated,worklets]', task ':react-native-reanimated:externalNativeBuildDebug', task ':react-native-reanimated:prefabDebugPackage', task ':app:buildCMakeDebug[arm64-v8a]', task ':app:configureCMakeDebug[armeabi-v7a]', task ':app:buildCMakeDebug[armeabi-v7a]', task ':app:configureCMakeDebug[x86]', task ':app:buildCMakeDebug[x86]', task ':app:configureCMakeDebug[x86_64]', task ':app:buildCMakeDebug[x86_64]', task ':app:mergeStagingDebugJniLibFolders', task ':notifee_react-native:mergeDebugJniLibFolders', task ':notifee_react-native:mergeDebugNativeLibs', task ':notifee_react-native:copyDebugJniLibsProjectOnly', task ':react-native-async-storage_async-storage:mergeDebugJniLibFolders', task ':react-native-async-storage_async-storage:mergeDebugNativeLibs', task ':react-native-async-storage_async-storage:copyDebugJniLibsProjectOnly', task ':react-native-blob-util:mergeDebugJniLibFolders', task ':react-native-blob-util:mergeDebugNativeLibs', task ':react-native-blob-util:copyDebugJniLibsProjectOnly', task ':react-native-community_blur:mergeDebugJniLibFolders', task ':react-native-community_blur:mergeDebugNativeLibs', task ':react-native-community_blur:copyDebugJniLibsProjectOnly', task ':react-native-community_slider:mergeDebugJniLibFolders', task ':react-native-community_slider:mergeDebugNativeLibs', task ':react-native-community_slider:copyDebugJniLibsProjectOnly', task ':react-native-device-info:mergeDebugJniLibFolders', task ':react-native-device-info:mergeDebugNativeLibs', task ':react-native-device-info:copyDebugJniLibsProjectOnly', task ':react-native-firebase_app:mergeDebugJniLibFolders', task ':react-native-firebase_app:mergeDebugNativeLibs', task ':react-native-firebase_app:copyDebugJniLibsProjectOnly', task ':react-native-firebase_auth:mergeDebugJniLibFolders', task ':react-native-firebase_auth:mergeDebugNativeLibs', task ':react-native-firebase_auth:copyDebugJniLibsProjectOnly', task ':react-native-firebase_messaging:mergeDebugJniLibFolders', task ':react-native-firebase_messaging:mergeDebugNativeLibs', task ':react-native-firebase_messaging:copyDebugJniLibsProjectOnly', task ':react-native-gesture-handler:configureCMakeDebug[arm64-v8a]', task ':react-native-gesture-handler:buildCMakeDebug[arm64-v8a]', task ':react-native-gesture-handler:configureCMakeDebug[armeabi-v7a]', task ':react-native-gesture-handler:buildCMakeDebug[armeabi-v7a]', task ':react-native-gesture-handler:configureCMakeDebug[x86]', task ':react-native-gesture-handler:buildCMakeDebug[x86]', task ':react-native-gesture-handler:configureCMakeDebug[x86_64]', task ':react-native-gesture-handler:buildCMakeDebug[x86_64]', task ':react-native-gesture-handler:mergeDebugJniLibFolders', task ':react-native-gesture-handler:mergeDebugNativeLibs', task ':react-native-gesture-handler:copyDebugJniLibsProjectOnly', task ':react-native-image-crop-picker:mergeDebugJniLibFolders', task ':react-native-image-crop-picker:mergeDebugNativeLibs', task ':react-native-image-crop-picker:copyDebugJniLibsProjectOnly', task ':react-native-keyboard-controller:mergeDebugJniLibFolders', task ':react-native-keyboard-controller:mergeDebugNativeLibs', task ':react-native-keyboard-controller:copyDebugJniLibsProjectOnly', task ':react-native-linear-gradient:mergeDebugJniLibFolders', task ':react-native-linear-gradient:mergeDebugNativeLibs', task ':react-native-linear-gradient:copyDebugJniLibsProjectOnly', task ':react-native-maps:mergeDebugJniLibFolders', task ':react-native-maps:mergeDebugNativeLibs', task ':react-native-maps:copyDebugJniLibsProjectOnly', task ':react-native-masked-view_masked-view:mergeDebugJniLibFolders', task ':react-native-masked-view_masked-view:mergeDebugNativeLibs', task ':react-native-masked-view_masked-view:copyDebugJniLibsProjectOnly', task ':react-native-mmkv:mergeDebugJniLibFolders', task ':react-native-mmkv:mergeDebugNativeLibs', task ':react-native-mmkv:copyDebugJniLibsProjectOnly', task ':react-native-reanimated:mergeDebugJniLibFolders', task ':react-native-reanimated:mergeDebugNativeLibs', task ':react-native-reanimated:copyDebugJniLibsProjectOnly', task ':react-native-safe-area-context:mergeDebugJniLibFolders', task ':react-native-safe-area-context:mergeDebugNativeLibs', task ':react-native-safe-area-context:copyDebugJniLibsProjectOnly', task ':react-native-screens:configureCMakeDebug[arm64-v8a]', task ':react-native-screens:buildCMakeDebug[arm64-v8a]', task ':react-native-screens:configureCMakeDebug[armeabi-v7a]', task ':react-native-screens:buildCMakeDebug[armeabi-v7a]', task ':react-native-screens:configureCMakeDebug[x86]', task ':react-native-screens:buildCMakeDebug[x86]', task ':react-native-screens:configureCMakeDebug[x86_64]', task ':react-native-screens:buildCMakeDebug[x86_64]', task ':react-native-screens:mergeDebugJniLibFolders', task ':react-native-screens:mergeDebugNativeLibs', task ':react-native-screens:copyDebugJniLibsProjectOnly', task ':react-native-view-shot:mergeDebugJniLibFolders', task ':react-native-view-shot:mergeDebugNativeLibs', task ':react-native-view-shot:copyDebugJniLibsProjectOnly', task ':sentry_react-native:mergeDebugJniLibFolders', task ':sentry_react-native:mergeDebugNativeLibs', task ':sentry_react-native:copyDebugJniLibsProjectOnly', task ':app:mergeStagingDebugNativeLibs', task ':app:stripStagingDebugDebugSymbols', task ':app:validateSigningStagingDebug', task ':app:writeStagingDebugAppMetadata', task ':app:writeStagingDebugSigningConfigVersions', task ':app:packageStagingDebug', task ':app:createStagingDebugApkListingFileRedirect', task ':app:assembleStagingDebug']
Tasks that were excluded: []
work action Parameters of ClassesDirToClassesTransform (Thread[Execution worker Thread 3,5,main]) started.
work action Parameters of DexingNoClasspathTransform (Thread[Execution worker Thread 3,5,main]) started.
work action Parameters of DexingOutputSplitTransform (Thread[Execution worker Thread 3,5,main]) started.
work action Parameters of IdentityTransform (Thread[Execution worker Thread 3,5,main]) started.
work action Parameters of DexingOutputSplitTransform (Thread[Execution worker Thread 6,5,main]) started.
Resolve mutations for :app:generateAutolinkingNewArchitectureFiles (Thread[Execution worker Thread 6,5,main]) started.
:app:generateAutolinkingNewArchitectureFiles (Thread[Execution worker Thread 6,5,main]) started.

> Task :app:generateAutolinkingNewArchitectureFiles UP-TO-DATE
Caching disabled for task ':app:generateAutolinkingNewArchitectureFiles' because:
  Build cache is disabled
  Caching has not been enabled for the task
Skipping task ':app:generateAutolinkingNewArchitectureFiles' as it is up-to-date.
Resolve mutations for :app:generateAutolinkingPackageList (Thread[Execution worker Thread 6,5,main]) started.
:app:generateAutolinkingPackageList (Thread[Execution worker Thread 6,5,main]) started.

> Task :app:generateAutolinkingPackageList UP-TO-DATE
Caching disabled for task ':app:generateAutolinkingPackageList' because:
  Build cache is disabled
  Caching has not been enabled for the task
Skipping task ':app:generateAutolinkingPackageList' as it is up-to-date.
Resolve mutations for :app:generateCodegenSchemaFromJavaScript (Thread[Execution worker Thread 6,5,main]) started.
:app:generateCodegenSchemaFromJavaScript (Thread[Execution worker Thread 6,5,main]) started.

> Task :app:generateCodegenSchemaFromJavaScript SKIPPED
Skipping task ':app:generateCodegenSchemaFromJavaScript' as task onlyIf 'Task satisfies onlyIf spec' is false.
Resolve mutations for :app:generateCodegenArtifactsFromSchema (Thread[Execution worker,5,main]) started.
:app:generateCodegenArtifactsFromSchema (Thread[Execution worker,5,main]) started.

> Task :app:generateCodegenArtifactsFromSchema SKIPPED
Skipping task ':app:generateCodegenArtifactsFromSchema' as task onlyIf 'Task satisfies onlyIf spec' is false.
Resolve mutations for :app:preBuild (Thread[Execution worker,5,main]) started.
:app:preBuild (Thread[Execution worker Thread 4,5,main]) started.

> Task :app:preBuild UP-TO-DATE
Skipping task ':app:preBuild' as it has no actions.
Resolve mutations for :app:preStagingDebugBuild (Thread[Execution worker Thread 4,5,main]) started.
:app:preStagingDebugBuild (Thread[Execution worker Thread 14,5,main]) started.

> Task :app:preStagingDebugBuild UP-TO-DATE
Skipping task ':app:preStagingDebugBuild' as it has no actions.
Resolve mutations for :app:mergeStagingDebugNativeDebugMetadata (Thread[Execution worker Thread 14,5,main]) started.
:app:mergeStagingDebugNativeDebugMetadata (Thread[Execution worker Thread 14,5,main]) started.

> Task :app:mergeStagingDebugNativeDebugMetadata NO-SOURCE
Skipping task ':app:mergeStagingDebugNativeDebugMetadata' as it has no source files and no previous output files.
Resolve mutations for :app:checkKotlinGradlePluginConfigurationErrors (Thread[Execution worker Thread 14,5,main]) started.
:app:checkKotlinGradlePluginConfigurationErrors (Thread[Execution worker Thread 10,5,main]) started.

> Task :app:checkKotlinGradlePluginConfigurationErrors SKIPPED
Skipping task ':app:checkKotlinGradlePluginConfigurationErrors' as task onlyIf 'errorDiagnostics are present' is false.
Resolve mutations for :app:generateStagingDebugBuildConfig (Thread[Execution worker Thread 10,5,main]) started.
:app:generateStagingDebugBuildConfig (Thread[Execution worker Thread 10,5,main]) started.

> Task :app:generateStagingDebugBuildConfig UP-TO-DATE
Caching disabled for task ':app:generateStagingDebugBuildConfig' because:
  Build cache is disabled
Skipping task ':app:generateStagingDebugBuildConfig' as it is up-to-date.
Resolve mutations for :notifee_react-native:preBuild (Thread[Execution worker Thread 10,5,main]) started.
:notifee_react-native:preBuild (Thread[Execution worker Thread 14,5,main]) started.

> Task :notifee_react-native:preBuild UP-TO-DATE
Skipping task ':notifee_react-native:preBuild' as it has no actions.
Resolve mutations for :notifee_react-native:preDebugBuild (Thread[Execution worker Thread 14,5,main]) started.
:notifee_react-native:preDebugBuild (Thread[Execution worker Thread 14,5,main]) started.

> Task :notifee_react-native:preDebugBuild UP-TO-DATE
Skipping task ':notifee_react-native:preDebugBuild' as it has no actions.
Resolve mutations for :notifee_react-native:writeDebugAarMetadata (Thread[Execution worker Thread 3,5,main]) started.
:notifee_react-native:writeDebugAarMetadata (Thread[Execution worker Thread 4,5,main]) started.

> Task :notifee_react-native:writeDebugAarMetadata UP-TO-DATE
Caching disabled for task ':notifee_react-native:writeDebugAarMetadata' because:
  Build cache is disabled
  Caching has been disabled for the task
Skipping task ':notifee_react-native:writeDebugAarMetadata' as it is up-to-date.
work action resolve aar-metadata.properties (project :notifee_react-native) (Thread[Execution worker Thread 4,5,main]) started.
Resolve mutations for :react-native-async-storage_async-storage:generateCodegenSchemaFromJavaScript (Thread[Execution worker Thread 4,5,main]) started.
:react-native-async-storage_async-storage:generateCodegenSchemaFromJavaScript (Thread[Execution worker Thread 4,5,main]) started.

> Task :react-native-async-storage_async-storage:generateCodegenSchemaFromJavaScript UP-TO-DATE
Caching disabled for task ':react-native-async-storage_async-storage:generateCodegenSchemaFromJavaScript' because:
  Build cache is disabled
  Caching has not been enabled for the task
Skipping task ':react-native-async-storage_async-storage:generateCodegenSchemaFromJavaScript' as it is up-to-date.
Resolve mutations for :react-native-async-storage_async-storage:generateCodegenArtifactsFromSchema (Thread[Execution worker Thread 4,5,main]) started.
:react-native-async-storage_async-storage:generateCodegenArtifactsFromSchema (Thread[Execution worker Thread 4,5,main]) started.

> Task :react-native-async-storage_async-storage:generateCodegenArtifactsFromSchema UP-TO-DATE
Caching disabled for task ':react-native-async-storage_async-storage:generateCodegenArtifactsFromSchema' because:
  Build cache is disabled
  Caching has not been enabled for the task
Skipping task ':react-native-async-storage_async-storage:generateCodegenArtifactsFromSchema' as it is up-to-date.
Resolve mutations for :react-native-async-storage_async-storage:preBuild (Thread[Execution worker Thread 4,5,main]) started.
:react-native-async-storage_async-storage:preBuild (Thread[Execution worker Thread 4,5,main]) started.

> Task :react-native-async-storage_async-storage:preBuild UP-TO-DATE
Skipping task ':react-native-async-storage_async-storage:preBuild' as it has no actions.
Resolve mutations for :react-native-async-storage_async-storage:preDebugBuild (Thread[Execution worker Thread 4,5,main]) started.
:react-native-async-storage_async-storage:preDebugBuild (Thread[Execution worker Thread 4,5,main]) started.

> Task :react-native-async-storage_async-storage:preDebugBuild UP-TO-DATE
Skipping task ':react-native-async-storage_async-storage:preDebugBuild' as it has no actions.
Resolve mutations for :react-native-async-storage_async-storage:writeDebugAarMetadata (Thread[Execution worker Thread 4,5,main]) started.
:react-native-async-storage_async-storage:writeDebugAarMetadata (Thread[Execution worker Thread 12,5,main]) started.

> Task :react-native-async-storage_async-storage:writeDebugAarMetadata UP-TO-DATE
Caching disabled for task ':react-native-async-storage_async-storage:writeDebugAarMetadata' because:
  Build cache is disabled
  Caching has been disabled for the task
Skipping task ':react-native-async-storage_async-storage:writeDebugAarMetadata' as it is up-to-date.
work action resolve aar-metadata.properties (project :react-native-async-storage_async-storage) (Thread[Execution worker Thread 12,5,main]) started.
Resolve mutations for :react-native-blob-util:generateCodegenSchemaFromJavaScript (Thread[Execution worker Thread 2,5,main]) started.
:react-native-blob-util:generateCodegenSchemaFromJavaScript (Thread[Execution worker Thread 2,5,main]) started.

> Task :react-native-blob-util:generateCodegenSchemaFromJavaScript UP-TO-DATE
Caching disabled for task ':react-native-blob-util:generateCodegenSchemaFromJavaScript' because:
  Build cache is disabled
  Caching has not been enabled for the task
Skipping task ':react-native-blob-util:generateCodegenSchemaFromJavaScript' as it is up-to-date.
Resolve mutations for :react-native-blob-util:generateCodegenArtifactsFromSchema (Thread[Execution worker Thread 2,5,main]) started.
:react-native-blob-util:generateCodegenArtifactsFromSchema (Thread[Execution worker Thread 2,5,main]) started.

> Task :react-native-blob-util:generateCodegenArtifactsFromSchema UP-TO-DATE
Caching disabled for task ':react-native-blob-util:generateCodegenArtifactsFromSchema' because:
  Build cache is disabled
  Caching has not been enabled for the task
Skipping task ':react-native-blob-util:generateCodegenArtifactsFromSchema' as it is up-to-date.
Resolve mutations for :react-native-blob-util:preBuild (Thread[Execution worker Thread 2,5,main]) started.
:react-native-blob-util:preBuild (Thread[Execution worker Thread 2,5,main]) started.

> Task :react-native-blob-util:preBuild UP-TO-DATE
Skipping task ':react-native-blob-util:preBuild' as it has no actions.
Resolve mutations for :react-native-blob-util:preDebugBuild (Thread[Execution worker Thread 14,5,main]) started.
:react-native-blob-util:preDebugBuild (Thread[Execution worker Thread 15,5,main]) started.

> Task :react-native-blob-util:preDebugBuild UP-TO-DATE
Skipping task ':react-native-blob-util:preDebugBuild' as it has no actions.
Resolve mutations for :react-native-blob-util:writeDebugAarMetadata (Thread[Execution worker Thread 15,5,main]) started.
:react-native-blob-util:writeDebugAarMetadata (Thread[included builds,5,main]) started.

> Task :react-native-blob-util:writeDebugAarMetadata UP-TO-DATE
Caching disabled for task ':react-native-blob-util:writeDebugAarMetadata' because:
  Build cache is disabled
  Caching has been disabled for the task
Skipping task ':react-native-blob-util:writeDebugAarMetadata' as it is up-to-date.
work action resolve aar-metadata.properties (project :react-native-blob-util) (Thread[included builds,5,main]) started.
Resolve mutations for :react-native-community_blur:generateCodegenSchemaFromJavaScript (Thread[included builds,5,main]) started.
:react-native-community_blur:generateCodegenSchemaFromJavaScript (Thread[included builds,5,main]) started.

> Task :react-native-community_blur:generateCodegenSchemaFromJavaScript UP-TO-DATE
Caching disabled for task ':react-native-community_blur:generateCodegenSchemaFromJavaScript' because:
  Build cache is disabled
  Caching has not been enabled for the task
Skipping task ':react-native-community_blur:generateCodegenSchemaFromJavaScript' as it is up-to-date.
Resolve mutations for :react-native-community_blur:generateCodegenArtifactsFromSchema (Thread[included builds,5,main]) started.
:react-native-community_blur:generateCodegenArtifactsFromSchema (Thread[included builds,5,main]) started.

> Task :react-native-community_blur:generateCodegenArtifactsFromSchema UP-TO-DATE
Caching disabled for task ':react-native-community_blur:generateCodegenArtifactsFromSchema' because:
  Build cache is disabled
  Caching has not been enabled for the task
Skipping task ':react-native-community_blur:generateCodegenArtifactsFromSchema' as it is up-to-date.
Resolve mutations for :react-native-community_blur:preBuild (Thread[included builds,5,main]) started.
:react-native-community_blur:preBuild (Thread[included builds,5,main]) started.

> Task :react-native-community_blur:preBuild UP-TO-DATE
Skipping task ':react-native-community_blur:preBuild' as it has no actions.
Resolve mutations for :react-native-community_blur:preDebugBuild (Thread[included builds,5,main]) started.
:react-native-community_blur:preDebugBuild (Thread[Execution worker Thread 11,5,main]) started.

> Task :react-native-community_blur:preDebugBuild UP-TO-DATE
Skipping task ':react-native-community_blur:preDebugBuild' as it has no actions.
Resolve mutations for :react-native-community_blur:writeDebugAarMetadata (Thread[Execution worker Thread 11,5,main]) started.
:react-native-community_blur:writeDebugAarMetadata (Thread[Execution worker Thread 15,5,main]) started.

> Task :react-native-community_blur:writeDebugAarMetadata UP-TO-DATE
Caching disabled for task ':react-native-community_blur:writeDebugAarMetadata' because:
  Build cache is disabled
  Caching has been disabled for the task
Skipping task ':react-native-community_blur:writeDebugAarMetadata' as it is up-to-date.
work action resolve aar-metadata.properties (project :react-native-community_blur) (Thread[Execution worker Thread 15,5,main]) started.
Resolve mutations for :react-native-community_slider:generateCodegenSchemaFromJavaScript (Thread[Execution worker Thread 5,5,main]) started.
:react-native-community_slider:generateCodegenSchemaFromJavaScript (Thread[Execution worker Thread 5,5,main]) started.

> Task :react-native-community_slider:generateCodegenSchemaFromJavaScript UP-TO-DATE
Caching disabled for task ':react-native-community_slider:generateCodegenSchemaFromJavaScript' because:
  Build cache is disabled
  Caching has not been enabled for the task
Skipping task ':react-native-community_slider:generateCodegenSchemaFromJavaScript' as it is up-to-date.
Resolve mutations for :react-native-community_slider:generateCodegenArtifactsFromSchema (Thread[Execution worker Thread 5,5,main]) started.
:react-native-community_slider:generateCodegenArtifactsFromSchema (Thread[Execution worker Thread 5,5,main]) started.

> Task :react-native-community_slider:generateCodegenArtifactsFromSchema UP-TO-DATE
Caching disabled for task ':react-native-community_slider:generateCodegenArtifactsFromSchema' because:
  Build cache is disabled
  Caching has not been enabled for the task
Skipping task ':react-native-community_slider:generateCodegenArtifactsFromSchema' as it is up-to-date.
Resolve mutations for :react-native-community_slider:preBuild (Thread[Execution worker Thread 5,5,main]) started.
:react-native-community_slider:preBuild (Thread[Execution worker Thread 5,5,main]) started.

> Task :react-native-community_slider:preBuild UP-TO-DATE
Skipping task ':react-native-community_slider:preBuild' as it has no actions.
Resolve mutations for :react-native-community_slider:preDebugBuild (Thread[Execution worker Thread 5,5,main]) started.
:react-native-community_slider:preDebugBuild (Thread[Execution worker Thread 7,5,main]) started.

> Task :react-native-community_slider:preDebugBuild UP-TO-DATE
Skipping task ':react-native-community_slider:preDebugBuild' as it has no actions.
Resolve mutations for :react-native-community_slider:writeDebugAarMetadata (Thread[Execution worker Thread 7,5,main]) started.
:react-native-community_slider:writeDebugAarMetadata (Thread[Execution worker Thread 7,5,main]) started.

> Task :react-native-community_slider:writeDebugAarMetadata UP-TO-DATE
Caching disabled for task ':react-native-community_slider:writeDebugAarMetadata' because:
  Build cache is disabled
  Caching has been disabled for the task
Skipping task ':react-native-community_slider:writeDebugAarMetadata' as it is up-to-date.
work action resolve aar-metadata.properties (project :react-native-community_slider) (Thread[Execution worker Thread 7,5,main]) started.
Resolve mutations for :react-native-device-info:preBuild (Thread[Execution worker,5,main]) started.
:react-native-device-info:preBuild (Thread[Execution worker,5,main]) started.

> Task :react-native-device-info:preBuild UP-TO-DATE
Skipping task ':react-native-device-info:preBuild' as it has no actions.
Resolve mutations for :react-native-device-info:preDebugBuild (Thread[Execution worker,5,main]) started.
:react-native-device-info:preDebugBuild (Thread[Execution worker Thread 11,5,main]) started.

> Task :react-native-device-info:preDebugBuild UP-TO-DATE
Skipping task ':react-native-device-info:preDebugBuild' as it has no actions.
Resolve mutations for :react-native-device-info:writeDebugAarMetadata (Thread[Execution worker Thread 11,5,main]) started.
:react-native-device-info:writeDebugAarMetadata (Thread[Execution worker Thread 11,5,main]) started.

> Task :react-native-device-info:writeDebugAarMetadata UP-TO-DATE
Caching disabled for task ':react-native-device-info:writeDebugAarMetadata' because:
  Build cache is disabled
  Caching has been disabled for the task
Skipping task ':react-native-device-info:writeDebugAarMetadata' as it is up-to-date.
work action resolve aar-metadata.properties (project :react-native-device-info) (Thread[Execution worker Thread 11,5,main]) started.
Resolve mutations for :react-native-firebase_app:preBuild (Thread[Execution worker Thread 8,5,main]) started.
:react-native-firebase_app:preBuild (Thread[Execution worker Thread 3,5,main]) started.

> Task :react-native-firebase_app:preBuild UP-TO-DATE
Skipping task ':react-native-firebase_app:preBuild' as it has no actions.
Resolve mutations for :react-native-firebase_app:preDebugBuild (Thread[Execution worker Thread 3,5,main]) started.
:react-native-firebase_app:preDebugBuild (Thread[Execution worker Thread 3,5,main]) started.

> Task :react-native-firebase_app:preDebugBuild UP-TO-DATE
Skipping task ':react-native-firebase_app:preDebugBuild' as it has no actions.
Resolve mutations for :react-native-firebase_app:writeDebugAarMetadata (Thread[Execution worker Thread 4,5,main]) started.
:react-native-firebase_app:writeDebugAarMetadata (Thread[Execution worker Thread 4,5,main]) started.

> Task :react-native-firebase_app:writeDebugAarMetadata UP-TO-DATE
Caching disabled for task ':react-native-firebase_app:writeDebugAarMetadata' because:
  Build cache is disabled
  Caching has been disabled for the task
Skipping task ':react-native-firebase_app:writeDebugAarMetadata' as it is up-to-date.
work action resolve aar-metadata.properties (project :react-native-firebase_app) (Thread[Execution worker Thread 4,5,main]) started.
Resolve mutations for :react-native-firebase_auth:preBuild (Thread[Execution worker Thread 13,5,main]) started.
:react-native-firebase_auth:preBuild (Thread[Execution worker Thread 13,5,main]) started.

> Task :react-native-firebase_auth:preBuild UP-TO-DATE
Skipping task ':react-native-firebase_auth:preBuild' as it has no actions.
Resolve mutations for :react-native-firebase_auth:preDebugBuild (Thread[Execution worker Thread 13,5,main]) started.
:react-native-firebase_auth:preDebugBuild (Thread[Execution worker Thread 11,5,main]) started.

> Task :react-native-firebase_auth:preDebugBuild UP-TO-DATE
Skipping task ':react-native-firebase_auth:preDebugBuild' as it has no actions.
Resolve mutations for :react-native-firebase_auth:writeDebugAarMetadata (Thread[Execution worker Thread 11,5,main]) started.
:react-native-firebase_auth:writeDebugAarMetadata (Thread[Execution worker Thread 11,5,main]) started.

> Task :react-native-firebase_auth:writeDebugAarMetadata UP-TO-DATE
Caching disabled for task ':react-native-firebase_auth:writeDebugAarMetadata' because:
  Build cache is disabled
  Caching has been disabled for the task
Skipping task ':react-native-firebase_auth:writeDebugAarMetadata' as it is up-to-date.
work action resolve aar-metadata.properties (project :react-native-firebase_auth) (Thread[Execution worker Thread 11,5,main]) started.
Resolve mutations for :react-native-firebase_messaging:preBuild (Thread[Execution worker Thread 11,5,main]) started.
:react-native-firebase_messaging:preBuild (Thread[Execution worker Thread 6,5,main]) started.

> Task :react-native-firebase_messaging:preBuild UP-TO-DATE
Skipping task ':react-native-firebase_messaging:preBuild' as it has no actions.
Resolve mutations for :react-native-firebase_messaging:preDebugBuild (Thread[Execution worker Thread 6,5,main]) started.
:react-native-firebase_messaging:preDebugBuild (Thread[Execution worker Thread 2,5,main]) started.

> Task :react-native-firebase_messaging:preDebugBuild UP-TO-DATE
Skipping task ':react-native-firebase_messaging:preDebugBuild' as it has no actions.
Resolve mutations for :react-native-firebase_messaging:writeDebugAarMetadata (Thread[Execution worker Thread 2,5,main]) started.
:react-native-firebase_messaging:writeDebugAarMetadata (Thread[Execution worker Thread 13,5,main]) started.

> Task :react-native-firebase_messaging:writeDebugAarMetadata UP-TO-DATE
Caching disabled for task ':react-native-firebase_messaging:writeDebugAarMetadata' because:
  Build cache is disabled
  Caching has been disabled for the task
Skipping task ':react-native-firebase_messaging:writeDebugAarMetadata' as it is up-to-date.
work action resolve aar-metadata.properties (project :react-native-firebase_messaging) (Thread[Execution worker Thread 13,5,main]) started.
Resolve mutations for :react-native-gesture-handler:generateCodegenSchemaFromJavaScript (Thread[Execution worker Thread 3,5,main]) started.
:react-native-gesture-handler:generateCodegenSchemaFromJavaScript (Thread[Execution worker Thread 3,5,main]) started.

> Task :react-native-gesture-handler:generateCodegenSchemaFromJavaScript UP-TO-DATE
Caching disabled for task ':react-native-gesture-handler:generateCodegenSchemaFromJavaScript' because:
  Build cache is disabled
  Caching has not been enabled for the task
Skipping task ':react-native-gesture-handler:generateCodegenSchemaFromJavaScript' as it is up-to-date.
Resolve mutations for :react-native-gesture-handler:generateCodegenArtifactsFromSchema (Thread[Execution worker Thread 3,5,main]) started.
:react-native-gesture-handler:generateCodegenArtifactsFromSchema (Thread[Execution worker Thread 3,5,main]) started.

> Task :react-native-gesture-handler:generateCodegenArtifactsFromSchema UP-TO-DATE
Caching disabled for task ':react-native-gesture-handler:generateCodegenArtifactsFromSchema' because:
  Build cache is disabled
  Caching has not been enabled for the task
Skipping task ':react-native-gesture-handler:generateCodegenArtifactsFromSchema' as it is up-to-date.
Resolve mutations for :react-native-gesture-handler:preBuild (Thread[Execution worker Thread 3,5,main]) started.
:react-native-gesture-handler:preBuild (Thread[Execution worker Thread 3,5,main]) started.

> Task :react-native-gesture-handler:preBuild UP-TO-DATE
Skipping task ':react-native-gesture-handler:preBuild' as it has no actions.
Resolve mutations for :react-native-gesture-handler:preDebugBuild (Thread[Execution worker Thread 3,5,main]) started.
:react-native-gesture-handler:preDebugBuild (Thread[Execution worker Thread 9,5,main]) started.

> Task :react-native-gesture-handler:preDebugBuild UP-TO-DATE
Skipping task ':react-native-gesture-handler:preDebugBuild' as it has no actions.
Resolve mutations for :react-native-gesture-handler:writeDebugAarMetadata (Thread[Execution worker Thread 9,5,main]) started.
:react-native-gesture-handler:writeDebugAarMetadata (Thread[Execution worker Thread 9,5,main]) started.

> Task :react-native-gesture-handler:writeDebugAarMetadata UP-TO-DATE
Caching disabled for task ':react-native-gesture-handler:writeDebugAarMetadata' because:
  Build cache is disabled
  Caching has been disabled for the task
Skipping task ':react-native-gesture-handler:writeDebugAarMetadata' as it is up-to-date.
work action resolve aar-metadata.properties (project :react-native-gesture-handler) (Thread[Execution worker Thread 9,5,main]) started.
Resolve mutations for :react-native-image-crop-picker:generateCodegenSchemaFromJavaScript (Thread[Execution worker Thread 9,5,main]) started.
:react-native-image-crop-picker:generateCodegenSchemaFromJavaScript (Thread[Execution worker Thread 9,5,main]) started.

> Task :react-native-image-crop-picker:generateCodegenSchemaFromJavaScript UP-TO-DATE
Caching disabled for task ':react-native-image-crop-picker:generateCodegenSchemaFromJavaScript' because:
  Build cache is disabled
  Caching has not been enabled for the task
Skipping task ':react-native-image-crop-picker:generateCodegenSchemaFromJavaScript' as it is up-to-date.
Resolve mutations for :react-native-image-crop-picker:generateCodegenArtifactsFromSchema (Thread[Execution worker Thread 9,5,main]) started.
:react-native-image-crop-picker:generateCodegenArtifactsFromSchema (Thread[Execution worker Thread 9,5,main]) started.

> Task :react-native-image-crop-picker:generateCodegenArtifactsFromSchema UP-TO-DATE
Caching disabled for task ':react-native-image-crop-picker:generateCodegenArtifactsFromSchema' because:
  Build cache is disabled
  Caching has not been enabled for the task
Skipping task ':react-native-image-crop-picker:generateCodegenArtifactsFromSchema' as it is up-to-date.
Resolve mutations for :react-native-image-crop-picker:preBuild (Thread[Execution worker Thread 9,5,main]) started.
:react-native-image-crop-picker:preBuild (Thread[Execution worker Thread 9,5,main]) started.

> Task :react-native-image-crop-picker:preBuild UP-TO-DATE
Skipping task ':react-native-image-crop-picker:preBuild' as it has no actions.
Resolve mutations for :react-native-image-crop-picker:preDebugBuild (Thread[Execution worker Thread 9,5,main]) started.
:react-native-image-crop-picker:preDebugBuild (Thread[Execution worker Thread 3,5,main]) started.

> Task :react-native-image-crop-picker:preDebugBuild UP-TO-DATE
Skipping task ':react-native-image-crop-picker:preDebugBuild' as it has no actions.
Resolve mutations for :react-native-image-crop-picker:writeDebugAarMetadata (Thread[Execution worker Thread 3,5,main]) started.
:react-native-image-crop-picker:writeDebugAarMetadata (Thread[Execution worker Thread 3,5,main]) started.

> Task :react-native-image-crop-picker:writeDebugAarMetadata UP-TO-DATE
Caching disabled for task ':react-native-image-crop-picker:writeDebugAarMetadata' because:
  Build cache is disabled
  Caching has been disabled for the task
Skipping task ':react-native-image-crop-picker:writeDebugAarMetadata' as it is up-to-date.
work action resolve aar-metadata.properties (project :react-native-image-crop-picker) (Thread[Execution worker Thread 3,5,main]) started.
Resolve mutations for :react-native-keyboard-controller:generateCodegenSchemaFromJavaScript (Thread[Execution worker Thread 3,5,main]) started.
:react-native-keyboard-controller:generateCodegenSchemaFromJavaScript (Thread[Execution worker Thread 3,5,main]) started.

> Task :react-native-keyboard-controller:generateCodegenSchemaFromJavaScript UP-TO-DATE
Caching disabled for task ':react-native-keyboard-controller:generateCodegenSchemaFromJavaScript' because:
  Build cache is disabled
  Caching has not been enabled for the task
Skipping task ':react-native-keyboard-controller:generateCodegenSchemaFromJavaScript' as it is up-to-date.
Resolve mutations for :react-native-keyboard-controller:generateCodegenArtifactsFromSchema (Thread[Execution worker Thread 3,5,main]) started.
:react-native-keyboard-controller:generateCodegenArtifactsFromSchema (Thread[Execution worker Thread 3,5,main]) started.

> Task :react-native-keyboard-controller:generateCodegenArtifactsFromSchema UP-TO-DATE
Caching disabled for task ':react-native-keyboard-controller:generateCodegenArtifactsFromSchema' because:
  Build cache is disabled
  Caching has not been enabled for the task
Skipping task ':react-native-keyboard-controller:generateCodegenArtifactsFromSchema' as it is up-to-date.
Resolve mutations for :react-native-keyboard-controller:preBuild (Thread[Execution worker Thread 3,5,main]) started.
:react-native-keyboard-controller:preBuild (Thread[Execution worker Thread 6,5,main]) started.

> Task :react-native-keyboard-controller:preBuild UP-TO-DATE
Skipping task ':react-native-keyboard-controller:preBuild' as it has no actions.
Resolve mutations for :react-native-keyboard-controller:preDebugBuild (Thread[Execution worker Thread 6,5,main]) started.
:react-native-keyboard-controller:preDebugBuild (Thread[Execution worker Thread 6,5,main]) started.

> Task :react-native-keyboard-controller:preDebugBuild UP-TO-DATE
Skipping task ':react-native-keyboard-controller:preDebugBuild' as it has no actions.
Resolve mutations for :react-native-keyboard-controller:writeDebugAarMetadata (Thread[Execution worker Thread 6,5,main]) started.
:react-native-keyboard-controller:writeDebugAarMetadata (Thread[Execution worker Thread 12,5,main]) started.

> Task :react-native-keyboard-controller:writeDebugAarMetadata UP-TO-DATE
Caching disabled for task ':react-native-keyboard-controller:writeDebugAarMetadata' because:
  Build cache is disabled
  Caching has been disabled for the task
Skipping task ':react-native-keyboard-controller:writeDebugAarMetadata' as it is up-to-date.
work action resolve aar-metadata.properties (project :react-native-keyboard-controller) (Thread[Execution worker Thread 12,5,main]) started.
Resolve mutations for :react-native-linear-gradient:preBuild (Thread[Execution worker Thread 15,5,main]) started.
:react-native-linear-gradient:preBuild (Thread[Execution worker,5,main]) started.

> Task :react-native-linear-gradient:preBuild UP-TO-DATE
Skipping task ':react-native-linear-gradient:preBuild' as it has no actions.
Resolve mutations for :react-native-linear-gradient:preDebugBuild (Thread[Execution worker,5,main]) started.
:react-native-linear-gradient:preDebugBuild (Thread[Execution worker,5,main]) started.

> Task :react-native-linear-gradient:preDebugBuild UP-TO-DATE
Skipping task ':react-native-linear-gradient:preDebugBuild' as it has no actions.
Resolve mutations for :react-native-linear-gradient:writeDebugAarMetadata (Thread[Execution worker,5,main]) started.
:react-native-linear-gradient:writeDebugAarMetadata (Thread[Execution worker Thread 5,5,main]) started.

> Task :react-native-linear-gradient:writeDebugAarMetadata UP-TO-DATE
Caching disabled for task ':react-native-linear-gradient:writeDebugAarMetadata' because:
  Build cache is disabled
  Caching has been disabled for the task
Skipping task ':react-native-linear-gradient:writeDebugAarMetadata' as it is up-to-date.
work action resolve aar-metadata.properties (project :react-native-linear-gradient) (Thread[Execution worker Thread 5,5,main]) started.
Resolve mutations for :react-native-maps:preBuild (Thread[Execution worker Thread 5,5,main]) started.
:react-native-maps:preBuild (Thread[Execution worker Thread 9,5,main]) started.

> Task :react-native-maps:preBuild UP-TO-DATE
Skipping task ':react-native-maps:preBuild' as it has no actions.
Resolve mutations for :react-native-maps:preDebugBuild (Thread[Execution worker Thread 9,5,main]) started.
:react-native-maps:preDebugBuild (Thread[Execution worker Thread 9,5,main]) started.

> Task :react-native-maps:preDebugBuild UP-TO-DATE
Skipping task ':react-native-maps:preDebugBuild' as it has no actions.
Resolve mutations for :react-native-maps:writeDebugAarMetadata (Thread[Execution worker Thread 9,5,main]) started.
:react-native-maps:writeDebugAarMetadata (Thread[Execution worker Thread 9,5,main]) started.

> Task :react-native-maps:writeDebugAarMetadata UP-TO-DATE
Caching disabled for task ':react-native-maps:writeDebugAarMetadata' because:
  Build cache is disabled
  Caching has been disabled for the task
Skipping task ':react-native-maps:writeDebugAarMetadata' as it is up-to-date.
work action resolve aar-metadata.properties (project :react-native-maps) (Thread[Execution worker Thread 9,5,main]) started.
Resolve mutations for :react-native-masked-view_masked-view:preBuild (Thread[Execution worker Thread 9,5,main]) started.
:react-native-masked-view_masked-view:preBuild (Thread[Execution worker Thread 7,5,main]) started.

> Task :react-native-masked-view_masked-view:preBuild UP-TO-DATE
Skipping task ':react-native-masked-view_masked-view:preBuild' as it has no actions.
Resolve mutations for :react-native-masked-view_masked-view:preDebugBuild (Thread[Execution worker Thread 7,5,main]) started.
:react-native-masked-view_masked-view:preDebugBuild (Thread[Execution worker Thread 11,5,main]) started.

> Task :react-native-masked-view_masked-view:preDebugBuild UP-TO-DATE
Skipping task ':react-native-masked-view_masked-view:preDebugBuild' as it has no actions.
Resolve mutations for :react-native-masked-view_masked-view:writeDebugAarMetadata (Thread[Execution worker Thread 11,5,main]) started.
:react-native-masked-view_masked-view:writeDebugAarMetadata (Thread[Execution worker Thread 11,5,main]) started.

> Task :react-native-masked-view_masked-view:writeDebugAarMetadata UP-TO-DATE
Caching disabled for task ':react-native-masked-view_masked-view:writeDebugAarMetadata' because:
  Build cache is disabled
  Caching has been disabled for the task
Skipping task ':react-native-masked-view_masked-view:writeDebugAarMetadata' as it is up-to-date.
work action resolve aar-metadata.properties (project :react-native-masked-view_masked-view) (Thread[Execution worker Thread 11,5,main]) started.
Resolve mutations for :react-native-mmkv:generateCodegenSchemaFromJavaScript (Thread[Execution worker Thread 11,5,main]) started.
:react-native-mmkv:generateCodegenSchemaFromJavaScript (Thread[Execution worker Thread 11,5,main]) started.

> Task :react-native-mmkv:generateCodegenSchemaFromJavaScript UP-TO-DATE
Caching disabled for task ':react-native-mmkv:generateCodegenSchemaFromJavaScript' because:
  Build cache is disabled
  Caching has not been enabled for the task
Skipping task ':react-native-mmkv:generateCodegenSchemaFromJavaScript' as it is up-to-date.
Resolve mutations for :react-native-mmkv:generateCodegenArtifactsFromSchema (Thread[Execution worker Thread 11,5,main]) started.
:react-native-mmkv:generateCodegenArtifactsFromSchema (Thread[Execution worker Thread 11,5,main]) started.

> Task :react-native-mmkv:generateCodegenArtifactsFromSchema UP-TO-DATE
Caching disabled for task ':react-native-mmkv:generateCodegenArtifactsFromSchema' because:
  Build cache is disabled
  Caching has not been enabled for the task
Skipping task ':react-native-mmkv:generateCodegenArtifactsFromSchema' as it is up-to-date.
Resolve mutations for :react-native-mmkv:preBuild (Thread[Execution worker Thread 11,5,main]) started.
:react-native-mmkv:preBuild (Thread[Execution worker Thread 11,5,main]) started.

> Task :react-native-mmkv:preBuild UP-TO-DATE
Skipping task ':react-native-mmkv:preBuild' as it has no actions.
Resolve mutations for :react-native-mmkv:preDebugBuild (Thread[Execution worker Thread 11,5,main]) started.
:react-native-mmkv:preDebugBuild (Thread[Execution worker Thread 11,5,main]) started.

> Task :react-native-mmkv:preDebugBuild UP-TO-DATE
Skipping task ':react-native-mmkv:preDebugBuild' as it has no actions.
Resolve mutations for :react-native-mmkv:writeDebugAarMetadata (Thread[Execution worker Thread 11,5,main]) started.
:react-native-mmkv:writeDebugAarMetadata (Thread[Execution worker Thread 11,5,main]) started.

> Task :react-native-mmkv:writeDebugAarMetadata UP-TO-DATE
Caching disabled for task ':react-native-mmkv:writeDebugAarMetadata' because:
  Build cache is disabled
  Caching has been disabled for the task
Skipping task ':react-native-mmkv:writeDebugAarMetadata' as it is up-to-date.
work action resolve aar-metadata.properties (project :react-native-mmkv) (Thread[Execution worker Thread 11,5,main]) started.
Resolve mutations for :react-native-reanimated:assertMinimalReactNativeVersionTask (Thread[Execution worker Thread 11,5,main]) started.
:react-native-reanimated:assertMinimalReactNativeVersionTask (Thread[Execution worker Thread 9,5,main]) started.

> Task :react-native-reanimated:assertMinimalReactNativeVersionTask SKIPPED
Skipping task ':react-native-reanimated:assertMinimalReactNativeVersionTask' as task onlyIf 'Task satisfies onlyIf closure' is false.
Resolve mutations for :react-native-reanimated:generateCodegenSchemaFromJavaScript (Thread[Execution worker Thread 9,5,main]) started.
:react-native-reanimated:generateCodegenSchemaFromJavaScript (Thread[Execution worker Thread 9,5,main]) started.

> Task :react-native-reanimated:generateCodegenSchemaFromJavaScript UP-TO-DATE
Caching disabled for task ':react-native-reanimated:generateCodegenSchemaFromJavaScript' because:
  Build cache is disabled
  Caching has not been enabled for the task
Skipping task ':react-native-reanimated:generateCodegenSchemaFromJavaScript' as it is up-to-date.
Resolve mutations for :react-native-reanimated:generateCodegenArtifactsFromSchema (Thread[Execution worker Thread 9,5,main]) started.
:react-native-reanimated:generateCodegenArtifactsFromSchema (Thread[Execution worker Thread 9,5,main]) started.

> Task :react-native-reanimated:generateCodegenArtifactsFromSchema UP-TO-DATE
Caching disabled for task ':react-native-reanimated:generateCodegenArtifactsFromSchema' because:
  Build cache is disabled
  Caching has not been enabled for the task
Skipping task ':react-native-reanimated:generateCodegenArtifactsFromSchema' as it is up-to-date.
Resolve mutations for :react-native-reanimated:prepareReanimatedHeadersForPrefabs (Thread[Execution worker Thread 9,5,main]) started.
:react-native-reanimated:prepareReanimatedHeadersForPrefabs (Thread[Execution worker Thread 9,5,main]) started.

> Task :react-native-reanimated:prepareReanimatedHeadersForPrefabs UP-TO-DATE
Caching disabled for task ':react-native-reanimated:prepareReanimatedHeadersForPrefabs' because:
  Build cache is disabled
  Not worth caching
Skipping task ':react-native-reanimated:prepareReanimatedHeadersForPrefabs' as it is up-to-date.
Resolve mutations for :react-native-reanimated:prepareWorkletsHeadersForPrefabs (Thread[Execution worker Thread 9,5,main]) started.
:react-native-reanimated:prepareWorkletsHeadersForPrefabs (Thread[Execution worker Thread 2,5,main]) started.

> Task :react-native-reanimated:prepareWorkletsHeadersForPrefabs UP-TO-DATE
Caching disabled for task ':react-native-reanimated:prepareWorkletsHeadersForPrefabs' because:
  Build cache is disabled
  Not worth caching
Skipping task ':react-native-reanimated:prepareWorkletsHeadersForPrefabs' as it is up-to-date.
Resolve mutations for :react-native-reanimated:preBuild (Thread[Execution worker Thread 2,5,main]) started.
:react-native-reanimated:preBuild (Thread[Execution worker Thread 5,5,main]) started.

> Task :react-native-reanimated:preBuild UP-TO-DATE
Skipping task ':react-native-reanimated:preBuild' as it has no actions.
Resolve mutations for :react-native-reanimated:preDebugBuild (Thread[Execution worker Thread 5,5,main]) started.
:react-native-reanimated:preDebugBuild (Thread[Execution worker Thread 7,5,main]) started.

> Task :react-native-reanimated:preDebugBuild UP-TO-DATE
Skipping task ':react-native-reanimated:preDebugBuild' as it has no actions.
Resolve mutations for :react-native-reanimated:writeDebugAarMetadata (Thread[Execution worker Thread 7,5,main]) started.
:react-native-reanimated:writeDebugAarMetadata (Thread[Execution worker Thread 7,5,main]) started.

> Task :react-native-reanimated:writeDebugAarMetadata UP-TO-DATE
Caching disabled for task ':react-native-reanimated:writeDebugAarMetadata' because:
  Build cache is disabled
  Caching has been disabled for the task
Skipping task ':react-native-reanimated:writeDebugAarMetadata' as it is up-to-date.
work action resolve aar-metadata.properties (project :react-native-reanimated) (Thread[Execution worker Thread 7,5,main]) started.
Resolve mutations for :react-native-safe-area-context:generateCodegenSchemaFromJavaScript (Thread[Execution worker Thread 10,5,main]) started.
:react-native-safe-area-context:generateCodegenSchemaFromJavaScript (Thread[Execution worker Thread 10,5,main]) started.

> Task :react-native-safe-area-context:generateCodegenSchemaFromJavaScript UP-TO-DATE
Caching disabled for task ':react-native-safe-area-context:generateCodegenSchemaFromJavaScript' because:
  Build cache is disabled
  Caching has not been enabled for the task
Skipping task ':react-native-safe-area-context:generateCodegenSchemaFromJavaScript' as it is up-to-date.
Resolve mutations for :react-native-safe-area-context:generateCodegenArtifactsFromSchema (Thread[Execution worker Thread 10,5,main]) started.
:react-native-safe-area-context:generateCodegenArtifactsFromSchema (Thread[Execution worker Thread 10,5,main]) started.

> Task :react-native-safe-area-context:generateCodegenArtifactsFromSchema UP-TO-DATE
Caching disabled for task ':react-native-safe-area-context:generateCodegenArtifactsFromSchema' because:
  Build cache is disabled
  Caching has not been enabled for the task
Skipping task ':react-native-safe-area-context:generateCodegenArtifactsFromSchema' as it is up-to-date.
Resolve mutations for :react-native-safe-area-context:preBuild (Thread[Execution worker Thread 10,5,main]) started.
:react-native-safe-area-context:preBuild (Thread[Execution worker Thread 10,5,main]) started.

> Task :react-native-safe-area-context:preBuild UP-TO-DATE
Skipping task ':react-native-safe-area-context:preBuild' as it has no actions.
Resolve mutations for :react-native-safe-area-context:preDebugBuild (Thread[Execution worker Thread 3,5,main]) started.
:react-native-safe-area-context:preDebugBuild (Thread[Execution worker Thread 3,5,main]) started.

> Task :react-native-safe-area-context:preDebugBuild UP-TO-DATE
Skipping task ':react-native-safe-area-context:preDebugBuild' as it has no actions.
Resolve mutations for :react-native-safe-area-context:writeDebugAarMetadata (Thread[Execution worker Thread 3,5,main]) started.
:react-native-safe-area-context:writeDebugAarMetadata (Thread[Execution worker Thread 3,5,main]) started.

> Task :react-native-safe-area-context:writeDebugAarMetadata UP-TO-DATE
Caching disabled for task ':react-native-safe-area-context:writeDebugAarMetadata' because:
  Build cache is disabled
  Caching has been disabled for the task
Skipping task ':react-native-safe-area-context:writeDebugAarMetadata' as it is up-to-date.
work action resolve aar-metadata.properties (project :react-native-safe-area-context) (Thread[Execution worker Thread 3,5,main]) started.
Resolve mutations for :react-native-screens:generateCodegenSchemaFromJavaScript (Thread[Execution worker Thread 3,5,main]) started.
:react-native-screens:generateCodegenSchemaFromJavaScript (Thread[Execution worker Thread 3,5,main]) started.

> Task :react-native-screens:generateCodegenSchemaFromJavaScript UP-TO-DATE
Caching disabled for task ':react-native-screens:generateCodegenSchemaFromJavaScript' because:
  Build cache is disabled
  Caching has not been enabled for the task
Skipping task ':react-native-screens:generateCodegenSchemaFromJavaScript' as it is up-to-date.
Resolve mutations for :react-native-screens:generateCodegenArtifactsFromSchema (Thread[Execution worker Thread 3,5,main]) started.
:react-native-screens:generateCodegenArtifactsFromSchema (Thread[Execution worker Thread 3,5,main]) started.

> Task :react-native-screens:generateCodegenArtifactsFromSchema UP-TO-DATE
Caching disabled for task ':react-native-screens:generateCodegenArtifactsFromSchema' because:
  Build cache is disabled
  Caching has not been enabled for the task
Skipping task ':react-native-screens:generateCodegenArtifactsFromSchema' as it is up-to-date.
Resolve mutations for :react-native-screens:preBuild (Thread[Execution worker Thread 3,5,main]) started.
:react-native-screens:preBuild (Thread[Execution worker Thread 3,5,main]) started.

> Task :react-native-screens:preBuild UP-TO-DATE
Skipping task ':react-native-screens:preBuild' as it has no actions.
Resolve mutations for :react-native-screens:preDebugBuild (Thread[Execution worker Thread 7,5,main]) started.
:react-native-screens:preDebugBuild (Thread[Execution worker Thread 14,5,main]) started.

> Task :react-native-screens:preDebugBuild UP-TO-DATE
Skipping task ':react-native-screens:preDebugBuild' as it has no actions.
Resolve mutations for :react-native-screens:writeDebugAarMetadata (Thread[Execution worker Thread 14,5,main]) started.
:react-native-screens:writeDebugAarMetadata (Thread[Execution worker Thread 14,5,main]) started.

> Task :react-native-screens:writeDebugAarMetadata UP-TO-DATE
Caching disabled for task ':react-native-screens:writeDebugAarMetadata' because:
  Build cache is disabled
  Caching has been disabled for the task
Skipping task ':react-native-screens:writeDebugAarMetadata' as it is up-to-date.
work action resolve aar-metadata.properties (project :react-native-screens) (Thread[Execution worker Thread 14,5,main]) started.
Resolve mutations for :react-native-view-shot:generateCodegenSchemaFromJavaScript (Thread[Execution worker Thread 14,5,main]) started.
:react-native-view-shot:generateCodegenSchemaFromJavaScript (Thread[Execution worker Thread 14,5,main]) started.

> Task :react-native-view-shot:generateCodegenSchemaFromJavaScript UP-TO-DATE
Caching disabled for task ':react-native-view-shot:generateCodegenSchemaFromJavaScript' because:
  Build cache is disabled
  Caching has not been enabled for the task
Skipping task ':react-native-view-shot:generateCodegenSchemaFromJavaScript' as it is up-to-date.
Resolve mutations for :react-native-view-shot:generateCodegenArtifactsFromSchema (Thread[Execution worker Thread 14,5,main]) started.
:react-native-view-shot:generateCodegenArtifactsFromSchema (Thread[Execution worker Thread 14,5,main]) started.

> Task :react-native-view-shot:generateCodegenArtifactsFromSchema UP-TO-DATE
Caching disabled for task ':react-native-view-shot:generateCodegenArtifactsFromSchema' because:
  Build cache is disabled
  Caching has not been enabled for the task
Skipping task ':react-native-view-shot:generateCodegenArtifactsFromSchema' as it is up-to-date.
Resolve mutations for :react-native-view-shot:preBuild (Thread[Execution worker Thread 14,5,main]) started.
:react-native-view-shot:preBuild (Thread[Execution worker Thread 8,5,main]) started.

> Task :react-native-view-shot:preBuild UP-TO-DATE
Skipping task ':react-native-view-shot:preBuild' as it has no actions.
Resolve mutations for :react-native-view-shot:preDebugBuild (Thread[Execution worker Thread 3,5,main]) started.
:react-native-view-shot:preDebugBuild (Thread[Execution worker Thread 9,5,main]) started.

> Task :react-native-view-shot:preDebugBuild UP-TO-DATE
Skipping task ':react-native-view-shot:preDebugBuild' as it has no actions.
Resolve mutations for :react-native-view-shot:writeDebugAarMetadata (Thread[Execution worker Thread 9,5,main]) started.
:react-native-view-shot:writeDebugAarMetadata (Thread[Execution worker Thread 9,5,main]) started.

> Task :react-native-view-shot:writeDebugAarMetadata UP-TO-DATE
Caching disabled for task ':react-native-view-shot:writeDebugAarMetadata' because:
  Build cache is disabled
  Caching has been disabled for the task
Skipping task ':react-native-view-shot:writeDebugAarMetadata' as it is up-to-date.
work action resolve aar-metadata.properties (project :react-native-view-shot) (Thread[Execution worker Thread 9,5,main]) started.
Resolve mutations for :sentry_react-native:generateCodegenSchemaFromJavaScript (Thread[included builds,5,main]) started.
:sentry_react-native:generateCodegenSchemaFromJavaScript (Thread[included builds,5,main]) started.

> Task :sentry_react-native:generateCodegenSchemaFromJavaScript UP-TO-DATE
Caching disabled for task ':sentry_react-native:generateCodegenSchemaFromJavaScript' because:
  Build cache is disabled
  Caching has not been enabled for the task
Skipping task ':sentry_react-native:generateCodegenSchemaFromJavaScript' as it is up-to-date.
Resolve mutations for :sentry_react-native:generateCodegenArtifactsFromSchema (Thread[included builds,5,main]) started.
:sentry_react-native:generateCodegenArtifactsFromSchema (Thread[included builds,5,main]) started.

> Task :sentry_react-native:generateCodegenArtifactsFromSchema UP-TO-DATE
Caching disabled for task ':sentry_react-native:generateCodegenArtifactsFromSchema' because:
  Build cache is disabled
  Caching has not been enabled for the task
Skipping task ':sentry_react-native:generateCodegenArtifactsFromSchema' as it is up-to-date.
Resolve mutations for :sentry_react-native:preBuild (Thread[included builds,5,main]) started.
:sentry_react-native:preBuild (Thread[included builds,5,main]) started.

> Task :sentry_react-native:preBuild UP-TO-DATE
Skipping task ':sentry_react-native:preBuild' as it has no actions.
Resolve mutations for :sentry_react-native:preDebugBuild (Thread[included builds,5,main]) started.
:sentry_react-native:preDebugBuild (Thread[included builds,5,main]) started.

> Task :sentry_react-native:preDebugBuild UP-TO-DATE
Skipping task ':sentry_react-native:preDebugBuild' as it has no actions.
Resolve mutations for :sentry_react-native:writeDebugAarMetadata (Thread[included builds,5,main]) started.
:sentry_react-native:writeDebugAarMetadata (Thread[Execution worker,5,main]) started.

> Task :sentry_react-native:writeDebugAarMetadata UP-TO-DATE
Caching disabled for task ':sentry_react-native:writeDebugAarMetadata' because:
  Build cache is disabled
  Caching has been disabled for the task
Skipping task ':sentry_react-native:writeDebugAarMetadata' as it is up-to-date.
work action resolve aar-metadata.properties (project :sentry_react-native) (Thread[Execution worker,5,main]) started.
Resolve mutations for :app:checkStagingDebugAarMetadata (Thread[Execution worker,5,main]) started.
:app:checkStagingDebugAarMetadata (Thread[Execution worker Thread 5,5,main]) started.

> Task :app:checkStagingDebugAarMetadata UP-TO-DATE
Caching disabled for task ':app:checkStagingDebugAarMetadata' because:
  Build cache is disabled
  Caching has been disabled for the task
Skipping task ':app:checkStagingDebugAarMetadata' as it is up-to-date.
Resolve mutations for :app:createBundleStagingDebugJsAndAssets (Thread[Execution worker Thread 5,5,main]) started.
:app:createBundleStagingDebugJsAndAssets (Thread[Execution worker Thread 5,5,main]) started.

> Task :app:createBundleStagingDebugJsAndAssets UP-TO-DATE
Caching disabled for task ':app:createBundleStagingDebugJsAndAssets' because:
  Build cache is disabled
  Caching has not been enabled for the task
Skipping task ':app:createBundleStagingDebugJsAndAssets' as it is up-to-date.
Resolve mutations for :app:generateStagingDebugResValues (Thread[Execution worker Thread 10,5,main]) started.
:app:generateStagingDebugResValues (Thread[Execution worker Thread 7,5,main]) started.

> Task :app:generateStagingDebugResValues UP-TO-DATE
Caching disabled for task ':app:generateStagingDebugResValues' because:
  Build cache is disabled
Skipping task ':app:generateStagingDebugResValues' as it is up-to-date.
Resolve mutations for :app:processStagingDebugGoogleServices (Thread[Execution worker Thread 7,5,main]) started.
:app:processStagingDebugGoogleServices (Thread[Execution worker Thread 2,5,main]) started.

> Task :app:processStagingDebugGoogleServices UP-TO-DATE
Caching disabled for task ':app:processStagingDebugGoogleServices' because:
  Build cache is disabled
Skipping task ':app:processStagingDebugGoogleServices' as it is up-to-date.
Resolve mutations for :notifee_react-native:generateDebugResValues (Thread[Execution worker Thread 2,5,main]) started.
:notifee_react-native:generateDebugResValues (Thread[Execution worker Thread 12,5,main]) started.

> Task :notifee_react-native:generateDebugResValues UP-TO-DATE
Caching disabled for task ':notifee_react-native:generateDebugResValues' because:
  Build cache is disabled
Skipping task ':notifee_react-native:generateDebugResValues' as it is up-to-date.
Resolve mutations for :notifee_react-native:generateDebugResources (Thread[Execution worker Thread 12,5,main]) started.
:notifee_react-native:generateDebugResources (Thread[Execution worker Thread 7,5,main]) started.

> Task :notifee_react-native:generateDebugResources UP-TO-DATE
Caching disabled for task ':notifee_react-native:generateDebugResources' because:
  Build cache is disabled
Skipping task ':notifee_react-native:generateDebugResources' as it is up-to-date.
Resolve mutations for :notifee_react-native:packageDebugResources (Thread[Execution worker Thread 7,5,main]) started.
:notifee_react-native:packageDebugResources (Thread[Execution worker Thread 7,5,main]) started.

> Task :notifee_react-native:packageDebugResources UP-TO-DATE
Caching disabled for task ':notifee_react-native:packageDebugResources' because:
  Build cache is disabled
Skipping task ':notifee_react-native:packageDebugResources' as it is up-to-date.
work action resolve packageDebugResources (project :notifee_react-native) (Thread[Execution worker Thread 7,5,main]) started.
Resolve mutations for :react-native-async-storage_async-storage:generateDebugResValues (Thread[Execution worker Thread 7,5,main]) started.
:react-native-async-storage_async-storage:generateDebugResValues (Thread[included builds,5,main]) started.

> Task :react-native-async-storage_async-storage:generateDebugResValues UP-TO-DATE
Caching disabled for task ':react-native-async-storage_async-storage:generateDebugResValues' because:
  Build cache is disabled
Skipping task ':react-native-async-storage_async-storage:generateDebugResValues' as it is up-to-date.
Resolve mutations for :react-native-async-storage_async-storage:generateDebugResources (Thread[included builds,5,main]) started.
:react-native-async-storage_async-storage:generateDebugResources (Thread[Execution worker Thread 5,5,main]) started.

> Task :react-native-async-storage_async-storage:generateDebugResources UP-TO-DATE
Caching disabled for task ':react-native-async-storage_async-storage:generateDebugResources' because:
  Build cache is disabled
Skipping task ':react-native-async-storage_async-storage:generateDebugResources' as it is up-to-date.
Resolve mutations for :react-native-async-storage_async-storage:packageDebugResources (Thread[Execution worker Thread 5,5,main]) started.
:react-native-async-storage_async-storage:packageDebugResources (Thread[Execution worker Thread 5,5,main]) started.

> Task :react-native-async-storage_async-storage:packageDebugResources UP-TO-DATE
Caching disabled for task ':react-native-async-storage_async-storage:packageDebugResources' because:
  Build cache is disabled
Skipping task ':react-native-async-storage_async-storage:packageDebugResources' as it is up-to-date.
work action resolve packageDebugResources (project :react-native-async-storage_async-storage) (Thread[Execution worker Thread 5,5,main]) started.
Resolve mutations for :react-native-blob-util:generateDebugResValues (Thread[Execution worker Thread 5,5,main]) started.
:react-native-blob-util:generateDebugResValues (Thread[Execution worker Thread 8,5,main]) started.

> Task :react-native-blob-util:generateDebugResValues UP-TO-DATE
Caching disabled for task ':react-native-blob-util:generateDebugResValues' because:
  Build cache is disabled
Skipping task ':react-native-blob-util:generateDebugResValues' as it is up-to-date.
Resolve mutations for :react-native-blob-util:generateDebugResources (Thread[Execution worker Thread 8,5,main]) started.
:react-native-blob-util:generateDebugResources (Thread[Execution worker Thread 2,5,main]) started.

> Task :react-native-blob-util:generateDebugResources UP-TO-DATE
Caching disabled for task ':react-native-blob-util:generateDebugResources' because:
  Build cache is disabled
Skipping task ':react-native-blob-util:generateDebugResources' as it is up-to-date.
Resolve mutations for :react-native-blob-util:packageDebugResources (Thread[Execution worker Thread 2,5,main]) started.
:react-native-blob-util:packageDebugResources (Thread[Execution worker Thread 2,5,main]) started.

> Task :react-native-blob-util:packageDebugResources UP-TO-DATE
Caching disabled for task ':react-native-blob-util:packageDebugResources' because:
  Build cache is disabled
Skipping task ':react-native-blob-util:packageDebugResources' as it is up-to-date.
work action resolve packageDebugResources (project :react-native-blob-util) (Thread[Execution worker Thread 2,5,main]) started.
Resolve mutations for :react-native-community_blur:generateDebugResValues (Thread[Execution worker Thread 2,5,main]) started.
:react-native-community_blur:generateDebugResValues (Thread[Execution worker Thread 4,5,main]) started.

> Task :react-native-community_blur:generateDebugResValues UP-TO-DATE
Caching disabled for task ':react-native-community_blur:generateDebugResValues' because:
  Build cache is disabled
Skipping task ':react-native-community_blur:generateDebugResValues' as it is up-to-date.
Resolve mutations for :react-native-community_blur:generateDebugResources (Thread[Execution worker Thread 4,5,main]) started.
:react-native-community_blur:generateDebugResources (Thread[Execution worker Thread 4,5,main]) started.

> Task :react-native-community_blur:generateDebugResources UP-TO-DATE
Caching disabled for task ':react-native-community_blur:generateDebugResources' because:
  Build cache is disabled
Skipping task ':react-native-community_blur:generateDebugResources' as it is up-to-date.
Resolve mutations for :react-native-community_blur:packageDebugResources (Thread[Execution worker Thread 4,5,main]) started.
:react-native-community_blur:packageDebugResources (Thread[Execution worker Thread 4,5,main]) started.

> Task :react-native-community_blur:packageDebugResources UP-TO-DATE
Caching disabled for task ':react-native-community_blur:packageDebugResources' because:
  Build cache is disabled
Skipping task ':react-native-community_blur:packageDebugResources' as it is up-to-date.
work action resolve packageDebugResources (project :react-native-community_blur) (Thread[Execution worker Thread 4,5,main]) started.
Resolve mutations for :react-native-community_slider:generateDebugResValues (Thread[Execution worker Thread 4,5,main]) started.
:react-native-community_slider:generateDebugResValues (Thread[Execution worker Thread 4,5,main]) started.

> Task :react-native-community_slider:generateDebugResValues UP-TO-DATE
Caching disabled for task ':react-native-community_slider:generateDebugResValues' because:
  Build cache is disabled
Skipping task ':react-native-community_slider:generateDebugResValues' as it is up-to-date.
Resolve mutations for :react-native-community_slider:generateDebugResources (Thread[Execution worker Thread 4,5,main]) started.
:react-native-community_slider:generateDebugResources (Thread[Execution worker Thread 7,5,main]) started.

> Task :react-native-community_slider:generateDebugResources UP-TO-DATE
Caching disabled for task ':react-native-community_slider:generateDebugResources' because:
  Build cache is disabled
Skipping task ':react-native-community_slider:generateDebugResources' as it is up-to-date.
Resolve mutations for :react-native-community_slider:packageDebugResources (Thread[Execution worker Thread 7,5,main]) started.
:react-native-community_slider:packageDebugResources (Thread[Execution worker Thread 7,5,main]) started.

> Task :react-native-community_slider:packageDebugResources UP-TO-DATE
Caching disabled for task ':react-native-community_slider:packageDebugResources' because:
  Build cache is disabled
Skipping task ':react-native-community_slider:packageDebugResources' as it is up-to-date.
work action resolve packageDebugResources (project :react-native-community_slider) (Thread[Execution worker Thread 7,5,main]) started.
Resolve mutations for :react-native-device-info:generateDebugResValues (Thread[Execution worker Thread 7,5,main]) started.
:react-native-device-info:generateDebugResValues (Thread[Execution worker Thread 7,5,main]) started.

> Task :react-native-device-info:generateDebugResValues UP-TO-DATE
Caching disabled for task ':react-native-device-info:generateDebugResValues' because:
  Build cache is disabled
Skipping task ':react-native-device-info:generateDebugResValues' as it is up-to-date.
Resolve mutations for :react-native-device-info:generateDebugResources (Thread[Execution worker Thread 7,5,main]) started.
:react-native-device-info:generateDebugResources (Thread[Execution worker Thread 7,5,main]) started.

> Task :react-native-device-info:generateDebugResources UP-TO-DATE
Caching disabled for task ':react-native-device-info:generateDebugResources' because:
  Build cache is disabled
Skipping task ':react-native-device-info:generateDebugResources' as it is up-to-date.
Resolve mutations for :react-native-device-info:packageDebugResources (Thread[Execution worker Thread 7,5,main]) started.
:react-native-device-info:packageDebugResources (Thread[Execution worker Thread 7,5,main]) started.

> Task :react-native-device-info:packageDebugResources UP-TO-DATE
Caching disabled for task ':react-native-device-info:packageDebugResources' because:
  Build cache is disabled
Skipping task ':react-native-device-info:packageDebugResources' as it is up-to-date.
work action resolve packageDebugResources (project :react-native-device-info) (Thread[Execution worker Thread 7,5,main]) started.
Resolve mutations for :react-native-firebase_app:generateDebugResValues (Thread[Execution worker Thread 7,5,main]) started.
:react-native-firebase_app:generateDebugResValues (Thread[Execution worker Thread 12,5,main]) started.

> Task :react-native-firebase_app:generateDebugResValues UP-TO-DATE
Caching disabled for task ':react-native-firebase_app:generateDebugResValues' because:
  Build cache is disabled
Skipping task ':react-native-firebase_app:generateDebugResValues' as it is up-to-date.
Resolve mutations for :react-native-firebase_app:generateDebugResources (Thread[Execution worker Thread 12,5,main]) started.
:react-native-firebase_app:generateDebugResources (Thread[Execution worker Thread 12,5,main]) started.

> Task :react-native-firebase_app:generateDebugResources UP-TO-DATE
Caching disabled for task ':react-native-firebase_app:generateDebugResources' because:
  Build cache is disabled
Skipping task ':react-native-firebase_app:generateDebugResources' as it is up-to-date.
Resolve mutations for :react-native-firebase_app:packageDebugResources (Thread[Execution worker Thread 12,5,main]) started.
:react-native-firebase_app:packageDebugResources (Thread[Execution worker Thread 12,5,main]) started.

> Task :react-native-firebase_app:packageDebugResources UP-TO-DATE
Caching disabled for task ':react-native-firebase_app:packageDebugResources' because:
  Build cache is disabled
Skipping task ':react-native-firebase_app:packageDebugResources' as it is up-to-date.
work action resolve packageDebugResources (project :react-native-firebase_app) (Thread[Execution worker Thread 12,5,main]) started.
Resolve mutations for :react-native-firebase_auth:generateDebugResValues (Thread[Execution worker Thread 12,5,main]) started.
:react-native-firebase_auth:generateDebugResValues (Thread[Execution worker Thread 15,5,main]) started.

> Task :react-native-firebase_auth:generateDebugResValues UP-TO-DATE
Caching disabled for task ':react-native-firebase_auth:generateDebugResValues' because:
  Build cache is disabled
Skipping task ':react-native-firebase_auth:generateDebugResValues' as it is up-to-date.
Resolve mutations for :react-native-firebase_auth:generateDebugResources (Thread[Execution worker Thread 15,5,main]) started.
:react-native-firebase_auth:generateDebugResources (Thread[Execution worker Thread 9,5,main]) started.

> Task :react-native-firebase_auth:generateDebugResources UP-TO-DATE
Caching disabled for task ':react-native-firebase_auth:generateDebugResources' because:
  Build cache is disabled
Skipping task ':react-native-firebase_auth:generateDebugResources' as it is up-to-date.
Resolve mutations for :react-native-firebase_auth:packageDebugResources (Thread[Execution worker Thread 9,5,main]) started.
:react-native-firebase_auth:packageDebugResources (Thread[Execution worker Thread 9,5,main]) started.

> Task :react-native-firebase_auth:packageDebugResources UP-TO-DATE
Caching disabled for task ':react-native-firebase_auth:packageDebugResources' because:
  Build cache is disabled
Skipping task ':react-native-firebase_auth:packageDebugResources' as it is up-to-date.
work action resolve packageDebugResources (project :react-native-firebase_auth) (Thread[Execution worker Thread 9,5,main]) started.
Resolve mutations for :react-native-firebase_messaging:generateDebugResValues (Thread[Execution worker Thread 9,5,main]) started.
:react-native-firebase_messaging:generateDebugResValues (Thread[Execution worker Thread 9,5,main]) started.

> Task :react-native-firebase_messaging:generateDebugResValues UP-TO-DATE
Caching disabled for task ':react-native-firebase_messaging:generateDebugResValues' because:
  Build cache is disabled
Skipping task ':react-native-firebase_messaging:generateDebugResValues' as it is up-to-date.
Resolve mutations for :react-native-firebase_messaging:generateDebugResources (Thread[Execution worker Thread 9,5,main]) started.
:react-native-firebase_messaging:generateDebugResources (Thread[Execution worker Thread 9,5,main]) started.

> Task :react-native-firebase_messaging:generateDebugResources UP-TO-DATE
Caching disabled for task ':react-native-firebase_messaging:generateDebugResources' because:
  Build cache is disabled
Skipping task ':react-native-firebase_messaging:generateDebugResources' as it is up-to-date.
Resolve mutations for :react-native-firebase_messaging:packageDebugResources (Thread[Execution worker Thread 9,5,main]) started.
:react-native-firebase_messaging:packageDebugResources (Thread[Execution worker Thread 9,5,main]) started.

> Task :react-native-firebase_messaging:packageDebugResources UP-TO-DATE
Caching disabled for task ':react-native-firebase_messaging:packageDebugResources' because:
  Build cache is disabled
Skipping task ':react-native-firebase_messaging:packageDebugResources' as it is up-to-date.
work action resolve packageDebugResources (project :react-native-firebase_messaging) (Thread[Execution worker Thread 9,5,main]) started.
Resolve mutations for :react-native-gesture-handler:generateDebugResValues (Thread[Execution worker Thread 9,5,main]) started.
:react-native-gesture-handler:generateDebugResValues (Thread[Execution worker Thread 6,5,main]) started.

> Task :react-native-gesture-handler:generateDebugResValues UP-TO-DATE
Caching disabled for task ':react-native-gesture-handler:generateDebugResValues' because:
  Build cache is disabled
Skipping task ':react-native-gesture-handler:generateDebugResValues' as it is up-to-date.
Resolve mutations for :react-native-gesture-handler:generateDebugResources (Thread[Execution worker Thread 6,5,main]) started.
:react-native-gesture-handler:generateDebugResources (Thread[Execution worker Thread 2,5,main]) started.

> Task :react-native-gesture-handler:generateDebugResources UP-TO-DATE
Caching disabled for task ':react-native-gesture-handler:generateDebugResources' because:
  Build cache is disabled
Skipping task ':react-native-gesture-handler:generateDebugResources' as it is up-to-date.
Resolve mutations for :react-native-gesture-handler:packageDebugResources (Thread[Execution worker Thread 2,5,main]) started.
:react-native-gesture-handler:packageDebugResources (Thread[Execution worker Thread 2,5,main]) started.

> Task :react-native-gesture-handler:packageDebugResources UP-TO-DATE
Caching disabled for task ':react-native-gesture-handler:packageDebugResources' because:
  Build cache is disabled
Skipping task ':react-native-gesture-handler:packageDebugResources' as it is up-to-date.
work action resolve packageDebugResources (project :react-native-gesture-handler) (Thread[Execution worker Thread 2,5,main]) started.
Resolve mutations for :react-native-image-crop-picker:generateDebugResValues (Thread[Execution worker Thread 2,5,main]) started.
:react-native-image-crop-picker:generateDebugResValues (Thread[Execution worker Thread 5,5,main]) started.

> Task :react-native-image-crop-picker:generateDebugResValues UP-TO-DATE
Caching disabled for task ':react-native-image-crop-picker:generateDebugResValues' because:
  Build cache is disabled
Skipping task ':react-native-image-crop-picker:generateDebugResValues' as it is up-to-date.
Resolve mutations for :react-native-image-crop-picker:generateDebugResources (Thread[Execution worker Thread 5,5,main]) started.
:react-native-image-crop-picker:generateDebugResources (Thread[Execution worker Thread 14,5,main]) started.

> Task :react-native-image-crop-picker:generateDebugResources UP-TO-DATE
Caching disabled for task ':react-native-image-crop-picker:generateDebugResources' because:
  Build cache is disabled
Skipping task ':react-native-image-crop-picker:generateDebugResources' as it is up-to-date.
Resolve mutations for :react-native-image-crop-picker:packageDebugResources (Thread[Execution worker Thread 14,5,main]) started.
:react-native-image-crop-picker:packageDebugResources (Thread[Execution worker Thread 14,5,main]) started.

> Task :react-native-image-crop-picker:packageDebugResources UP-TO-DATE
Caching disabled for task ':react-native-image-crop-picker:packageDebugResources' because:
  Build cache is disabled
Skipping task ':react-native-image-crop-picker:packageDebugResources' as it is up-to-date.
work action resolve packageDebugResources (project :react-native-image-crop-picker) (Thread[Execution worker Thread 14,5,main]) started.
Resolve mutations for :react-native-keyboard-controller:generateDebugResValues (Thread[Execution worker Thread 14,5,main]) started.
:react-native-keyboard-controller:generateDebugResValues (Thread[Execution worker Thread 6,5,main]) started.

> Task :react-native-keyboard-controller:generateDebugResValues UP-TO-DATE
Caching disabled for task ':react-native-keyboard-controller:generateDebugResValues' because:
  Build cache is disabled
Skipping task ':react-native-keyboard-controller:generateDebugResValues' as it is up-to-date.
Resolve mutations for :react-native-keyboard-controller:generateDebugResources (Thread[Execution worker Thread 6,5,main]) started.
:react-native-keyboard-controller:generateDebugResources (Thread[Execution worker Thread 3,5,main]) started.

> Task :react-native-keyboard-controller:generateDebugResources UP-TO-DATE
Caching disabled for task ':react-native-keyboard-controller:generateDebugResources' because:
  Build cache is disabled
Skipping task ':react-native-keyboard-controller:generateDebugResources' as it is up-to-date.
Resolve mutations for :react-native-keyboard-controller:packageDebugResources (Thread[Execution worker Thread 3,5,main]) started.
:react-native-keyboard-controller:packageDebugResources (Thread[Execution worker Thread 3,5,main]) started.

> Task :react-native-keyboard-controller:packageDebugResources UP-TO-DATE
Caching disabled for task ':react-native-keyboard-controller:packageDebugResources' because:
  Build cache is disabled
Skipping task ':react-native-keyboard-controller:packageDebugResources' as it is up-to-date.
work action resolve packageDebugResources (project :react-native-keyboard-controller) (Thread[Execution worker Thread 3,5,main]) started.
Resolve mutations for :react-native-linear-gradient:generateDebugResValues (Thread[Execution worker Thread 2,5,main]) started.
:react-native-linear-gradient:generateDebugResValues (Thread[Execution worker Thread 5,5,main]) started.

> Task :react-native-linear-gradient:generateDebugResValues UP-TO-DATE
Caching disabled for task ':react-native-linear-gradient:generateDebugResValues' because:
  Build cache is disabled
Skipping task ':react-native-linear-gradient:generateDebugResValues' as it is up-to-date.
Resolve mutations for :react-native-linear-gradient:generateDebugResources (Thread[Execution worker Thread 5,5,main]) started.
:react-native-linear-gradient:generateDebugResources (Thread[Execution worker Thread 13,5,main]) started.

> Task :react-native-linear-gradient:generateDebugResources UP-TO-DATE
Caching disabled for task ':react-native-linear-gradient:generateDebugResources' because:
  Build cache is disabled
Skipping task ':react-native-linear-gradient:generateDebugResources' as it is up-to-date.
Resolve mutations for :react-native-linear-gradient:packageDebugResources (Thread[Execution worker Thread 13,5,main]) started.
:react-native-linear-gradient:packageDebugResources (Thread[Execution worker Thread 13,5,main]) started.

> Task :react-native-linear-gradient:packageDebugResources UP-TO-DATE
Caching disabled for task ':react-native-linear-gradient:packageDebugResources' because:
  Build cache is disabled
Skipping task ':react-native-linear-gradient:packageDebugResources' as it is up-to-date.
work action resolve packageDebugResources (project :react-native-linear-gradient) (Thread[Execution worker Thread 13,5,main]) started.
Resolve mutations for :react-native-maps:generateDebugResValues (Thread[Execution worker Thread 13,5,main]) started.
:react-native-maps:generateDebugResValues (Thread[Execution worker Thread 13,5,main]) started.

> Task :react-native-maps:generateDebugResValues UP-TO-DATE
Caching disabled for task ':react-native-maps:generateDebugResValues' because:
  Build cache is disabled
Skipping task ':react-native-maps:generateDebugResValues' as it is up-to-date.
Resolve mutations for :react-native-maps:generateDebugResources (Thread[Execution worker Thread 13,5,main]) started.
:react-native-maps:generateDebugResources (Thread[Execution worker Thread 13,5,main]) started.

> Task :react-native-maps:generateDebugResources UP-TO-DATE
Caching disabled for task ':react-native-maps:generateDebugResources' because:
  Build cache is disabled
Skipping task ':react-native-maps:generateDebugResources' as it is up-to-date.
Resolve mutations for :react-native-maps:packageDebugResources (Thread[Execution worker Thread 13,5,main]) started.
:react-native-maps:packageDebugResources (Thread[Execution worker Thread 13,5,main]) started.

> Task :react-native-maps:packageDebugResources UP-TO-DATE
Caching disabled for task ':react-native-maps:packageDebugResources' because:
  Build cache is disabled
Skipping task ':react-native-maps:packageDebugResources' as it is up-to-date.
work action resolve packageDebugResources (project :react-native-maps) (Thread[Execution worker Thread 13,5,main]) started.
Resolve mutations for :react-native-masked-view_masked-view:generateDebugResValues (Thread[Execution worker Thread 13,5,main]) started.
:react-native-masked-view_masked-view:generateDebugResValues (Thread[Execution worker Thread 15,5,main]) started.

> Task :react-native-masked-view_masked-view:generateDebugResValues UP-TO-DATE
Caching disabled for task ':react-native-masked-view_masked-view:generateDebugResValues' because:
  Build cache is disabled
Skipping task ':react-native-masked-view_masked-view:generateDebugResValues' as it is up-to-date.
Resolve mutations for :react-native-masked-view_masked-view:generateDebugResources (Thread[Execution worker Thread 15,5,main]) started.
:react-native-masked-view_masked-view:generateDebugResources (Thread[Execution worker Thread 14,5,main]) started.

> Task :react-native-masked-view_masked-view:generateDebugResources UP-TO-DATE
Caching disabled for task ':react-native-masked-view_masked-view:generateDebugResources' because:
  Build cache is disabled
Skipping task ':react-native-masked-view_masked-view:generateDebugResources' as it is up-to-date.
Resolve mutations for :react-native-masked-view_masked-view:packageDebugResources (Thread[Execution worker Thread 14,5,main]) started.
:react-native-masked-view_masked-view:packageDebugResources (Thread[Execution worker Thread 14,5,main]) started.

> Task :react-native-masked-view_masked-view:packageDebugResources UP-TO-DATE
Caching disabled for task ':react-native-masked-view_masked-view:packageDebugResources' because:
  Build cache is disabled
Skipping task ':react-native-masked-view_masked-view:packageDebugResources' as it is up-to-date.
work action resolve packageDebugResources (project :react-native-masked-view_masked-view) (Thread[Execution worker Thread 14,5,main]) started.
Resolve mutations for :react-native-mmkv:generateDebugResValues (Thread[Execution worker Thread 14,5,main]) started.
:react-native-mmkv:generateDebugResValues (Thread[Execution worker,5,main]) started.

> Task :react-native-mmkv:generateDebugResValues UP-TO-DATE
Caching disabled for task ':react-native-mmkv:generateDebugResValues' because:
  Build cache is disabled
Skipping task ':react-native-mmkv:generateDebugResValues' as it is up-to-date.
Resolve mutations for :react-native-mmkv:generateDebugResources (Thread[Execution worker,5,main]) started.
:react-native-mmkv:generateDebugResources (Thread[included builds,5,main]) started.

> Task :react-native-mmkv:generateDebugResources UP-TO-DATE
Caching disabled for task ':react-native-mmkv:generateDebugResources' because:
  Build cache is disabled
Skipping task ':react-native-mmkv:generateDebugResources' as it is up-to-date.
Resolve mutations for :react-native-mmkv:packageDebugResources (Thread[included builds,5,main]) started.
:react-native-mmkv:packageDebugResources (Thread[included builds,5,main]) started.

> Task :react-native-mmkv:packageDebugResources UP-TO-DATE
Caching disabled for task ':react-native-mmkv:packageDebugResources' because:
  Build cache is disabled
Skipping task ':react-native-mmkv:packageDebugResources' as it is up-to-date.
work action resolve packageDebugResources (project :react-native-mmkv) (Thread[included builds,5,main]) started.
Resolve mutations for :react-native-reanimated:generateDebugResValues (Thread[included builds,5,main]) started.
:react-native-reanimated:generateDebugResValues (Thread[included builds,5,main]) started.

> Task :react-native-reanimated:generateDebugResValues UP-TO-DATE
Caching disabled for task ':react-native-reanimated:generateDebugResValues' because:
  Build cache is disabled
Skipping task ':react-native-reanimated:generateDebugResValues' as it is up-to-date.
Resolve mutations for :react-native-reanimated:generateDebugResources (Thread[included builds,5,main]) started.
:react-native-reanimated:generateDebugResources (Thread[Execution worker Thread 15,5,main]) started.

> Task :react-native-reanimated:generateDebugResources UP-TO-DATE
Caching disabled for task ':react-native-reanimated:generateDebugResources' because:
  Build cache is disabled
Skipping task ':react-native-reanimated:generateDebugResources' as it is up-to-date.
Resolve mutations for :react-native-reanimated:packageDebugResources (Thread[Execution worker Thread 15,5,main]) started.
:react-native-reanimated:packageDebugResources (Thread[Execution worker Thread 15,5,main]) started.

> Task :react-native-reanimated:packageDebugResources UP-TO-DATE
Caching disabled for task ':react-native-reanimated:packageDebugResources' because:
  Build cache is disabled
Skipping task ':react-native-reanimated:packageDebugResources' as it is up-to-date.
work action resolve packageDebugResources (project :react-native-reanimated) (Thread[Execution worker Thread 15,5,main]) started.
Resolve mutations for :react-native-safe-area-context:generateDebugResValues (Thread[Execution worker Thread 15,5,main]) started.
:react-native-safe-area-context:generateDebugResValues (Thread[Execution worker Thread 3,5,main]) started.

> Task :react-native-safe-area-context:generateDebugResValues UP-TO-DATE
Caching disabled for task ':react-native-safe-area-context:generateDebugResValues' because:
  Build cache is disabled
Skipping task ':react-native-safe-area-context:generateDebugResValues' as it is up-to-date.
Resolve mutations for :react-native-safe-area-context:generateDebugResources (Thread[Execution worker Thread 3,5,main]) started.
:react-native-safe-area-context:generateDebugResources (Thread[Execution worker Thread 10,5,main]) started.

> Task :react-native-safe-area-context:generateDebugResources UP-TO-DATE
Caching disabled for task ':react-native-safe-area-context:generateDebugResources' because:
  Build cache is disabled
Skipping task ':react-native-safe-area-context:generateDebugResources' as it is up-to-date.
Resolve mutations for :react-native-safe-area-context:packageDebugResources (Thread[Execution worker Thread 10,5,main]) started.
:react-native-safe-area-context:packageDebugResources (Thread[Execution worker Thread 10,5,main]) started.

> Task :react-native-safe-area-context:packageDebugResources UP-TO-DATE
Caching disabled for task ':react-native-safe-area-context:packageDebugResources' because:
  Build cache is disabled
Skipping task ':react-native-safe-area-context:packageDebugResources' as it is up-to-date.
work action resolve packageDebugResources (project :react-native-safe-area-context) (Thread[Execution worker Thread 10,5,main]) started.
Resolve mutations for :react-native-screens:generateDebugResValues (Thread[Execution worker Thread 10,5,main]) started.
:react-native-screens:generateDebugResValues (Thread[Execution worker Thread 9,5,main]) started.

> Task :react-native-screens:generateDebugResValues UP-TO-DATE
Caching disabled for task ':react-native-screens:generateDebugResValues' because:
  Build cache is disabled
Skipping task ':react-native-screens:generateDebugResValues' as it is up-to-date.
Resolve mutations for :react-native-screens:generateDebugResources (Thread[Execution worker Thread 9,5,main]) started.
:react-native-screens:generateDebugResources (Thread[Execution worker Thread 9,5,main]) started.

> Task :react-native-screens:generateDebugResources UP-TO-DATE
Caching disabled for task ':react-native-screens:generateDebugResources' because:
  Build cache is disabled
Skipping task ':react-native-screens:generateDebugResources' as it is up-to-date.
Resolve mutations for :react-native-screens:packageDebugResources (Thread[Execution worker Thread 9,5,main]) started.
:react-native-screens:packageDebugResources (Thread[Execution worker Thread 9,5,main]) started.

> Task :react-native-screens:packageDebugResources UP-TO-DATE
Caching disabled for task ':react-native-screens:packageDebugResources' because:
  Build cache is disabled
Skipping task ':react-native-screens:packageDebugResources' as it is up-to-date.
work action resolve packageDebugResources (project :react-native-screens) (Thread[Execution worker Thread 9,5,main]) started.
Resolve mutations for :react-native-view-shot:generateDebugResValues (Thread[Execution worker Thread 9,5,main]) started.
:react-native-view-shot:generateDebugResValues (Thread[Execution worker Thread 9,5,main]) started.

> Task :react-native-view-shot:generateDebugResValues UP-TO-DATE
Caching disabled for task ':react-native-view-shot:generateDebugResValues' because:
  Build cache is disabled
Skipping task ':react-native-view-shot:generateDebugResValues' as it is up-to-date.
Resolve mutations for :react-native-view-shot:generateDebugResources (Thread[Execution worker Thread 9,5,main]) started.
:react-native-view-shot:generateDebugResources (Thread[Execution worker Thread 8,5,main]) started.

> Task :react-native-view-shot:generateDebugResources UP-TO-DATE
Caching disabled for task ':react-native-view-shot:generateDebugResources' because:
  Build cache is disabled
Skipping task ':react-native-view-shot:generateDebugResources' as it is up-to-date.
Resolve mutations for :react-native-view-shot:packageDebugResources (Thread[Execution worker Thread 8,5,main]) started.
:react-native-view-shot:packageDebugResources (Thread[Execution worker Thread 8,5,main]) started.

> Task :react-native-view-shot:packageDebugResources UP-TO-DATE
Caching disabled for task ':react-native-view-shot:packageDebugResources' because:
  Build cache is disabled
Skipping task ':react-native-view-shot:packageDebugResources' as it is up-to-date.
work action resolve packageDebugResources (project :react-native-view-shot) (Thread[Execution worker Thread 8,5,main]) started.
Resolve mutations for :sentry_react-native:generateDebugResValues (Thread[Execution worker Thread 8,5,main]) started.
:sentry_react-native:generateDebugResValues (Thread[Execution worker,5,main]) started.

> Task :sentry_react-native:generateDebugResValues UP-TO-DATE
Caching disabled for task ':sentry_react-native:generateDebugResValues' because:
  Build cache is disabled
Skipping task ':sentry_react-native:generateDebugResValues' as it is up-to-date.
Resolve mutations for :sentry_react-native:generateDebugResources (Thread[Execution worker,5,main]) started.
:sentry_react-native:generateDebugResources (Thread[Execution worker Thread 11,5,main]) started.

> Task :sentry_react-native:generateDebugResources UP-TO-DATE
Caching disabled for task ':sentry_react-native:generateDebugResources' because:
  Build cache is disabled
Skipping task ':sentry_react-native:generateDebugResources' as it is up-to-date.
Resolve mutations for :sentry_react-native:packageDebugResources (Thread[Execution worker Thread 11,5,main]) started.
:sentry_react-native:packageDebugResources (Thread[Execution worker Thread 11,5,main]) started.

> Task :sentry_react-native:packageDebugResources UP-TO-DATE
Caching disabled for task ':sentry_react-native:packageDebugResources' because:
  Build cache is disabled
Skipping task ':sentry_react-native:packageDebugResources' as it is up-to-date.
work action resolve packageDebugResources (project :sentry_react-native) (Thread[Execution worker Thread 11,5,main]) started.
Resolve mutations for :app:mapStagingDebugSourceSetPaths (Thread[Execution worker Thread 11,5,main]) started.
:app:mapStagingDebugSourceSetPaths (Thread[Execution worker Thread 11,5,main]) started.

> Task :app:mapStagingDebugSourceSetPaths UP-TO-DATE
Caching disabled for task ':app:mapStagingDebugSourceSetPaths' because:
  Build cache is disabled
  Caching has been disabled for the task
Skipping task ':app:mapStagingDebugSourceSetPaths' as it is up-to-date.
Resolve mutations for :app:generateStagingDebugResources (Thread[Execution worker Thread 11,5,main]) started.
:app:generateStagingDebugResources (Thread[Execution worker Thread 11,5,main]) started.

> Task :app:generateStagingDebugResources UP-TO-DATE
Caching disabled for task ':app:generateStagingDebugResources' because:
  Build cache is disabled
Skipping task ':app:generateStagingDebugResources' as it is up-to-date.
Resolve mutations for :app:mergeStagingDebugResources (Thread[Execution worker Thread 11,5,main]) started.
:app:mergeStagingDebugResources (Thread[Execution worker Thread 11,5,main]) started.

> Task :app:mergeStagingDebugResources UP-TO-DATE
Caching disabled for task ':app:mergeStagingDebugResources' because:
  Build cache is disabled
Skipping task ':app:mergeStagingDebugResources' as it is up-to-date.
Resolve mutations for :app:packageStagingDebugResources (Thread[Execution worker Thread 11,5,main]) started.
:app:packageStagingDebugResources (Thread[Execution worker Thread 11,5,main]) started.

> Task :app:packageStagingDebugResources UP-TO-DATE
Caching disabled for task ':app:packageStagingDebugResources' because:
  Build cache is disabled
Skipping task ':app:packageStagingDebugResources' as it is up-to-date.
Resolve mutations for :app:parseStagingDebugLocalResources (Thread[Execution worker Thread 11,5,main]) started.
:app:parseStagingDebugLocalResources (Thread[Execution worker Thread 11,5,main]) started.

> Task :app:parseStagingDebugLocalResources UP-TO-DATE
Caching disabled for task ':app:parseStagingDebugLocalResources' because:
  Build cache is disabled
Skipping task ':app:parseStagingDebugLocalResources' as it is up-to-date.
Resolve mutations for :app:createStagingDebugCompatibleScreenManifests (Thread[Execution worker Thread 11,5,main]) started.
:app:createStagingDebugCompatibleScreenManifests (Thread[included builds,5,main]) started.

> Task :app:createStagingDebugCompatibleScreenManifests UP-TO-DATE
Caching disabled for task ':app:createStagingDebugCompatibleScreenManifests' because:
  Build cache is disabled
  Caching has been disabled for the task
Skipping task ':app:createStagingDebugCompatibleScreenManifests' as it is up-to-date.
Resolve mutations for :app:extractDeepLinksStagingDebug (Thread[included builds,5,main]) started.
:app:extractDeepLinksStagingDebug (Thread[included builds,5,main]) started.

> Task :app:extractDeepLinksStagingDebug UP-TO-DATE
Caching disabled for task ':app:extractDeepLinksStagingDebug' because:
  Build cache is disabled
Skipping task ':app:extractDeepLinksStagingDebug' as it is up-to-date.
Resolve mutations for :notifee_react-native:extractDeepLinksDebug (Thread[included builds,5,main]) started.
:notifee_react-native:extractDeepLinksDebug (Thread[Execution worker Thread 7,5,main]) started.

> Task :notifee_react-native:extractDeepLinksDebug UP-TO-DATE
Caching disabled for task ':notifee_react-native:extractDeepLinksDebug' because:
  Build cache is disabled
Skipping task ':notifee_react-native:extractDeepLinksDebug' as it is up-to-date.
work action resolve navigation.json (project :notifee_react-native) (Thread[Execution worker Thread 7,5,main]) started.
Resolve mutations for :notifee_react-native:processDebugManifest (Thread[Execution worker Thread 7,5,main]) started.
:notifee_react-native:processDebugManifest (Thread[Execution worker Thread 12,5,main]) started.

> Task :notifee_react-native:processDebugManifest UP-TO-DATE
Caching disabled for task ':notifee_react-native:processDebugManifest' because:
  Build cache is disabled
Skipping task ':notifee_react-native:processDebugManifest' as it is up-to-date.
work action resolve AndroidManifest.xml (project :notifee_react-native) (Thread[Execution worker Thread 12,5,main]) started.
Resolve mutations for :react-native-async-storage_async-storage:extractDeepLinksDebug (Thread[included builds,5,main]) started.
:react-native-async-storage_async-storage:extractDeepLinksDebug (Thread[Execution worker Thread 13,5,main]) started.

> Task :react-native-async-storage_async-storage:extractDeepLinksDebug UP-TO-DATE
Caching disabled for task ':react-native-async-storage_async-storage:extractDeepLinksDebug' because:
  Build cache is disabled
Skipping task ':react-native-async-storage_async-storage:extractDeepLinksDebug' as it is up-to-date.
work action resolve navigation.json (project :react-native-async-storage_async-storage) (Thread[Execution worker Thread 13,5,main]) started.
Resolve mutations for :react-native-async-storage_async-storage:processDebugManifest (Thread[Execution worker Thread 13,5,main]) started.
:react-native-async-storage_async-storage:processDebugManifest (Thread[Execution worker Thread 6,5,main]) started.

> Task :react-native-async-storage_async-storage:processDebugManifest UP-TO-DATE
Caching disabled for task ':react-native-async-storage_async-storage:processDebugManifest' because:
  Build cache is disabled
Skipping task ':react-native-async-storage_async-storage:processDebugManifest' as it is up-to-date.
work action resolve AndroidManifest.xml (project :react-native-async-storage_async-storage) (Thread[Execution worker Thread 6,5,main]) started.
Resolve mutations for :react-native-blob-util:extractDeepLinksDebug (Thread[Execution worker Thread 6,5,main]) started.
:react-native-blob-util:extractDeepLinksDebug (Thread[Execution worker Thread 6,5,main]) started.

> Task :react-native-blob-util:extractDeepLinksDebug UP-TO-DATE
Caching disabled for task ':react-native-blob-util:extractDeepLinksDebug' because:
  Build cache is disabled
Skipping task ':react-native-blob-util:extractDeepLinksDebug' as it is up-to-date.
work action resolve navigation.json (project :react-native-blob-util) (Thread[Execution worker Thread 6,5,main]) started.
Resolve mutations for :react-native-blob-util:processDebugManifest (Thread[Execution worker Thread 6,5,main]) started.
:react-native-blob-util:processDebugManifest (Thread[Execution worker Thread 6,5,main]) started.

> Task :react-native-blob-util:processDebugManifest UP-TO-DATE
Caching disabled for task ':react-native-blob-util:processDebugManifest' because:
  Build cache is disabled
Skipping task ':react-native-blob-util:processDebugManifest' as it is up-to-date.
work action resolve AndroidManifest.xml (project :react-native-blob-util) (Thread[Execution worker Thread 6,5,main]) started.
Resolve mutations for :react-native-community_blur:extractDeepLinksDebug (Thread[Execution worker Thread 6,5,main]) started.
:react-native-community_blur:extractDeepLinksDebug (Thread[Execution worker Thread 6,5,main]) started.

> Task :react-native-community_blur:extractDeepLinksDebug UP-TO-DATE
Caching disabled for task ':react-native-community_blur:extractDeepLinksDebug' because:
  Build cache is disabled
Skipping task ':react-native-community_blur:extractDeepLinksDebug' as it is up-to-date.
work action resolve navigation.json (project :react-native-community_blur) (Thread[Execution worker Thread 6,5,main]) started.
Resolve mutations for :react-native-community_blur:processDebugManifest (Thread[Execution worker Thread 5,5,main]) started.
:react-native-community_blur:processDebugManifest (Thread[Execution worker Thread 5,5,main]) started.

> Task :react-native-community_blur:processDebugManifest UP-TO-DATE
Caching disabled for task ':react-native-community_blur:processDebugManifest' because:
  Build cache is disabled
Skipping task ':react-native-community_blur:processDebugManifest' as it is up-to-date.
work action resolve AndroidManifest.xml (project :react-native-community_blur) (Thread[Execution worker Thread 5,5,main]) started.
Resolve mutations for :react-native-community_slider:extractDeepLinksDebug (Thread[Execution worker Thread 5,5,main]) started.
:react-native-community_slider:extractDeepLinksDebug (Thread[Execution worker Thread 10,5,main]) started.

> Task :react-native-community_slider:extractDeepLinksDebug UP-TO-DATE
Caching disabled for task ':react-native-community_slider:extractDeepLinksDebug' because:
  Build cache is disabled
Skipping task ':react-native-community_slider:extractDeepLinksDebug' as it is up-to-date.
work action resolve navigation.json (project :react-native-community_slider) (Thread[Execution worker Thread 10,5,main]) started.
Resolve mutations for :react-native-community_slider:processDebugManifest (Thread[Execution worker Thread 10,5,main]) started.
:react-native-community_slider:processDebugManifest (Thread[Execution worker Thread 10,5,main]) started.

> Task :react-native-community_slider:processDebugManifest UP-TO-DATE
Caching disabled for task ':react-native-community_slider:processDebugManifest' because:
  Build cache is disabled
Skipping task ':react-native-community_slider:processDebugManifest' as it is up-to-date.
work action resolve AndroidManifest.xml (project :react-native-community_slider) (Thread[Execution worker Thread 10,5,main]) started.
Resolve mutations for :react-native-device-info:extractDeepLinksDebug (Thread[Execution worker Thread 10,5,main]) started.
:react-native-device-info:extractDeepLinksDebug (Thread[Execution worker Thread 10,5,main]) started.

> Task :react-native-device-info:extractDeepLinksDebug UP-TO-DATE
Caching disabled for task ':react-native-device-info:extractDeepLinksDebug' because:
  Build cache is disabled
Skipping task ':react-native-device-info:extractDeepLinksDebug' as it is up-to-date.
work action resolve navigation.json (project :react-native-device-info) (Thread[Execution worker Thread 10,5,main]) started.
Resolve mutations for :react-native-device-info:processDebugManifest (Thread[Execution worker Thread 10,5,main]) started.
:react-native-device-info:processDebugManifest (Thread[Execution worker Thread 15,5,main]) started.

> Task :react-native-device-info:processDebugManifest UP-TO-DATE
Caching disabled for task ':react-native-device-info:processDebugManifest' because:
  Build cache is disabled
Skipping task ':react-native-device-info:processDebugManifest' as it is up-to-date.
work action resolve AndroidManifest.xml (project :react-native-device-info) (Thread[Execution worker Thread 15,5,main]) started.
Resolve mutations for :react-native-firebase_app:extractDeepLinksDebug (Thread[Execution worker Thread 12,5,main]) started.
:react-native-firebase_app:extractDeepLinksDebug (Thread[Execution worker Thread 11,5,main]) started.

> Task :react-native-firebase_app:extractDeepLinksDebug UP-TO-DATE
Caching disabled for task ':react-native-firebase_app:extractDeepLinksDebug' because:
  Build cache is disabled
Skipping task ':react-native-firebase_app:extractDeepLinksDebug' as it is up-to-date.
work action resolve navigation.json (project :react-native-firebase_app) (Thread[Execution worker Thread 11,5,main]) started.
Resolve mutations for :react-native-firebase_app:processDebugManifest (Thread[Execution worker Thread 11,5,main]) started.
:react-native-firebase_app:processDebugManifest (Thread[Execution worker Thread 6,5,main]) started.

> Task :react-native-firebase_app:processDebugManifest UP-TO-DATE
Caching disabled for task ':react-native-firebase_app:processDebugManifest' because:
  Build cache is disabled
Skipping task ':react-native-firebase_app:processDebugManifest' as it is up-to-date.
work action resolve AndroidManifest.xml (project :react-native-firebase_app) (Thread[Execution worker Thread 6,5,main]) started.
Resolve mutations for :react-native-firebase_auth:extractDeepLinksDebug (Thread[Execution worker Thread 6,5,main]) started.
:react-native-firebase_auth:extractDeepLinksDebug (Thread[Execution worker Thread 15,5,main]) started.

> Task :react-native-firebase_auth:extractDeepLinksDebug UP-TO-DATE
Caching disabled for task ':react-native-firebase_auth:extractDeepLinksDebug' because:
  Build cache is disabled
Skipping task ':react-native-firebase_auth:extractDeepLinksDebug' as it is up-to-date.
work action resolve navigation.json (project :react-native-firebase_auth) (Thread[Execution worker Thread 15,5,main]) started.
Resolve mutations for :react-native-firebase_auth:processDebugManifest (Thread[Execution worker Thread 11,5,main]) started.
:react-native-firebase_auth:processDebugManifest (Thread[Execution worker Thread 9,5,main]) started.

> Task :react-native-firebase_auth:processDebugManifest UP-TO-DATE
Caching disabled for task ':react-native-firebase_auth:processDebugManifest' because:
  Build cache is disabled
Skipping task ':react-native-firebase_auth:processDebugManifest' as it is up-to-date.
work action resolve AndroidManifest.xml (project :react-native-firebase_auth) (Thread[Execution worker Thread 9,5,main]) started.
Resolve mutations for :react-native-firebase_messaging:extractDeepLinksDebug (Thread[Execution worker Thread 15,5,main]) started.
:react-native-firebase_messaging:extractDeepLinksDebug (Thread[Execution worker Thread 15,5,main]) started.

> Task :react-native-firebase_messaging:extractDeepLinksDebug UP-TO-DATE
Caching disabled for task ':react-native-firebase_messaging:extractDeepLinksDebug' because:
  Build cache is disabled
Skipping task ':react-native-firebase_messaging:extractDeepLinksDebug' as it is up-to-date.
work action resolve navigation.json (project :react-native-firebase_messaging) (Thread[Execution worker Thread 15,5,main]) started.
Resolve mutations for :react-native-firebase_messaging:processDebugManifest (Thread[Execution worker Thread 11,5,main]) started.
:react-native-firebase_messaging:processDebugManifest (Thread[Execution worker Thread 11,5,main]) started.

> Task :react-native-firebase_messaging:processDebugManifest UP-TO-DATE
Caching disabled for task ':react-native-firebase_messaging:processDebugManifest' because:
  Build cache is disabled
Skipping task ':react-native-firebase_messaging:processDebugManifest' as it is up-to-date.
work action resolve AndroidManifest.xml (project :react-native-firebase_messaging) (Thread[Execution worker Thread 11,5,main]) started.
Resolve mutations for :react-native-gesture-handler:extractDeepLinksDebug (Thread[Execution worker Thread 11,5,main]) started.
:react-native-gesture-handler:extractDeepLinksDebug (Thread[Execution worker Thread 5,5,main]) started.

> Task :react-native-gesture-handler:extractDeepLinksDebug UP-TO-DATE
Caching disabled for task ':react-native-gesture-handler:extractDeepLinksDebug' because:
  Build cache is disabled
Skipping task ':react-native-gesture-handler:extractDeepLinksDebug' as it is up-to-date.
work action resolve navigation.json (project :react-native-gesture-handler) (Thread[Execution worker Thread 5,5,main]) started.
Resolve mutations for :react-native-gesture-handler:processDebugManifest (Thread[Execution worker Thread 6,5,main]) started.
:react-native-gesture-handler:processDebugManifest (Thread[Execution worker Thread 6,5,main]) started.

> Task :react-native-gesture-handler:processDebugManifest UP-TO-DATE
Caching disabled for task ':react-native-gesture-handler:processDebugManifest' because:
  Build cache is disabled
Skipping task ':react-native-gesture-handler:processDebugManifest' as it is up-to-date.
work action resolve AndroidManifest.xml (project :react-native-gesture-handler) (Thread[Execution worker Thread 6,5,main]) started.
Resolve mutations for :react-native-image-crop-picker:extractDeepLinksDebug (Thread[Execution worker Thread 9,5,main]) started.
:react-native-image-crop-picker:extractDeepLinksDebug (Thread[Execution worker Thread 11,5,main]) started.

> Task :react-native-image-crop-picker:extractDeepLinksDebug UP-TO-DATE
Caching disabled for task ':react-native-image-crop-picker:extractDeepLinksDebug' because:
  Build cache is disabled
Skipping task ':react-native-image-crop-picker:extractDeepLinksDebug' as it is up-to-date.
work action resolve navigation.json (project :react-native-image-crop-picker) (Thread[Execution worker Thread 11,5,main]) started.
Resolve mutations for :react-native-image-crop-picker:processDebugManifest (Thread[Execution worker Thread 6,5,main]) started.
:react-native-image-crop-picker:processDebugManifest (Thread[Execution worker Thread 6,5,main]) started.

> Task :react-native-image-crop-picker:processDebugManifest UP-TO-DATE
Caching disabled for task ':react-native-image-crop-picker:processDebugManifest' because:
  Build cache is disabled
Skipping task ':react-native-image-crop-picker:processDebugManifest' as it is up-to-date.
work action resolve AndroidManifest.xml (project :react-native-image-crop-picker) (Thread[Execution worker Thread 6,5,main]) started.
Resolve mutations for :react-native-keyboard-controller:extractDeepLinksDebug (Thread[Execution worker Thread 6,5,main]) started.
:react-native-keyboard-controller:extractDeepLinksDebug (Thread[Execution worker Thread 6,5,main]) started.

> Task :react-native-keyboard-controller:extractDeepLinksDebug UP-TO-DATE
Caching disabled for task ':react-native-keyboard-controller:extractDeepLinksDebug' because:
  Build cache is disabled
Skipping task ':react-native-keyboard-controller:extractDeepLinksDebug' as it is up-to-date.
work action resolve navigation.json (project :react-native-keyboard-controller) (Thread[Execution worker Thread 6,5,main]) started.
Resolve mutations for :react-native-keyboard-controller:processDebugManifest (Thread[Execution worker Thread 6,5,main]) started.
:react-native-keyboard-controller:processDebugManifest (Thread[Execution worker Thread 2,5,main]) started.

> Task :react-native-keyboard-controller:processDebugManifest UP-TO-DATE
Caching disabled for task ':react-native-keyboard-controller:processDebugManifest' because:
  Build cache is disabled
Skipping task ':react-native-keyboard-controller:processDebugManifest' as it is up-to-date.
work action resolve AndroidManifest.xml (project :react-native-keyboard-controller) (Thread[Execution worker Thread 6,5,main]) started.
Resolve mutations for :react-native-linear-gradient:extractDeepLinksDebug (Thread[Execution worker Thread 6,5,main]) started.
:react-native-linear-gradient:extractDeepLinksDebug (Thread[Execution worker Thread 6,5,main]) started.

> Task :react-native-linear-gradient:extractDeepLinksDebug UP-TO-DATE
Caching disabled for task ':react-native-linear-gradient:extractDeepLinksDebug' because:
  Build cache is disabled
Skipping task ':react-native-linear-gradient:extractDeepLinksDebug' as it is up-to-date.
work action resolve navigation.json (project :react-native-linear-gradient) (Thread[Execution worker Thread 6,5,main]) started.
Resolve mutations for :react-native-linear-gradient:processDebugManifest (Thread[Execution worker Thread 6,5,main]) started.
:react-native-linear-gradient:processDebugManifest (Thread[Execution worker Thread 6,5,main]) started.

> Task :react-native-linear-gradient:processDebugManifest UP-TO-DATE
Caching disabled for task ':react-native-linear-gradient:processDebugManifest' because:
  Build cache is disabled
Skipping task ':react-native-linear-gradient:processDebugManifest' as it is up-to-date.
work action resolve AndroidManifest.xml (project :react-native-linear-gradient) (Thread[Execution worker Thread 6,5,main]) started.
Resolve mutations for :react-native-maps:extractDeepLinksDebug (Thread[Execution worker Thread 13,5,main]) started.
:react-native-maps:extractDeepLinksDebug (Thread[Execution worker Thread 7,5,main]) started.

> Task :react-native-maps:extractDeepLinksDebug UP-TO-DATE
Caching disabled for task ':react-native-maps:extractDeepLinksDebug' because:
  Build cache is disabled
Skipping task ':react-native-maps:extractDeepLinksDebug' as it is up-to-date.
work action resolve navigation.json (project :react-native-maps) (Thread[Execution worker Thread 7,5,main]) started.
Resolve mutations for :react-native-maps:processDebugManifest (Thread[Execution worker Thread 7,5,main]) started.
:react-native-maps:processDebugManifest (Thread[Execution worker Thread 7,5,main]) started.

> Task :react-native-maps:processDebugManifest UP-TO-DATE
Caching disabled for task ':react-native-maps:processDebugManifest' because:
  Build cache is disabled
Skipping task ':react-native-maps:processDebugManifest' as it is up-to-date.
work action resolve AndroidManifest.xml (project :react-native-maps) (Thread[Execution worker Thread 7,5,main]) started.
Resolve mutations for :react-native-masked-view_masked-view:extractDeepLinksDebug (Thread[included builds,5,main]) started.
:react-native-masked-view_masked-view:extractDeepLinksDebug (Thread[Execution worker Thread 8,5,main]) started.

> Task :react-native-masked-view_masked-view:extractDeepLinksDebug UP-TO-DATE
Caching disabled for task ':react-native-masked-view_masked-view:extractDeepLinksDebug' because:
  Build cache is disabled
Skipping task ':react-native-masked-view_masked-view:extractDeepLinksDebug' as it is up-to-date.
work action resolve navigation.json (project :react-native-masked-view_masked-view) (Thread[Execution worker Thread 8,5,main]) started.
Resolve mutations for :react-native-masked-view_masked-view:processDebugManifest (Thread[Execution worker Thread 12,5,main]) started.
:react-native-masked-view_masked-view:processDebugManifest (Thread[Execution worker Thread 12,5,main]) started.

> Task :react-native-masked-view_masked-view:processDebugManifest UP-TO-DATE
Caching disabled for task ':react-native-masked-view_masked-view:processDebugManifest' because:
  Build cache is disabled
Skipping task ':react-native-masked-view_masked-view:processDebugManifest' as it is up-to-date.
work action resolve AndroidManifest.xml (project :react-native-masked-view_masked-view) (Thread[Execution worker Thread 12,5,main]) started.
Resolve mutations for :react-native-mmkv:extractDeepLinksDebug (Thread[Execution worker Thread 11,5,main]) started.
:react-native-mmkv:extractDeepLinksDebug (Thread[Execution worker Thread 13,5,main]) started.

> Task :react-native-mmkv:extractDeepLinksDebug UP-TO-DATE
Caching disabled for task ':react-native-mmkv:extractDeepLinksDebug' because:
  Build cache is disabled
Skipping task ':react-native-mmkv:extractDeepLinksDebug' as it is up-to-date.
work action resolve navigation.json (project :react-native-mmkv) (Thread[Execution worker Thread 13,5,main]) started.
Resolve mutations for :react-native-mmkv:processDebugManifest (Thread[Execution worker Thread 13,5,main]) started.
:react-native-mmkv:processDebugManifest (Thread[Execution worker Thread 7,5,main]) started.

> Task :react-native-mmkv:processDebugManifest UP-TO-DATE
Caching disabled for task ':react-native-mmkv:processDebugManifest' because:
  Build cache is disabled
Skipping task ':react-native-mmkv:processDebugManifest' as it is up-to-date.
work action resolve AndroidManifest.xml (project :react-native-mmkv) (Thread[Execution worker Thread 7,5,main]) started.
Resolve mutations for :react-native-reanimated:extractDeepLinksDebug (Thread[Execution worker Thread 8,5,main]) started.
:react-native-reanimated:extractDeepLinksDebug (Thread[included builds,5,main]) started.

> Task :react-native-reanimated:extractDeepLinksDebug UP-TO-DATE
Caching disabled for task ':react-native-reanimated:extractDeepLinksDebug' because:
  Build cache is disabled
Skipping task ':react-native-reanimated:extractDeepLinksDebug' as it is up-to-date.
work action resolve navigation.json (project :react-native-reanimated) (Thread[included builds,5,main]) started.
Resolve mutations for :react-native-reanimated:processDebugManifest (Thread[included builds,5,main]) started.
:react-native-reanimated:processDebugManifest (Thread[included builds,5,main]) started.

> Task :react-native-reanimated:processDebugManifest UP-TO-DATE
Caching disabled for task ':react-native-reanimated:processDebugManifest' because:
  Build cache is disabled
Skipping task ':react-native-reanimated:processDebugManifest' as it is up-to-date.
work action resolve AndroidManifest.xml (project :react-native-reanimated) (Thread[included builds,5,main]) started.
Resolve mutations for :react-native-safe-area-context:extractDeepLinksDebug (Thread[included builds,5,main]) started.
:react-native-safe-area-context:extractDeepLinksDebug (Thread[included builds,5,main]) started.

> Task :react-native-safe-area-context:extractDeepLinksDebug UP-TO-DATE
Caching disabled for task ':react-native-safe-area-context:extractDeepLinksDebug' because:
  Build cache is disabled
Skipping task ':react-native-safe-area-context:extractDeepLinksDebug' as it is up-to-date.
work action resolve navigation.json (project :react-native-safe-area-context) (Thread[included builds,5,main]) started.
Resolve mutations for :react-native-safe-area-context:processDebugManifest (Thread[Execution worker Thread 15,5,main]) started.
:react-native-safe-area-context:processDebugManifest (Thread[Execution worker Thread 15,5,main]) started.

> Task :react-native-safe-area-context:processDebugManifest UP-TO-DATE
Caching disabled for task ':react-native-safe-area-context:processDebugManifest' because:
  Build cache is disabled
Skipping task ':react-native-safe-area-context:processDebugManifest' as it is up-to-date.
work action resolve AndroidManifest.xml (project :react-native-safe-area-context) (Thread[Execution worker Thread 15,5,main]) started.
Resolve mutations for :react-native-screens:extractDeepLinksDebug (Thread[Execution worker Thread 15,5,main]) started.
:react-native-screens:extractDeepLinksDebug (Thread[Execution worker Thread 5,5,main]) started.

> Task :react-native-screens:extractDeepLinksDebug UP-TO-DATE
Caching disabled for task ':react-native-screens:extractDeepLinksDebug' because:
  Build cache is disabled
Skipping task ':react-native-screens:extractDeepLinksDebug' as it is up-to-date.
work action resolve navigation.json (project :react-native-screens) (Thread[Execution worker Thread 5,5,main]) started.
Resolve mutations for :react-native-screens:processDebugManifest (Thread[Execution worker Thread 4,5,main]) started.
:react-native-screens:processDebugManifest (Thread[Execution worker Thread 2,5,main]) started.

> Task :react-native-screens:processDebugManifest UP-TO-DATE
Caching disabled for task ':react-native-screens:processDebugManifest' because:
  Build cache is disabled
Skipping task ':react-native-screens:processDebugManifest' as it is up-to-date.
work action resolve AndroidManifest.xml (project :react-native-screens) (Thread[Execution worker Thread 2,5,main]) started.
Resolve mutations for :react-native-view-shot:extractDeepLinksDebug (Thread[Execution worker Thread 2,5,main]) started.
:react-native-view-shot:extractDeepLinksDebug (Thread[Execution worker Thread 12,5,main]) started.

> Task :react-native-view-shot:extractDeepLinksDebug UP-TO-DATE
Caching disabled for task ':react-native-view-shot:extractDeepLinksDebug' because:
  Build cache is disabled
Skipping task ':react-native-view-shot:extractDeepLinksDebug' as it is up-to-date.
work action resolve navigation.json (project :react-native-view-shot) (Thread[Execution worker Thread 12,5,main]) started.
Resolve mutations for :react-native-view-shot:processDebugManifest (Thread[Execution worker Thread 12,5,main]) started.
:react-native-view-shot:processDebugManifest (Thread[Execution worker Thread 12,5,main]) started.

> Task :react-native-view-shot:processDebugManifest UP-TO-DATE
Caching disabled for task ':react-native-view-shot:processDebugManifest' because:
  Build cache is disabled
Skipping task ':react-native-view-shot:processDebugManifest' as it is up-to-date.
work action resolve AndroidManifest.xml (project :react-native-view-shot) (Thread[Execution worker Thread 12,5,main]) started.
Resolve mutations for :sentry_react-native:extractDeepLinksDebug (Thread[Execution worker Thread 2,5,main]) started.
:sentry_react-native:extractDeepLinksDebug (Thread[Execution worker Thread 6,5,main]) started.

> Task :sentry_react-native:extractDeepLinksDebug UP-TO-DATE
Caching disabled for task ':sentry_react-native:extractDeepLinksDebug' because:
  Build cache is disabled
Skipping task ':sentry_react-native:extractDeepLinksDebug' as it is up-to-date.
work action resolve navigation.json (project :sentry_react-native) (Thread[Execution worker Thread 6,5,main]) started.
Resolve mutations for :sentry_react-native:processDebugManifest (Thread[Execution worker Thread 6,5,main]) started.
:sentry_react-native:processDebugManifest (Thread[Execution worker Thread 6,5,main]) started.

> Task :sentry_react-native:processDebugManifest UP-TO-DATE
Caching disabled for task ':sentry_react-native:processDebugManifest' because:
  Build cache is disabled
Skipping task ':sentry_react-native:processDebugManifest' as it is up-to-date.
work action resolve AndroidManifest.xml (project :sentry_react-native) (Thread[Execution worker Thread 6,5,main]) started.
Resolve mutations for :app:processStagingDebugMainManifest (Thread[Execution worker Thread 12,5,main]) started.
:app:processStagingDebugMainManifest (Thread[Execution worker Thread 12,5,main]) started.

> Task :app:processStagingDebugMainManifest UP-TO-DATE
Caching disabled for task ':app:processStagingDebugMainManifest' because:
  Build cache is disabled
Skipping task ':app:processStagingDebugMainManifest' as it is up-to-date.
Resolve mutations for :app:processStagingDebugManifest (Thread[Execution worker Thread 12,5,main]) started.
:app:processStagingDebugManifest (Thread[Execution worker Thread 12,5,main]) started.

> Task :app:processStagingDebugManifest UP-TO-DATE
Caching disabled for task ':app:processStagingDebugManifest' because:
  Build cache is disabled
Skipping task ':app:processStagingDebugManifest' as it is up-to-date.
Resolve mutations for :app:processStagingDebugManifestForPackage (Thread[Execution worker Thread 12,5,main]) started.
:app:processStagingDebugManifestForPackage (Thread[Execution worker Thread 12,5,main]) started.

> Task :app:processStagingDebugManifestForPackage UP-TO-DATE
Custom actions are attached to task ':app:processStagingDebugManifestForPackage'.
Caching disabled for task ':app:processStagingDebugManifestForPackage' because:
  Build cache is disabled
Skipping task ':app:processStagingDebugManifestForPackage' as it is up-to-date.
Resolve mutations for :notifee_react-native:compileDebugLibraryResources (Thread[Execution worker Thread 12,5,main]) started.
:notifee_react-native:compileDebugLibraryResources (Thread[Execution worker Thread 12,5,main]) started.

> Task :notifee_react-native:compileDebugLibraryResources UP-TO-DATE
Caching disabled for task ':notifee_react-native:compileDebugLibraryResources' because:
  Build cache is disabled
Skipping task ':notifee_react-native:compileDebugLibraryResources' as it is up-to-date.
work action resolve out (project :notifee_react-native) (Thread[Execution worker Thread 12,5,main]) started.
Resolve mutations for :notifee_react-native:parseDebugLocalResources (Thread[Execution worker Thread 12,5,main]) started.
:notifee_react-native:parseDebugLocalResources (Thread[Execution worker Thread 12,5,main]) started.

> Task :notifee_react-native:parseDebugLocalResources UP-TO-DATE
Caching disabled for task ':notifee_react-native:parseDebugLocalResources' because:
  Build cache is disabled
Skipping task ':notifee_react-native:parseDebugLocalResources' as it is up-to-date.
Resolve mutations for :notifee_react-native:generateDebugRFile (Thread[Execution worker Thread 12,5,main]) started.
:notifee_react-native:generateDebugRFile (Thread[Execution worker Thread 12,5,main]) started.

> Task :notifee_react-native:generateDebugRFile UP-TO-DATE
Caching disabled for task ':notifee_react-native:generateDebugRFile' because:
  Build cache is disabled
Skipping task ':notifee_react-native:generateDebugRFile' as it is up-to-date.
work action resolve package-aware-r.txt (project :notifee_react-native) (Thread[Execution worker Thread 12,5,main]) started.
Resolve mutations for :react-native-async-storage_async-storage:compileDebugLibraryResources (Thread[Execution worker Thread 12,5,main]) started.
:react-native-async-storage_async-storage:compileDebugLibraryResources (Thread[Execution worker Thread 12,5,main]) started.

> Task :react-native-async-storage_async-storage:compileDebugLibraryResources UP-TO-DATE
Caching disabled for task ':react-native-async-storage_async-storage:compileDebugLibraryResources' because:
  Build cache is disabled
Skipping task ':react-native-async-storage_async-storage:compileDebugLibraryResources' as it is up-to-date.
work action resolve out (project :react-native-async-storage_async-storage) (Thread[Execution worker Thread 12,5,main]) started.
Resolve mutations for :react-native-async-storage_async-storage:parseDebugLocalResources (Thread[Execution worker Thread 15,5,main]) started.
:react-native-async-storage_async-storage:parseDebugLocalResources (Thread[Execution worker Thread 15,5,main]) started.

> Task :react-native-async-storage_async-storage:parseDebugLocalResources UP-TO-DATE
Caching disabled for task ':react-native-async-storage_async-storage:parseDebugLocalResources' because:
  Build cache is disabled
Skipping task ':react-native-async-storage_async-storage:parseDebugLocalResources' as it is up-to-date.
Resolve mutations for :react-native-async-storage_async-storage:generateDebugRFile (Thread[Execution worker Thread 15,5,main]) started.
:react-native-async-storage_async-storage:generateDebugRFile (Thread[Execution worker Thread 15,5,main]) started.

> Task :react-native-async-storage_async-storage:generateDebugRFile UP-TO-DATE
Caching disabled for task ':react-native-async-storage_async-storage:generateDebugRFile' because:
  Build cache is disabled
Skipping task ':react-native-async-storage_async-storage:generateDebugRFile' as it is up-to-date.
work action resolve package-aware-r.txt (project :react-native-async-storage_async-storage) (Thread[Execution worker Thread 15,5,main]) started.
Resolve mutations for :react-native-blob-util:compileDebugLibraryResources (Thread[Execution worker Thread 15,5,main]) started.
:react-native-blob-util:compileDebugLibraryResources (Thread[Execution worker Thread 9,5,main]) started.

> Task :react-native-blob-util:compileDebugLibraryResources UP-TO-DATE
Caching disabled for task ':react-native-blob-util:compileDebugLibraryResources' because:
  Build cache is disabled
Skipping task ':react-native-blob-util:compileDebugLibraryResources' as it is up-to-date.
work action resolve out (project :react-native-blob-util) (Thread[Execution worker Thread 9,5,main]) started.
Resolve mutations for :react-native-blob-util:parseDebugLocalResources (Thread[Execution worker Thread 12,5,main]) started.
:react-native-blob-util:parseDebugLocalResources (Thread[Execution worker Thread 12,5,main]) started.

> Task :react-native-blob-util:parseDebugLocalResources UP-TO-DATE
Caching disabled for task ':react-native-blob-util:parseDebugLocalResources' because:
  Build cache is disabled
Skipping task ':react-native-blob-util:parseDebugLocalResources' as it is up-to-date.
Resolve mutations for :react-native-blob-util:generateDebugRFile (Thread[Execution worker Thread 12,5,main]) started.
:react-native-blob-util:generateDebugRFile (Thread[Execution worker Thread 15,5,main]) started.

> Task :react-native-blob-util:generateDebugRFile UP-TO-DATE
Caching disabled for task ':react-native-blob-util:generateDebugRFile' because:
  Build cache is disabled
Skipping task ':react-native-blob-util:generateDebugRFile' as it is up-to-date.
work action resolve package-aware-r.txt (project :react-native-blob-util) (Thread[Execution worker Thread 15,5,main]) started.
Resolve mutations for :react-native-community_blur:compileDebugLibraryResources (Thread[Execution worker Thread 5,5,main]) started.
:react-native-community_blur:compileDebugLibraryResources (Thread[Execution worker Thread 5,5,main]) started.

> Task :react-native-community_blur:compileDebugLibraryResources UP-TO-DATE
Caching disabled for task ':react-native-community_blur:compileDebugLibraryResources' because:
  Build cache is disabled
Skipping task ':react-native-community_blur:compileDebugLibraryResources' as it is up-to-date.
work action resolve out (project :react-native-community_blur) (Thread[Execution worker Thread 5,5,main]) started.
Resolve mutations for :react-native-community_blur:parseDebugLocalResources (Thread[Execution worker Thread 8,5,main]) started.
:react-native-community_blur:parseDebugLocalResources (Thread[Execution worker Thread 15,5,main]) started.

> Task :react-native-community_blur:parseDebugLocalResources UP-TO-DATE
Caching disabled for task ':react-native-community_blur:parseDebugLocalResources' because:
  Build cache is disabled
Skipping task ':react-native-community_blur:parseDebugLocalResources' as it is up-to-date.
Resolve mutations for :react-native-community_blur:generateDebugRFile (Thread[Execution worker Thread 15,5,main]) started.
:react-native-community_blur:generateDebugRFile (Thread[Execution worker Thread 15,5,main]) started.

> Task :react-native-community_blur:generateDebugRFile UP-TO-DATE
Caching disabled for task ':react-native-community_blur:generateDebugRFile' because:
  Build cache is disabled
Skipping task ':react-native-community_blur:generateDebugRFile' as it is up-to-date.
work action resolve package-aware-r.txt (project :react-native-community_blur) (Thread[Execution worker Thread 15,5,main]) started.
Resolve mutations for :react-native-community_slider:compileDebugLibraryResources (Thread[Execution worker Thread 15,5,main]) started.
:react-native-community_slider:compileDebugLibraryResources (Thread[Execution worker Thread 15,5,main]) started.

> Task :react-native-community_slider:compileDebugLibraryResources UP-TO-DATE
Caching disabled for task ':react-native-community_slider:compileDebugLibraryResources' because:
  Build cache is disabled
Skipping task ':react-native-community_slider:compileDebugLibraryResources' as it is up-to-date.
work action resolve out (project :react-native-community_slider) (Thread[Execution worker Thread 15,5,main]) started.
Resolve mutations for :react-native-community_slider:parseDebugLocalResources (Thread[Execution worker Thread 15,5,main]) started.
:react-native-community_slider:parseDebugLocalResources (Thread[Execution worker Thread 5,5,main]) started.

> Task :react-native-community_slider:parseDebugLocalResources UP-TO-DATE
Caching disabled for task ':react-native-community_slider:parseDebugLocalResources' because:
  Build cache is disabled
Skipping task ':react-native-community_slider:parseDebugLocalResources' as it is up-to-date.
Resolve mutations for :react-native-community_slider:generateDebugRFile (Thread[Execution worker Thread 5,5,main]) started.
:react-native-community_slider:generateDebugRFile (Thread[Execution worker Thread 5,5,main]) started.

> Task :react-native-community_slider:generateDebugRFile UP-TO-DATE
Caching disabled for task ':react-native-community_slider:generateDebugRFile' because:
  Build cache is disabled
Skipping task ':react-native-community_slider:generateDebugRFile' as it is up-to-date.
work action resolve package-aware-r.txt (project :react-native-community_slider) (Thread[Execution worker Thread 5,5,main]) started.
Resolve mutations for :react-native-device-info:compileDebugLibraryResources (Thread[Execution worker,5,main]) started.
:react-native-device-info:compileDebugLibraryResources (Thread[Execution worker Thread 13,5,main]) started.

> Task :react-native-device-info:compileDebugLibraryResources UP-TO-DATE
Caching disabled for task ':react-native-device-info:compileDebugLibraryResources' because:
  Build cache is disabled
Skipping task ':react-native-device-info:compileDebugLibraryResources' as it is up-to-date.
work action resolve out (project :react-native-device-info) (Thread[Execution worker Thread 13,5,main]) started.
Resolve mutations for :react-native-device-info:parseDebugLocalResources (Thread[Execution worker Thread 5,5,main]) started.
:react-native-device-info:parseDebugLocalResources (Thread[Execution worker Thread 5,5,main]) started.

> Task :react-native-device-info:parseDebugLocalResources UP-TO-DATE
Caching disabled for task ':react-native-device-info:parseDebugLocalResources' because:
  Build cache is disabled
Skipping task ':react-native-device-info:parseDebugLocalResources' as it is up-to-date.
Resolve mutations for :react-native-device-info:generateDebugRFile (Thread[Execution worker Thread 5,5,main]) started.
:react-native-device-info:generateDebugRFile (Thread[Execution worker Thread 5,5,main]) started.

> Task :react-native-device-info:generateDebugRFile UP-TO-DATE
Caching disabled for task ':react-native-device-info:generateDebugRFile' because:
  Build cache is disabled
Skipping task ':react-native-device-info:generateDebugRFile' as it is up-to-date.
work action resolve package-aware-r.txt (project :react-native-device-info) (Thread[Execution worker Thread 5,5,main]) started.
Resolve mutations for :react-native-firebase_app:compileDebugLibraryResources (Thread[Execution worker Thread 2,5,main]) started.
:react-native-firebase_app:compileDebugLibraryResources (Thread[Execution worker Thread 11,5,main]) started.

> Task :react-native-firebase_app:compileDebugLibraryResources UP-TO-DATE
Caching disabled for task ':react-native-firebase_app:compileDebugLibraryResources' because:
  Build cache is disabled
Skipping task ':react-native-firebase_app:compileDebugLibraryResources' as it is up-to-date.
work action resolve out (project :react-native-firebase_app) (Thread[Execution worker Thread 11,5,main]) started.
Resolve mutations for :react-native-firebase_app:parseDebugLocalResources (Thread[Execution worker Thread 7,5,main]) started.
:react-native-firebase_app:parseDebugLocalResources (Thread[Execution worker Thread 7,5,main]) started.

> Task :react-native-firebase_app:parseDebugLocalResources UP-TO-DATE
Caching disabled for task ':react-native-firebase_app:parseDebugLocalResources' because:
  Build cache is disabled
Skipping task ':react-native-firebase_app:parseDebugLocalResources' as it is up-to-date.
Resolve mutations for :react-native-firebase_app:generateDebugRFile (Thread[Execution worker Thread 7,5,main]) started.
:react-native-firebase_app:generateDebugRFile (Thread[Execution worker Thread 7,5,main]) started.

> Task :react-native-firebase_app:generateDebugRFile UP-TO-DATE
Caching disabled for task ':react-native-firebase_app:generateDebugRFile' because:
  Build cache is disabled
Skipping task ':react-native-firebase_app:generateDebugRFile' as it is up-to-date.
work action resolve package-aware-r.txt (project :react-native-firebase_app) (Thread[Execution worker Thread 7,5,main]) started.
Resolve mutations for :react-native-firebase_auth:compileDebugLibraryResources (Thread[Execution worker Thread 7,5,main]) started.
:react-native-firebase_auth:compileDebugLibraryResources (Thread[Execution worker Thread 7,5,main]) started.

> Task :react-native-firebase_auth:compileDebugLibraryResources UP-TO-DATE
Caching disabled for task ':react-native-firebase_auth:compileDebugLibraryResources' because:
  Build cache is disabled
Skipping task ':react-native-firebase_auth:compileDebugLibraryResources' as it is up-to-date.
work action resolve out (project :react-native-firebase_auth) (Thread[Execution worker Thread 7,5,main]) started.
Resolve mutations for :react-native-firebase_auth:parseDebugLocalResources (Thread[Execution worker Thread 6,5,main]) started.
:react-native-firebase_auth:parseDebugLocalResources (Thread[Execution worker Thread 6,5,main]) started.

> Task :react-native-firebase_auth:parseDebugLocalResources UP-TO-DATE
Caching disabled for task ':react-native-firebase_auth:parseDebugLocalResources' because:
  Build cache is disabled
Skipping task ':react-native-firebase_auth:parseDebugLocalResources' as it is up-to-date.
Resolve mutations for :react-native-firebase_auth:generateDebugRFile (Thread[Execution worker Thread 6,5,main]) started.
:react-native-firebase_auth:generateDebugRFile (Thread[Execution worker Thread 6,5,main]) started.

> Task :react-native-firebase_auth:generateDebugRFile UP-TO-DATE
Caching disabled for task ':react-native-firebase_auth:generateDebugRFile' because:
  Build cache is disabled
Skipping task ':react-native-firebase_auth:generateDebugRFile' as it is up-to-date.
work action resolve package-aware-r.txt (project :react-native-firebase_auth) (Thread[Execution worker Thread 6,5,main]) started.
Resolve mutations for :react-native-firebase_messaging:compileDebugLibraryResources (Thread[Execution worker Thread 6,5,main]) started.
:react-native-firebase_messaging:compileDebugLibraryResources (Thread[Execution worker Thread 6,5,main]) started.

> Task :react-native-firebase_messaging:compileDebugLibraryResources UP-TO-DATE
Caching disabled for task ':react-native-firebase_messaging:compileDebugLibraryResources' because:
  Build cache is disabled
Skipping task ':react-native-firebase_messaging:compileDebugLibraryResources' as it is up-to-date.
work action resolve out (project :react-native-firebase_messaging) (Thread[Execution worker Thread 6,5,main]) started.
Resolve mutations for :react-native-firebase_messaging:parseDebugLocalResources (Thread[Execution worker Thread 6,5,main]) started.
:react-native-firebase_messaging:parseDebugLocalResources (Thread[Execution worker Thread 9,5,main]) started.

> Task :react-native-firebase_messaging:parseDebugLocalResources UP-TO-DATE
Caching disabled for task ':react-native-firebase_messaging:parseDebugLocalResources' because:
  Build cache is disabled
Skipping task ':react-native-firebase_messaging:parseDebugLocalResources' as it is up-to-date.
Resolve mutations for :react-native-firebase_messaging:generateDebugRFile (Thread[Execution worker Thread 9,5,main]) started.
:react-native-firebase_messaging:generateDebugRFile (Thread[Execution worker Thread 9,5,main]) started.

> Task :react-native-firebase_messaging:generateDebugRFile UP-TO-DATE
Caching disabled for task ':react-native-firebase_messaging:generateDebugRFile' because:
  Build cache is disabled
Skipping task ':react-native-firebase_messaging:generateDebugRFile' as it is up-to-date.
work action resolve package-aware-r.txt (project :react-native-firebase_messaging) (Thread[Execution worker Thread 9,5,main]) started.
Resolve mutations for :react-native-gesture-handler:compileDebugLibraryResources (Thread[Execution worker Thread 14,5,main]) started.
:react-native-gesture-handler:compileDebugLibraryResources (Thread[Execution worker Thread 14,5,main]) started.

> Task :react-native-gesture-handler:compileDebugLibraryResources UP-TO-DATE
Caching disabled for task ':react-native-gesture-handler:compileDebugLibraryResources' because:
  Build cache is disabled
Skipping task ':react-native-gesture-handler:compileDebugLibraryResources' as it is up-to-date.
work action resolve out (project :react-native-gesture-handler) (Thread[Execution worker Thread 14,5,main]) started.
Resolve mutations for :react-native-gesture-handler:parseDebugLocalResources (Thread[Execution worker Thread 14,5,main]) started.
:react-native-gesture-handler:parseDebugLocalResources (Thread[Execution worker Thread 4,5,main]) started.

> Task :react-native-gesture-handler:parseDebugLocalResources UP-TO-DATE
Caching disabled for task ':react-native-gesture-handler:parseDebugLocalResources' because:
  Build cache is disabled
Skipping task ':react-native-gesture-handler:parseDebugLocalResources' as it is up-to-date.
Resolve mutations for :react-native-gesture-handler:generateDebugRFile (Thread[Execution worker Thread 4,5,main]) started.
:react-native-gesture-handler:generateDebugRFile (Thread[Execution worker Thread 10,5,main]) started.

> Task :react-native-gesture-handler:generateDebugRFile UP-TO-DATE
Caching disabled for task ':react-native-gesture-handler:generateDebugRFile' because:
  Build cache is disabled
Skipping task ':react-native-gesture-handler:generateDebugRFile' as it is up-to-date.
work action resolve package-aware-r.txt (project :react-native-gesture-handler) (Thread[Execution worker Thread 10,5,main]) started.
Resolve mutations for :react-native-image-crop-picker:compileDebugLibraryResources (Thread[Execution worker Thread 10,5,main]) started.
:react-native-image-crop-picker:compileDebugLibraryResources (Thread[Execution worker Thread 15,5,main]) started.

> Task :react-native-image-crop-picker:compileDebugLibraryResources UP-TO-DATE
Caching disabled for task ':react-native-image-crop-picker:compileDebugLibraryResources' because:
  Build cache is disabled
Skipping task ':react-native-image-crop-picker:compileDebugLibraryResources' as it is up-to-date.
work action resolve out (project :react-native-image-crop-picker) (Thread[Execution worker Thread 15,5,main]) started.
Resolve mutations for :react-native-image-crop-picker:parseDebugLocalResources (Thread[Execution worker Thread 15,5,main]) started.
:react-native-image-crop-picker:parseDebugLocalResources (Thread[Execution worker Thread 11,5,main]) started.

> Task :react-native-image-crop-picker:parseDebugLocalResources UP-TO-DATE
Caching disabled for task ':react-native-image-crop-picker:parseDebugLocalResources' because:
  Build cache is disabled
Skipping task ':react-native-image-crop-picker:parseDebugLocalResources' as it is up-to-date.
Resolve mutations for :react-native-image-crop-picker:generateDebugRFile (Thread[Execution worker Thread 11,5,main]) started.
:react-native-image-crop-picker:generateDebugRFile (Thread[Execution worker Thread 5,5,main]) started.

> Task :react-native-image-crop-picker:generateDebugRFile UP-TO-DATE
Caching disabled for task ':react-native-image-crop-picker:generateDebugRFile' because:
  Build cache is disabled
Skipping task ':react-native-image-crop-picker:generateDebugRFile' as it is up-to-date.
work action resolve package-aware-r.txt (project :react-native-image-crop-picker) (Thread[Execution worker Thread 5,5,main]) started.
Resolve mutations for :react-native-keyboard-controller:compileDebugLibraryResources (Thread[Execution worker Thread 12,5,main]) started.
:react-native-keyboard-controller:compileDebugLibraryResources (Thread[Execution worker Thread 13,5,main]) started.

> Task :react-native-keyboard-controller:compileDebugLibraryResources UP-TO-DATE
Caching disabled for task ':react-native-keyboard-controller:compileDebugLibraryResources' because:
  Build cache is disabled
Skipping task ':react-native-keyboard-controller:compileDebugLibraryResources' as it is up-to-date.
work action resolve out (project :react-native-keyboard-controller) (Thread[Execution worker Thread 13,5,main]) started.
Resolve mutations for :react-native-keyboard-controller:parseDebugLocalResources (Thread[Execution worker Thread 15,5,main]) started.
:react-native-keyboard-controller:parseDebugLocalResources (Thread[Execution worker Thread 11,5,main]) started.

> Task :react-native-keyboard-controller:parseDebugLocalResources UP-TO-DATE
Caching disabled for task ':react-native-keyboard-controller:parseDebugLocalResources' because:
  Build cache is disabled
Skipping task ':react-native-keyboard-controller:parseDebugLocalResources' as it is up-to-date.
Resolve mutations for :react-native-keyboard-controller:generateDebugRFile (Thread[Execution worker Thread 11,5,main]) started.
:react-native-keyboard-controller:generateDebugRFile (Thread[Execution worker Thread 11,5,main]) started.

> Task :react-native-keyboard-controller:generateDebugRFile UP-TO-DATE
Caching disabled for task ':react-native-keyboard-controller:generateDebugRFile' because:
  Build cache is disabled
Skipping task ':react-native-keyboard-controller:generateDebugRFile' as it is up-to-date.
work action resolve package-aware-r.txt (project :react-native-keyboard-controller) (Thread[Execution worker Thread 11,5,main]) started.
Resolve mutations for :react-native-linear-gradient:compileDebugLibraryResources (Thread[Execution worker Thread 11,5,main]) started.
:react-native-linear-gradient:compileDebugLibraryResources (Thread[Execution worker Thread 3,5,main]) started.

> Task :react-native-linear-gradient:compileDebugLibraryResources UP-TO-DATE
Caching disabled for task ':react-native-linear-gradient:compileDebugLibraryResources' because:
  Build cache is disabled
Skipping task ':react-native-linear-gradient:compileDebugLibraryResources' as it is up-to-date.
work action resolve out (project :react-native-linear-gradient) (Thread[Execution worker Thread 3,5,main]) started.
Resolve mutations for :react-native-linear-gradient:parseDebugLocalResources (Thread[Execution worker Thread 3,5,main]) started.
:react-native-linear-gradient:parseDebugLocalResources (Thread[Execution worker Thread 14,5,main]) started.

> Task :react-native-linear-gradient:parseDebugLocalResources UP-TO-DATE
Caching disabled for task ':react-native-linear-gradient:parseDebugLocalResources' because:
  Build cache is disabled
Skipping task ':react-native-linear-gradient:parseDebugLocalResources' as it is up-to-date.
Resolve mutations for :react-native-linear-gradient:generateDebugRFile (Thread[Execution worker Thread 14,5,main]) started.
:react-native-linear-gradient:generateDebugRFile (Thread[Execution worker Thread 14,5,main]) started.

> Task :react-native-linear-gradient:generateDebugRFile UP-TO-DATE
Caching disabled for task ':react-native-linear-gradient:generateDebugRFile' because:
  Build cache is disabled
Skipping task ':react-native-linear-gradient:generateDebugRFile' as it is up-to-date.
work action resolve package-aware-r.txt (project :react-native-linear-gradient) (Thread[Execution worker Thread 14,5,main]) started.
Resolve mutations for :react-native-maps:compileDebugLibraryResources (Thread[Execution worker,5,main]) started.
:react-native-maps:compileDebugLibraryResources (Thread[Execution worker,5,main]) started.

> Task :react-native-maps:compileDebugLibraryResources UP-TO-DATE
Caching disabled for task ':react-native-maps:compileDebugLibraryResources' because:
  Build cache is disabled
Skipping task ':react-native-maps:compileDebugLibraryResources' as it is up-to-date.
work action resolve out (project :react-native-maps) (Thread[Execution worker,5,main]) started.
Resolve mutations for :react-native-maps:parseDebugLocalResources (Thread[Execution worker,5,main]) started.
:react-native-maps:parseDebugLocalResources (Thread[Execution worker Thread 2,5,main]) started.

> Task :react-native-maps:parseDebugLocalResources UP-TO-DATE
Caching disabled for task ':react-native-maps:parseDebugLocalResources' because:
  Build cache is disabled
Skipping task ':react-native-maps:parseDebugLocalResources' as it is up-to-date.
Resolve mutations for :react-native-maps:generateDebugRFile (Thread[Execution worker Thread 2,5,main]) started.
:react-native-maps:generateDebugRFile (Thread[Execution worker Thread 2,5,main]) started.

> Task :react-native-maps:generateDebugRFile UP-TO-DATE
Caching disabled for task ':react-native-maps:generateDebugRFile' because:
  Build cache is disabled
Skipping task ':react-native-maps:generateDebugRFile' as it is up-to-date.
work action resolve package-aware-r.txt (project :react-native-maps) (Thread[Execution worker Thread 2,5,main]) started.
Resolve mutations for :react-native-masked-view_masked-view:compileDebugLibraryResources (Thread[Execution worker Thread 2,5,main]) started.
:react-native-masked-view_masked-view:compileDebugLibraryResources (Thread[Execution worker,5,main]) started.

> Task :react-native-masked-view_masked-view:compileDebugLibraryResources UP-TO-DATE
Caching disabled for task ':react-native-masked-view_masked-view:compileDebugLibraryResources' because:
  Build cache is disabled
Skipping task ':react-native-masked-view_masked-view:compileDebugLibraryResources' as it is up-to-date.
work action resolve out (project :react-native-masked-view_masked-view) (Thread[Execution worker,5,main]) started.
Resolve mutations for :react-native-masked-view_masked-view:parseDebugLocalResources (Thread[Execution worker,5,main]) started.
:react-native-masked-view_masked-view:parseDebugLocalResources (Thread[Execution worker Thread 14,5,main]) started.

> Task :react-native-masked-view_masked-view:parseDebugLocalResources UP-TO-DATE
Caching disabled for task ':react-native-masked-view_masked-view:parseDebugLocalResources' because:
  Build cache is disabled
Skipping task ':react-native-masked-view_masked-view:parseDebugLocalResources' as it is up-to-date.
Resolve mutations for :react-native-masked-view_masked-view:generateDebugRFile (Thread[Execution worker Thread 14,5,main]) started.
:react-native-masked-view_masked-view:generateDebugRFile (Thread[Execution worker Thread 5,5,main]) started.

> Task :react-native-masked-view_masked-view:generateDebugRFile UP-TO-DATE
Caching disabled for task ':react-native-masked-view_masked-view:generateDebugRFile' because:
  Build cache is disabled
Skipping task ':react-native-masked-view_masked-view:generateDebugRFile' as it is up-to-date.
work action resolve package-aware-r.txt (project :react-native-masked-view_masked-view) (Thread[Execution worker Thread 5,5,main]) started.
Resolve mutations for :react-native-mmkv:compileDebugLibraryResources (Thread[Execution worker Thread 5,5,main]) started.
:react-native-mmkv:compileDebugLibraryResources (Thread[Execution worker Thread 5,5,main]) started.

> Task :react-native-mmkv:compileDebugLibraryResources UP-TO-DATE
Caching disabled for task ':react-native-mmkv:compileDebugLibraryResources' because:
  Build cache is disabled
Skipping task ':react-native-mmkv:compileDebugLibraryResources' as it is up-to-date.
work action resolve out (project :react-native-mmkv) (Thread[Execution worker Thread 5,5,main]) started.
Resolve mutations for :react-native-mmkv:parseDebugLocalResources (Thread[Execution worker Thread 5,5,main]) started.
:react-native-mmkv:parseDebugLocalResources (Thread[Execution worker Thread 15,5,main]) started.

> Task :react-native-mmkv:parseDebugLocalResources UP-TO-DATE
Caching disabled for task ':react-native-mmkv:parseDebugLocalResources' because:
  Build cache is disabled
Skipping task ':react-native-mmkv:parseDebugLocalResources' as it is up-to-date.
Resolve mutations for :react-native-mmkv:generateDebugRFile (Thread[Execution worker Thread 15,5,main]) started.
:react-native-mmkv:generateDebugRFile (Thread[Execution worker Thread 15,5,main]) started.

> Task :react-native-mmkv:generateDebugRFile UP-TO-DATE
Caching disabled for task ':react-native-mmkv:generateDebugRFile' because:
  Build cache is disabled
Skipping task ':react-native-mmkv:generateDebugRFile' as it is up-to-date.
work action resolve package-aware-r.txt (project :react-native-mmkv) (Thread[Execution worker Thread 15,5,main]) started.
Resolve mutations for :react-native-reanimated:compileDebugLibraryResources (Thread[Execution worker Thread 15,5,main]) started.
:react-native-reanimated:compileDebugLibraryResources (Thread[Execution worker Thread 9,5,main]) started.

> Task :react-native-reanimated:compileDebugLibraryResources UP-TO-DATE
Caching disabled for task ':react-native-reanimated:compileDebugLibraryResources' because:
  Build cache is disabled
Skipping task ':react-native-reanimated:compileDebugLibraryResources' as it is up-to-date.
work action resolve out (project :react-native-reanimated) (Thread[Execution worker Thread 9,5,main]) started.
Resolve mutations for :react-native-reanimated:parseDebugLocalResources (Thread[Execution worker Thread 5,5,main]) started.
:react-native-reanimated:parseDebugLocalResources (Thread[Execution worker Thread 14,5,main]) started.

> Task :react-native-reanimated:parseDebugLocalResources UP-TO-DATE
Caching disabled for task ':react-native-reanimated:parseDebugLocalResources' because:
  Build cache is disabled
Skipping task ':react-native-reanimated:parseDebugLocalResources' as it is up-to-date.
Resolve mutations for :react-native-reanimated:generateDebugRFile (Thread[Execution worker Thread 14,5,main]) started.
:react-native-reanimated:generateDebugRFile (Thread[Execution worker Thread 14,5,main]) started.

> Task :react-native-reanimated:generateDebugRFile UP-TO-DATE
Caching disabled for task ':react-native-reanimated:generateDebugRFile' because:
  Build cache is disabled
Skipping task ':react-native-reanimated:generateDebugRFile' as it is up-to-date.
work action resolve package-aware-r.txt (project :react-native-reanimated) (Thread[Execution worker Thread 14,5,main]) started.
Resolve mutations for :react-native-safe-area-context:compileDebugLibraryResources (Thread[Execution worker Thread 14,5,main]) started.
:react-native-safe-area-context:compileDebugLibraryResources (Thread[included builds,5,main]) started.

> Task :react-native-safe-area-context:compileDebugLibraryResources UP-TO-DATE
Caching disabled for task ':react-native-safe-area-context:compileDebugLibraryResources' because:
  Build cache is disabled
Skipping task ':react-native-safe-area-context:compileDebugLibraryResources' as it is up-to-date.
work action resolve out (project :react-native-safe-area-context) (Thread[included builds,5,main]) started.
Resolve mutations for :react-native-safe-area-context:parseDebugLocalResources (Thread[included builds,5,main]) started.
:react-native-safe-area-context:parseDebugLocalResources (Thread[Execution worker Thread 4,5,main]) started.

> Task :react-native-safe-area-context:parseDebugLocalResources UP-TO-DATE
Caching disabled for task ':react-native-safe-area-context:parseDebugLocalResources' because:
  Build cache is disabled
Skipping task ':react-native-safe-area-context:parseDebugLocalResources' as it is up-to-date.
Resolve mutations for :react-native-safe-area-context:generateDebugRFile (Thread[Execution worker Thread 4,5,main]) started.
:react-native-safe-area-context:generateDebugRFile (Thread[Execution worker Thread 8,5,main]) started.

> Task :react-native-safe-area-context:generateDebugRFile UP-TO-DATE
Caching disabled for task ':react-native-safe-area-context:generateDebugRFile' because:
  Build cache is disabled
Skipping task ':react-native-safe-area-context:generateDebugRFile' as it is up-to-date.
work action resolve package-aware-r.txt (project :react-native-safe-area-context) (Thread[Execution worker Thread 8,5,main]) started.
Resolve mutations for :react-native-screens:compileDebugLibraryResources (Thread[included builds,5,main]) started.
:react-native-screens:compileDebugLibraryResources (Thread[Execution worker Thread 3,5,main]) started.

> Task :react-native-screens:compileDebugLibraryResources UP-TO-DATE
Caching disabled for task ':react-native-screens:compileDebugLibraryResources' because:
  Build cache is disabled
Skipping task ':react-native-screens:compileDebugLibraryResources' as it is up-to-date.
work action resolve out (project :react-native-screens) (Thread[Execution worker Thread 3,5,main]) started.
Resolve mutations for :react-native-screens:parseDebugLocalResources (Thread[Execution worker Thread 3,5,main]) started.
:react-native-screens:parseDebugLocalResources (Thread[Execution worker Thread 10,5,main]) started.

> Task :react-native-screens:parseDebugLocalResources UP-TO-DATE
Caching disabled for task ':react-native-screens:parseDebugLocalResources' because:
  Build cache is disabled
Skipping task ':react-native-screens:parseDebugLocalResources' as it is up-to-date.
Resolve mutations for :react-native-screens:generateDebugRFile (Thread[Execution worker Thread 10,5,main]) started.
:react-native-screens:generateDebugRFile (Thread[Execution worker Thread 10,5,main]) started.

> Task :react-native-screens:generateDebugRFile UP-TO-DATE
Caching disabled for task ':react-native-screens:generateDebugRFile' because:
  Build cache is disabled
Skipping task ':react-native-screens:generateDebugRFile' as it is up-to-date.
work action resolve package-aware-r.txt (project :react-native-screens) (Thread[Execution worker Thread 10,5,main]) started.
Resolve mutations for :react-native-view-shot:compileDebugLibraryResources (Thread[Execution worker Thread 10,5,main]) started.
:react-native-view-shot:compileDebugLibraryResources (Thread[Execution worker,5,main]) started.

> Task :react-native-view-shot:compileDebugLibraryResources UP-TO-DATE
Caching disabled for task ':react-native-view-shot:compileDebugLibraryResources' because:
  Build cache is disabled
Skipping task ':react-native-view-shot:compileDebugLibraryResources' as it is up-to-date.
work action resolve out (project :react-native-view-shot) (Thread[Execution worker,5,main]) started.
Resolve mutations for :react-native-view-shot:parseDebugLocalResources (Thread[Execution worker,5,main]) started.
:react-native-view-shot:parseDebugLocalResources (Thread[Execution worker Thread 12,5,main]) started.

> Task :react-native-view-shot:parseDebugLocalResources UP-TO-DATE
Caching disabled for task ':react-native-view-shot:parseDebugLocalResources' because:
  Build cache is disabled
Skipping task ':react-native-view-shot:parseDebugLocalResources' as it is up-to-date.
Resolve mutations for :react-native-view-shot:generateDebugRFile (Thread[Execution worker Thread 12,5,main]) started.
:react-native-view-shot:generateDebugRFile (Thread[Execution worker Thread 12,5,main]) started.

> Task :react-native-view-shot:generateDebugRFile UP-TO-DATE
Caching disabled for task ':react-native-view-shot:generateDebugRFile' because:
  Build cache is disabled
Skipping task ':react-native-view-shot:generateDebugRFile' as it is up-to-date.
work action resolve package-aware-r.txt (project :react-native-view-shot) (Thread[Execution worker Thread 12,5,main]) started.
Resolve mutations for :sentry_react-native:compileDebugLibraryResources (Thread[Execution worker Thread 12,5,main]) started.
:sentry_react-native:compileDebugLibraryResources (Thread[Execution worker Thread 8,5,main]) started.

> Task :sentry_react-native:compileDebugLibraryResources UP-TO-DATE
Caching disabled for task ':sentry_react-native:compileDebugLibraryResources' because:
  Build cache is disabled
Skipping task ':sentry_react-native:compileDebugLibraryResources' as it is up-to-date.
work action resolve out (project :sentry_react-native) (Thread[Execution worker Thread 8,5,main]) started.
Resolve mutations for :sentry_react-native:parseDebugLocalResources (Thread[Execution worker Thread 8,5,main]) started.
:sentry_react-native:parseDebugLocalResources (Thread[included builds,5,main]) started.

> Task :sentry_react-native:parseDebugLocalResources UP-TO-DATE
Caching disabled for task ':sentry_react-native:parseDebugLocalResources' because:
  Build cache is disabled
Skipping task ':sentry_react-native:parseDebugLocalResources' as it is up-to-date.
Resolve mutations for :sentry_react-native:generateDebugRFile (Thread[included builds,5,main]) started.
:sentry_react-native:generateDebugRFile (Thread[included builds,5,main]) started.

> Task :sentry_react-native:generateDebugRFile UP-TO-DATE
Caching disabled for task ':sentry_react-native:generateDebugRFile' because:
  Build cache is disabled
Skipping task ':sentry_react-native:generateDebugRFile' as it is up-to-date.
work action resolve package-aware-r.txt (project :sentry_react-native) (Thread[included builds,5,main]) started.
Resolve mutations for :app:processStagingDebugResources (Thread[included builds,5,main]) started.
:app:processStagingDebugResources (Thread[included builds,5,main]) started.

> Task :app:processStagingDebugResources UP-TO-DATE
Caching disabled for task ':app:processStagingDebugResources' because:
  Build cache is disabled
Skipping task ':app:processStagingDebugResources' as it is up-to-date.
Resolve mutations for :notifee_react-native:generateDebugBuildConfig (Thread[included builds,5,main]) started.
:notifee_react-native:generateDebugBuildConfig (Thread[included builds,5,main]) started.

> Task :notifee_react-native:generateDebugBuildConfig UP-TO-DATE
Caching disabled for task ':notifee_react-native:generateDebugBuildConfig' because:
  Build cache is disabled
Skipping task ':notifee_react-native:generateDebugBuildConfig' as it is up-to-date.
Resolve mutations for :notifee_react-native:javaPreCompileDebug (Thread[included builds,5,main]) started.
:notifee_react-native:javaPreCompileDebug (Thread[included builds,5,main]) started.

> Task :notifee_react-native:javaPreCompileDebug UP-TO-DATE
Caching disabled for task ':notifee_react-native:javaPreCompileDebug' because:
  Build cache is disabled
Skipping task ':notifee_react-native:javaPreCompileDebug' as it is up-to-date.
Resolve mutations for :notifee_react-native:compileDebugJavaWithJavac (Thread[included builds,5,main]) started.
:notifee_react-native:compileDebugJavaWithJavac (Thread[included builds,5,main]) started.

> Task :notifee_react-native:compileDebugJavaWithJavac UP-TO-DATE
Custom actions are attached to task ':notifee_react-native:compileDebugJavaWithJavac'.
Caching disabled for task ':notifee_react-native:compileDebugJavaWithJavac' because:
  Build cache is disabled
Skipping task ':notifee_react-native:compileDebugJavaWithJavac' as it is up-to-date.
No compile result for :notifee_react-native:compileDebugJavaWithJavac
No compile result for :notifee_react-native:compileDebugJavaWithJavac
No compile result for :notifee_react-native:compileDebugJavaWithJavac
Resolve mutations for :notifee_react-native:bundleLibCompileToJarDebug (Thread[included builds,5,main]) started.
:notifee_react-native:bundleLibCompileToJarDebug (Thread[included builds,5,main]) started.

> Task :notifee_react-native:bundleLibCompileToJarDebug UP-TO-DATE
Caching disabled for task ':notifee_react-native:bundleLibCompileToJarDebug' because:
  Build cache is disabled
  Simple merging task
Skipping task ':notifee_react-native:bundleLibCompileToJarDebug' as it is up-to-date.
work action resolve classes.jar (project :notifee_react-native) (Thread[included builds,5,main]) started.
Resolve mutations for :react-native-async-storage_async-storage:generateDebugBuildConfig (Thread[Execution worker Thread 3,5,main]) started.
:react-native-async-storage_async-storage:generateDebugBuildConfig (Thread[Execution worker Thread 3,5,main]) started.

> Task :react-native-async-storage_async-storage:generateDebugBuildConfig UP-TO-DATE
Caching disabled for task ':react-native-async-storage_async-storage:generateDebugBuildConfig' because:
  Build cache is disabled
Skipping task ':react-native-async-storage_async-storage:generateDebugBuildConfig' as it is up-to-date.
Resolve mutations for :react-native-async-storage_async-storage:javaPreCompileDebug (Thread[Execution worker Thread 3,5,main]) started.
:react-native-async-storage_async-storage:javaPreCompileDebug (Thread[Execution worker Thread 4,5,main]) started.

> Task :react-native-async-storage_async-storage:javaPreCompileDebug UP-TO-DATE
Caching disabled for task ':react-native-async-storage_async-storage:javaPreCompileDebug' because:
  Build cache is disabled
Skipping task ':react-native-async-storage_async-storage:javaPreCompileDebug' as it is up-to-date.
Resolve mutations for :react-native-async-storage_async-storage:compileDebugJavaWithJavac (Thread[Execution worker Thread 4,5,main]) started.
:react-native-async-storage_async-storage:compileDebugJavaWithJavac (Thread[Execution worker Thread 4,5,main]) started.

> Task :react-native-async-storage_async-storage:compileDebugJavaWithJavac UP-TO-DATE
Custom actions are attached to task ':react-native-async-storage_async-storage:compileDebugJavaWithJavac'.
Caching disabled for task ':react-native-async-storage_async-storage:compileDebugJavaWithJavac' because:
  Build cache is disabled
Skipping task ':react-native-async-storage_async-storage:compileDebugJavaWithJavac' as it is up-to-date.
No compile result for :react-native-async-storage_async-storage:compileDebugJavaWithJavac
No compile result for :react-native-async-storage_async-storage:compileDebugJavaWithJavac
No compile result for :react-native-async-storage_async-storage:compileDebugJavaWithJavac
Resolve mutations for :react-native-async-storage_async-storage:bundleLibCompileToJarDebug (Thread[Execution worker Thread 4,5,main]) started.
:react-native-async-storage_async-storage:bundleLibCompileToJarDebug (Thread[Execution worker Thread 4,5,main]) started.

> Task :react-native-async-storage_async-storage:bundleLibCompileToJarDebug UP-TO-DATE
Caching disabled for task ':react-native-async-storage_async-storage:bundleLibCompileToJarDebug' because:
  Build cache is disabled
  Simple merging task
Skipping task ':react-native-async-storage_async-storage:bundleLibCompileToJarDebug' as it is up-to-date.
work action resolve classes.jar (project :react-native-async-storage_async-storage) (Thread[Execution worker Thread 4,5,main]) started.
Resolve mutations for :react-native-blob-util:generateDebugBuildConfig (Thread[Execution worker Thread 4,5,main]) started.
:react-native-blob-util:generateDebugBuildConfig (Thread[Execution worker Thread 4,5,main]) started.

> Task :react-native-blob-util:generateDebugBuildConfig UP-TO-DATE
Caching disabled for task ':react-native-blob-util:generateDebugBuildConfig' because:
  Build cache is disabled
Skipping task ':react-native-blob-util:generateDebugBuildConfig' as it is up-to-date.
Resolve mutations for :react-native-blob-util:javaPreCompileDebug (Thread[Execution worker Thread 4,5,main]) started.
:react-native-blob-util:javaPreCompileDebug (Thread[Execution worker Thread 11,5,main]) started.

> Task :react-native-blob-util:javaPreCompileDebug UP-TO-DATE
Caching disabled for task ':react-native-blob-util:javaPreCompileDebug' because:
  Build cache is disabled
Skipping task ':react-native-blob-util:javaPreCompileDebug' as it is up-to-date.
Resolve mutations for :react-native-blob-util:compileDebugJavaWithJavac (Thread[Execution worker Thread 11,5,main]) started.
:react-native-blob-util:compileDebugJavaWithJavac (Thread[Execution worker Thread 11,5,main]) started.

> Task :react-native-blob-util:compileDebugJavaWithJavac UP-TO-DATE
Custom actions are attached to task ':react-native-blob-util:compileDebugJavaWithJavac'.
Caching disabled for task ':react-native-blob-util:compileDebugJavaWithJavac' because:
  Build cache is disabled
Skipping task ':react-native-blob-util:compileDebugJavaWithJavac' as it is up-to-date.
No compile result for :react-native-blob-util:compileDebugJavaWithJavac
No compile result for :react-native-blob-util:compileDebugJavaWithJavac
No compile result for :react-native-blob-util:compileDebugJavaWithJavac
Resolve mutations for :react-native-blob-util:bundleLibCompileToJarDebug (Thread[Execution worker Thread 11,5,main]) started.
:react-native-blob-util:bundleLibCompileToJarDebug (Thread[Execution worker Thread 9,5,main]) started.

> Task :react-native-blob-util:bundleLibCompileToJarDebug UP-TO-DATE
Caching disabled for task ':react-native-blob-util:bundleLibCompileToJarDebug' because:
  Build cache is disabled
  Simple merging task
Skipping task ':react-native-blob-util:bundleLibCompileToJarDebug' as it is up-to-date.
work action resolve classes.jar (project :react-native-blob-util) (Thread[Execution worker Thread 9,5,main]) started.
Resolve mutations for :react-native-community_blur:generateDebugBuildConfig (Thread[Execution worker Thread 12,5,main]) started.
:react-native-community_blur:generateDebugBuildConfig (Thread[Execution worker Thread 11,5,main]) started.

> Task :react-native-community_blur:generateDebugBuildConfig UP-TO-DATE
Caching disabled for task ':react-native-community_blur:generateDebugBuildConfig' because:
  Build cache is disabled
Skipping task ':react-native-community_blur:generateDebugBuildConfig' as it is up-to-date.
Resolve mutations for :react-native-community_blur:javaPreCompileDebug (Thread[Execution worker Thread 11,5,main]) started.
:react-native-community_blur:javaPreCompileDebug (Thread[Execution worker Thread 14,5,main]) started.

> Task :react-native-community_blur:javaPreCompileDebug UP-TO-DATE
Caching disabled for task ':react-native-community_blur:javaPreCompileDebug' because:
  Build cache is disabled
Skipping task ':react-native-community_blur:javaPreCompileDebug' as it is up-to-date.
Resolve mutations for :react-native-community_blur:compileDebugJavaWithJavac (Thread[Execution worker Thread 14,5,main]) started.
:react-native-community_blur:compileDebugJavaWithJavac (Thread[Execution worker Thread 14,5,main]) started.

> Task :react-native-community_blur:compileDebugJavaWithJavac UP-TO-DATE
Custom actions are attached to task ':react-native-community_blur:compileDebugJavaWithJavac'.
Caching disabled for task ':react-native-community_blur:compileDebugJavaWithJavac' because:
  Build cache is disabled
Skipping task ':react-native-community_blur:compileDebugJavaWithJavac' as it is up-to-date.
No compile result for :react-native-community_blur:compileDebugJavaWithJavac
No compile result for :react-native-community_blur:compileDebugJavaWithJavac
No compile result for :react-native-community_blur:compileDebugJavaWithJavac
Resolve mutations for :react-native-community_blur:bundleLibCompileToJarDebug (Thread[Execution worker Thread 14,5,main]) started.
:react-native-community_blur:bundleLibCompileToJarDebug (Thread[Execution worker Thread 8,5,main]) started.

> Task :react-native-community_blur:bundleLibCompileToJarDebug UP-TO-DATE
Caching disabled for task ':react-native-community_blur:bundleLibCompileToJarDebug' because:
  Build cache is disabled
  Simple merging task
Skipping task ':react-native-community_blur:bundleLibCompileToJarDebug' as it is up-to-date.
work action resolve classes.jar (project :react-native-community_blur) (Thread[Execution worker Thread 8,5,main]) started.
Resolve mutations for :react-native-community_slider:generateDebugBuildConfig (Thread[Execution worker Thread 13,5,main]) started.
:react-native-community_slider:generateDebugBuildConfig (Thread[Execution worker Thread 13,5,main]) started.

> Task :react-native-community_slider:generateDebugBuildConfig UP-TO-DATE
Caching disabled for task ':react-native-community_slider:generateDebugBuildConfig' because:
  Build cache is disabled
Skipping task ':react-native-community_slider:generateDebugBuildConfig' as it is up-to-date.
Resolve mutations for :react-native-community_slider:javaPreCompileDebug (Thread[Execution worker Thread 13,5,main]) started.
:react-native-community_slider:javaPreCompileDebug (Thread[Execution worker Thread 13,5,main]) started.

> Task :react-native-community_slider:javaPreCompileDebug UP-TO-DATE
Caching disabled for task ':react-native-community_slider:javaPreCompileDebug' because:
  Build cache is disabled
Skipping task ':react-native-community_slider:javaPreCompileDebug' as it is up-to-date.
Resolve mutations for :react-native-community_slider:compileDebugJavaWithJavac (Thread[Execution worker Thread 13,5,main]) started.
:react-native-community_slider:compileDebugJavaWithJavac (Thread[Execution worker Thread 13,5,main]) started.

> Task :react-native-community_slider:compileDebugJavaWithJavac UP-TO-DATE
Custom actions are attached to task ':react-native-community_slider:compileDebugJavaWithJavac'.
Caching disabled for task ':react-native-community_slider:compileDebugJavaWithJavac' because:
  Build cache is disabled
Skipping task ':react-native-community_slider:compileDebugJavaWithJavac' as it is up-to-date.
No compile result for :react-native-community_slider:compileDebugJavaWithJavac
No compile result for :react-native-community_slider:compileDebugJavaWithJavac
No compile result for :react-native-community_slider:compileDebugJavaWithJavac
Resolve mutations for :react-native-community_slider:bundleLibCompileToJarDebug (Thread[Execution worker Thread 13,5,main]) started.
:react-native-community_slider:bundleLibCompileToJarDebug (Thread[Execution worker Thread 15,5,main]) started.

> Task :react-native-community_slider:bundleLibCompileToJarDebug UP-TO-DATE
Caching disabled for task ':react-native-community_slider:bundleLibCompileToJarDebug' because:
  Build cache is disabled
  Simple merging task
Skipping task ':react-native-community_slider:bundleLibCompileToJarDebug' as it is up-to-date.
work action resolve classes.jar (project :react-native-community_slider) (Thread[Execution worker Thread 15,5,main]) started.
Resolve mutations for :react-native-device-info:generateDebugBuildConfig (Thread[Execution worker Thread 15,5,main]) started.
:react-native-device-info:generateDebugBuildConfig (Thread[Execution worker Thread 15,5,main]) started.

> Task :react-native-device-info:generateDebugBuildConfig UP-TO-DATE
Caching disabled for task ':react-native-device-info:generateDebugBuildConfig' because:
  Build cache is disabled
Skipping task ':react-native-device-info:generateDebugBuildConfig' as it is up-to-date.
Resolve mutations for :react-native-device-info:javaPreCompileDebug (Thread[Execution worker Thread 15,5,main]) started.
:react-native-device-info:javaPreCompileDebug (Thread[Execution worker Thread 6,5,main]) started.

> Task :react-native-device-info:javaPreCompileDebug UP-TO-DATE
Caching disabled for task ':react-native-device-info:javaPreCompileDebug' because:
  Build cache is disabled
Skipping task ':react-native-device-info:javaPreCompileDebug' as it is up-to-date.
Resolve mutations for :react-native-device-info:compileDebugJavaWithJavac (Thread[Execution worker Thread 6,5,main]) started.
:react-native-device-info:compileDebugJavaWithJavac (Thread[Execution worker Thread 6,5,main]) started.

> Task :react-native-device-info:compileDebugJavaWithJavac UP-TO-DATE
Custom actions are attached to task ':react-native-device-info:compileDebugJavaWithJavac'.
Caching disabled for task ':react-native-device-info:compileDebugJavaWithJavac' because:
  Build cache is disabled
Skipping task ':react-native-device-info:compileDebugJavaWithJavac' as it is up-to-date.
No compile result for :react-native-device-info:compileDebugJavaWithJavac
No compile result for :react-native-device-info:compileDebugJavaWithJavac
No compile result for :react-native-device-info:compileDebugJavaWithJavac
Resolve mutations for :react-native-device-info:bundleLibCompileToJarDebug (Thread[Execution worker Thread 6,5,main]) started.
:react-native-device-info:bundleLibCompileToJarDebug (Thread[Execution worker Thread 14,5,main]) started.

> Task :react-native-device-info:bundleLibCompileToJarDebug UP-TO-DATE
Caching disabled for task ':react-native-device-info:bundleLibCompileToJarDebug' because:
  Build cache is disabled
  Simple merging task
Skipping task ':react-native-device-info:bundleLibCompileToJarDebug' as it is up-to-date.
work action resolve classes.jar (project :react-native-device-info) (Thread[Execution worker Thread 14,5,main]) started.
Resolve mutations for :react-native-firebase_app:generateDebugBuildConfig (Thread[Execution worker Thread 10,5,main]) started.
:react-native-firebase_app:generateDebugBuildConfig (Thread[Execution worker Thread 10,5,main]) started.

> Task :react-native-firebase_app:generateDebugBuildConfig UP-TO-DATE
Caching disabled for task ':react-native-firebase_app:generateDebugBuildConfig' because:
  Build cache is disabled
Skipping task ':react-native-firebase_app:generateDebugBuildConfig' as it is up-to-date.
Resolve mutations for :react-native-firebase_app:javaPreCompileDebug (Thread[Execution worker Thread 10,5,main]) started.
:react-native-firebase_app:javaPreCompileDebug (Thread[Execution worker Thread 10,5,main]) started.

> Task :react-native-firebase_app:javaPreCompileDebug UP-TO-DATE
Caching disabled for task ':react-native-firebase_app:javaPreCompileDebug' because:
  Build cache is disabled
Skipping task ':react-native-firebase_app:javaPreCompileDebug' as it is up-to-date.
Resolve mutations for :react-native-firebase_app:compileDebugJavaWithJavac (Thread[Execution worker Thread 10,5,main]) started.
:react-native-firebase_app:compileDebugJavaWithJavac (Thread[Execution worker Thread 10,5,main]) started.

> Task :react-native-firebase_app:compileDebugJavaWithJavac UP-TO-DATE
Custom actions are attached to task ':react-native-firebase_app:compileDebugJavaWithJavac'.
Caching disabled for task ':react-native-firebase_app:compileDebugJavaWithJavac' because:
  Build cache is disabled
Skipping task ':react-native-firebase_app:compileDebugJavaWithJavac' as it is up-to-date.
No compile result for :react-native-firebase_app:compileDebugJavaWithJavac
No compile result for :react-native-firebase_app:compileDebugJavaWithJavac
No compile result for :react-native-firebase_app:compileDebugJavaWithJavac
Resolve mutations for :react-native-firebase_app:bundleLibCompileToJarDebug (Thread[Execution worker Thread 10,5,main]) started.
:react-native-firebase_app:bundleLibCompileToJarDebug (Thread[Execution worker Thread 15,5,main]) started.

> Task :react-native-firebase_app:bundleLibCompileToJarDebug UP-TO-DATE
Caching disabled for task ':react-native-firebase_app:bundleLibCompileToJarDebug' because:
  Build cache is disabled
  Simple merging task
Skipping task ':react-native-firebase_app:bundleLibCompileToJarDebug' as it is up-to-date.
work action resolve classes.jar (project :react-native-firebase_app) (Thread[Execution worker Thread 15,5,main]) started.
Resolve mutations for :react-native-firebase_auth:generateDebugBuildConfig (Thread[Execution worker Thread 5,5,main]) started.
:react-native-firebase_auth:generateDebugBuildConfig (Thread[Execution worker Thread 5,5,main]) started.

> Task :react-native-firebase_auth:generateDebugBuildConfig UP-TO-DATE
Caching disabled for task ':react-native-firebase_auth:generateDebugBuildConfig' because:
  Build cache is disabled
Skipping task ':react-native-firebase_auth:generateDebugBuildConfig' as it is up-to-date.
Resolve mutations for :react-native-firebase_auth:javaPreCompileDebug (Thread[Execution worker Thread 5,5,main]) started.
:react-native-firebase_auth:javaPreCompileDebug (Thread[Execution worker Thread 5,5,main]) started.

> Task :react-native-firebase_auth:javaPreCompileDebug UP-TO-DATE
Caching disabled for task ':react-native-firebase_auth:javaPreCompileDebug' because:
  Build cache is disabled
Skipping task ':react-native-firebase_auth:javaPreCompileDebug' as it is up-to-date.
Resolve mutations for :react-native-firebase_auth:compileDebugJavaWithJavac (Thread[Execution worker Thread 5,5,main]) started.
:react-native-firebase_auth:compileDebugJavaWithJavac (Thread[Execution worker Thread 5,5,main]) started.

> Task :react-native-firebase_auth:compileDebugJavaWithJavac UP-TO-DATE
Custom actions are attached to task ':react-native-firebase_auth:compileDebugJavaWithJavac'.
Caching disabled for task ':react-native-firebase_auth:compileDebugJavaWithJavac' because:
  Build cache is disabled
Skipping task ':react-native-firebase_auth:compileDebugJavaWithJavac' as it is up-to-date.
No compile result for :react-native-firebase_auth:compileDebugJavaWithJavac
No compile result for :react-native-firebase_auth:compileDebugJavaWithJavac
No compile result for :react-native-firebase_auth:compileDebugJavaWithJavac
Resolve mutations for :react-native-firebase_auth:bundleLibCompileToJarDebug (Thread[Execution worker Thread 5,5,main]) started.
:react-native-firebase_auth:bundleLibCompileToJarDebug (Thread[Execution worker Thread 5,5,main]) started.

> Task :react-native-firebase_auth:bundleLibCompileToJarDebug UP-TO-DATE
Caching disabled for task ':react-native-firebase_auth:bundleLibCompileToJarDebug' because:
  Build cache is disabled
  Simple merging task
Skipping task ':react-native-firebase_auth:bundleLibCompileToJarDebug' as it is up-to-date.
work action resolve classes.jar (project :react-native-firebase_auth) (Thread[Execution worker Thread 5,5,main]) started.
Resolve mutations for :react-native-firebase_messaging:generateDebugBuildConfig (Thread[Execution worker Thread 7,5,main]) started.
:react-native-firebase_messaging:generateDebugBuildConfig (Thread[Execution worker Thread 7,5,main]) started.

> Task :react-native-firebase_messaging:generateDebugBuildConfig UP-TO-DATE
Caching disabled for task ':react-native-firebase_messaging:generateDebugBuildConfig' because:
  Build cache is disabled
Skipping task ':react-native-firebase_messaging:generateDebugBuildConfig' as it is up-to-date.
Resolve mutations for :react-native-firebase_messaging:javaPreCompileDebug (Thread[Execution worker Thread 7,5,main]) started.
:react-native-firebase_messaging:javaPreCompileDebug (Thread[included builds,5,main]) started.

> Task :react-native-firebase_messaging:javaPreCompileDebug UP-TO-DATE
Caching disabled for task ':react-native-firebase_messaging:javaPreCompileDebug' because:
  Build cache is disabled
Skipping task ':react-native-firebase_messaging:javaPreCompileDebug' as it is up-to-date.
Resolve mutations for :react-native-firebase_messaging:compileDebugJavaWithJavac (Thread[included builds,5,main]) started.
:react-native-firebase_messaging:compileDebugJavaWithJavac (Thread[included builds,5,main]) started.

> Task :react-native-firebase_messaging:compileDebugJavaWithJavac UP-TO-DATE
Custom actions are attached to task ':react-native-firebase_messaging:compileDebugJavaWithJavac'.
Caching disabled for task ':react-native-firebase_messaging:compileDebugJavaWithJavac' because:
  Build cache is disabled
Skipping task ':react-native-firebase_messaging:compileDebugJavaWithJavac' as it is up-to-date.
No compile result for :react-native-firebase_messaging:compileDebugJavaWithJavac
No compile result for :react-native-firebase_messaging:compileDebugJavaWithJavac
No compile result for :react-native-firebase_messaging:compileDebugJavaWithJavac
Resolve mutations for :react-native-firebase_messaging:bundleLibCompileToJarDebug (Thread[included builds,5,main]) started.
:react-native-firebase_messaging:bundleLibCompileToJarDebug (Thread[Execution worker Thread 15,5,main]) started.

> Task :react-native-firebase_messaging:bundleLibCompileToJarDebug UP-TO-DATE
Caching disabled for task ':react-native-firebase_messaging:bundleLibCompileToJarDebug' because:
  Build cache is disabled
  Simple merging task
Skipping task ':react-native-firebase_messaging:bundleLibCompileToJarDebug' as it is up-to-date.
work action resolve classes.jar (project :react-native-firebase_messaging) (Thread[Execution worker Thread 15,5,main]) started.
Resolve mutations for :react-native-gesture-handler:checkKotlinGradlePluginConfigurationErrors (Thread[Execution worker Thread 9,5,main]) started.
:react-native-gesture-handler:checkKotlinGradlePluginConfigurationErrors (Thread[Execution worker Thread 11,5,main]) started.

> Task :react-native-gesture-handler:checkKotlinGradlePluginConfigurationErrors SKIPPED
Skipping task ':react-native-gesture-handler:checkKotlinGradlePluginConfigurationErrors' as task onlyIf 'errorDiagnostics are present' is false.
Resolve mutations for :react-native-gesture-handler:generateDebugBuildConfig (Thread[Execution worker Thread 11,5,main]) started.
:react-native-gesture-handler:generateDebugBuildConfig (Thread[Execution worker Thread 11,5,main]) started.

> Task :react-native-gesture-handler:generateDebugBuildConfig UP-TO-DATE
Caching disabled for task ':react-native-gesture-handler:generateDebugBuildConfig' because:
  Build cache is disabled
Skipping task ':react-native-gesture-handler:generateDebugBuildConfig' as it is up-to-date.
Resolve mutations for :react-native-reanimated:generateDebugBuildConfig (Thread[Execution worker Thread 11,5,main]) started.
:react-native-reanimated:generateDebugBuildConfig (Thread[Execution worker Thread 5,5,main]) started.

> Task :react-native-reanimated:generateDebugBuildConfig UP-TO-DATE
Caching disabled for task ':react-native-reanimated:generateDebugBuildConfig' because:
  Build cache is disabled
Skipping task ':react-native-reanimated:generateDebugBuildConfig' as it is up-to-date.
Resolve mutations for :react-native-reanimated:javaPreCompileDebug (Thread[Execution worker Thread 5,5,main]) started.
:react-native-reanimated:javaPreCompileDebug (Thread[Execution worker Thread 5,5,main]) started.

> Task :react-native-reanimated:javaPreCompileDebug UP-TO-DATE
Caching disabled for task ':react-native-reanimated:javaPreCompileDebug' because:
  Build cache is disabled
Skipping task ':react-native-reanimated:javaPreCompileDebug' as it is up-to-date.
Resolve mutations for :react-native-reanimated:packageNdkLibs (Thread[Execution worker Thread 5,5,main]) started.
:react-native-reanimated:packageNdkLibs (Thread[Execution worker Thread 5,5,main]) started.

> Task :react-native-reanimated:packageNdkLibs NO-SOURCE
Skipping task ':react-native-reanimated:packageNdkLibs' as it has no source files and no previous output files.
Resolve mutations for :react-native-reanimated:compileDebugJavaWithJavac (Thread[Execution worker Thread 5,5,main]) started.
:react-native-reanimated:compileDebugJavaWithJavac (Thread[Execution worker Thread 5,5,main]) started.

> Task :react-native-reanimated:compileDebugJavaWithJavac UP-TO-DATE
Custom actions are attached to task ':react-native-reanimated:compileDebugJavaWithJavac'.
Caching disabled for task ':react-native-reanimated:compileDebugJavaWithJavac' because:
  Build cache is disabled
Skipping task ':react-native-reanimated:compileDebugJavaWithJavac' as it is up-to-date.
No compile result for :react-native-reanimated:compileDebugJavaWithJavac
No compile result for :react-native-reanimated:compileDebugJavaWithJavac
No compile result for :react-native-reanimated:compileDebugJavaWithJavac
Resolve mutations for :react-native-reanimated:bundleLibCompileToJarDebug (Thread[Execution worker Thread 5,5,main]) started.
:react-native-reanimated:bundleLibCompileToJarDebug (Thread[Execution worker Thread 8,5,main]) started.

> Task :react-native-reanimated:bundleLibCompileToJarDebug UP-TO-DATE
Caching disabled for task ':react-native-reanimated:bundleLibCompileToJarDebug' because:
  Build cache is disabled
  Simple merging task
Skipping task ':react-native-reanimated:bundleLibCompileToJarDebug' as it is up-to-date.
work action resolve classes.jar (project :react-native-reanimated) (Thread[Execution worker Thread 8,5,main]) started.
Resolve mutations for :react-native-gesture-handler:compileDebugKotlin (Thread[Execution worker Thread 8,5,main]) started.
:react-native-gesture-handler:compileDebugKotlin (Thread[Execution worker Thread 8,5,main]) started.

> Task :react-native-gesture-handler:compileDebugKotlin UP-TO-DATE
GradleBuildProject.Builder should not be accessed through AnalyticsConfiguratorService after AnalyticsService is created. Analytics information of this build might be incomplete.
Caching disabled for task ':react-native-gesture-handler:compileDebugKotlin' because:
  Build cache is disabled
Skipping task ':react-native-gesture-handler:compileDebugKotlin' as it is up-to-date.
Resolve mutations for :react-native-gesture-handler:javaPreCompileDebug (Thread[Execution worker Thread 8,5,main]) started.
:react-native-gesture-handler:javaPreCompileDebug (Thread[Execution worker Thread 13,5,main]) started.

> Task :react-native-gesture-handler:javaPreCompileDebug UP-TO-DATE
Caching disabled for task ':react-native-gesture-handler:javaPreCompileDebug' because:
  Build cache is disabled
Skipping task ':react-native-gesture-handler:javaPreCompileDebug' as it is up-to-date.
Resolve mutations for :react-native-gesture-handler:compileDebugJavaWithJavac (Thread[Execution worker Thread 13,5,main]) started.
:react-native-gesture-handler:compileDebugJavaWithJavac (Thread[Execution worker Thread 13,5,main]) started.

> Task :react-native-gesture-handler:compileDebugJavaWithJavac UP-TO-DATE
Custom actions are attached to task ':react-native-gesture-handler:compileDebugJavaWithJavac'.
Caching disabled for task ':react-native-gesture-handler:compileDebugJavaWithJavac' because:
  Build cache is disabled
Skipping task ':react-native-gesture-handler:compileDebugJavaWithJavac' as it is up-to-date.
No compile result for :react-native-gesture-handler:compileDebugJavaWithJavac
No compile result for :react-native-gesture-handler:compileDebugJavaWithJavac
No compile result for :react-native-gesture-handler:compileDebugJavaWithJavac
Resolve mutations for :react-native-gesture-handler:bundleLibCompileToJarDebug (Thread[Execution worker Thread 13,5,main]) started.
:react-native-gesture-handler:bundleLibCompileToJarDebug (Thread[Execution worker Thread 13,5,main]) started.

> Task :react-native-gesture-handler:bundleLibCompileToJarDebug UP-TO-DATE
Caching disabled for task ':react-native-gesture-handler:bundleLibCompileToJarDebug' because:
  Build cache is disabled
  Simple merging task
Skipping task ':react-native-gesture-handler:bundleLibCompileToJarDebug' as it is up-to-date.
work action resolve classes.jar (project :react-native-gesture-handler) (Thread[Execution worker Thread 13,5,main]) started.
Resolve mutations for :react-native-image-crop-picker:generateDebugBuildConfig (Thread[Execution worker Thread 13,5,main]) started.
:react-native-image-crop-picker:generateDebugBuildConfig (Thread[Execution worker Thread 13,5,main]) started.

> Task :react-native-image-crop-picker:generateDebugBuildConfig UP-TO-DATE
Caching disabled for task ':react-native-image-crop-picker:generateDebugBuildConfig' because:
  Build cache is disabled
Skipping task ':react-native-image-crop-picker:generateDebugBuildConfig' as it is up-to-date.
Resolve mutations for :react-native-image-crop-picker:javaPreCompileDebug (Thread[Execution worker Thread 13,5,main]) started.
:react-native-image-crop-picker:javaPreCompileDebug (Thread[Execution worker Thread 13,5,main]) started.

> Task :react-native-image-crop-picker:javaPreCompileDebug UP-TO-DATE
Caching disabled for task ':react-native-image-crop-picker:javaPreCompileDebug' because:
  Build cache is disabled
Skipping task ':react-native-image-crop-picker:javaPreCompileDebug' as it is up-to-date.
Resolve mutations for :react-native-image-crop-picker:compileDebugJavaWithJavac (Thread[Execution worker Thread 13,5,main]) started.
:react-native-image-crop-picker:compileDebugJavaWithJavac (Thread[Execution worker Thread 13,5,main]) started.

> Task :react-native-image-crop-picker:compileDebugJavaWithJavac UP-TO-DATE
Custom actions are attached to task ':react-native-image-crop-picker:compileDebugJavaWithJavac'.
Caching disabled for task ':react-native-image-crop-picker:compileDebugJavaWithJavac' because:
  Build cache is disabled
Skipping task ':react-native-image-crop-picker:compileDebugJavaWithJavac' as it is up-to-date.
No compile result for :react-native-image-crop-picker:compileDebugJavaWithJavac
No compile result for :react-native-image-crop-picker:compileDebugJavaWithJavac
No compile result for :react-native-image-crop-picker:compileDebugJavaWithJavac
Resolve mutations for :react-native-image-crop-picker:bundleLibCompileToJarDebug (Thread[Execution worker Thread 13,5,main]) started.
:react-native-image-crop-picker:bundleLibCompileToJarDebug (Thread[Execution worker Thread 8,5,main]) started.

> Task :react-native-image-crop-picker:bundleLibCompileToJarDebug UP-TO-DATE
Caching disabled for task ':react-native-image-crop-picker:bundleLibCompileToJarDebug' because:
  Build cache is disabled
  Simple merging task
Skipping task ':react-native-image-crop-picker:bundleLibCompileToJarDebug' as it is up-to-date.
work action resolve classes.jar (project :react-native-image-crop-picker) (Thread[Execution worker Thread 8,5,main]) started.
Resolve mutations for :react-native-keyboard-controller:checkKotlinGradlePluginConfigurationErrors (Thread[Execution worker Thread 11,5,main]) started.
:react-native-keyboard-controller:checkKotlinGradlePluginConfigurationErrors (Thread[Execution worker Thread 12,5,main]) started.

> Task :react-native-keyboard-controller:checkKotlinGradlePluginConfigurationErrors SKIPPED
Skipping task ':react-native-keyboard-controller:checkKotlinGradlePluginConfigurationErrors' as task onlyIf 'errorDiagnostics are present' is false.
Resolve mutations for :react-native-keyboard-controller:generateDebugBuildConfig (Thread[Execution worker Thread 12,5,main]) started.
:react-native-keyboard-controller:generateDebugBuildConfig (Thread[Execution worker Thread 12,5,main]) started.

> Task :react-native-keyboard-controller:generateDebugBuildConfig UP-TO-DATE
Caching disabled for task ':react-native-keyboard-controller:generateDebugBuildConfig' because:
  Build cache is disabled
Skipping task ':react-native-keyboard-controller:generateDebugBuildConfig' as it is up-to-date.
Resolve mutations for :react-native-keyboard-controller:compileDebugKotlin (Thread[Execution worker Thread 6,5,main]) started.
:react-native-keyboard-controller:compileDebugKotlin (Thread[Execution worker Thread 6,5,main]) started.

> Task :react-native-keyboard-controller:compileDebugKotlin UP-TO-DATE
GradleBuildProject.Builder should not be accessed through AnalyticsConfiguratorService after AnalyticsService is created. Analytics information of this build might be incomplete.
Caching disabled for task ':react-native-keyboard-controller:compileDebugKotlin' because:
  Build cache is disabled
Skipping task ':react-native-keyboard-controller:compileDebugKotlin' as it is up-to-date.
Resolve mutations for :react-native-keyboard-controller:javaPreCompileDebug (Thread[Execution worker Thread 6,5,main]) started.
:react-native-keyboard-controller:javaPreCompileDebug (Thread[Execution worker Thread 6,5,main]) started.

> Task :react-native-keyboard-controller:javaPreCompileDebug UP-TO-DATE
Caching disabled for task ':react-native-keyboard-controller:javaPreCompileDebug' because:
  Build cache is disabled
Skipping task ':react-native-keyboard-controller:javaPreCompileDebug' as it is up-to-date.
Resolve mutations for :react-native-keyboard-controller:compileDebugJavaWithJavac (Thread[Execution worker Thread 6,5,main]) started.
:react-native-keyboard-controller:compileDebugJavaWithJavac (Thread[Execution worker Thread 6,5,main]) started.

> Task :react-native-keyboard-controller:compileDebugJavaWithJavac UP-TO-DATE
Custom actions are attached to task ':react-native-keyboard-controller:compileDebugJavaWithJavac'.
Caching disabled for task ':react-native-keyboard-controller:compileDebugJavaWithJavac' because:
  Build cache is disabled
Skipping task ':react-native-keyboard-controller:compileDebugJavaWithJavac' as it is up-to-date.
No compile result for :react-native-keyboard-controller:compileDebugJavaWithJavac
No compile result for :react-native-keyboard-controller:compileDebugJavaWithJavac
No compile result for :react-native-keyboard-controller:compileDebugJavaWithJavac
Resolve mutations for :react-native-keyboard-controller:bundleLibCompileToJarDebug (Thread[Execution worker Thread 6,5,main]) started.
:react-native-keyboard-controller:bundleLibCompileToJarDebug (Thread[Execution worker Thread 5,5,main]) started.

> Task :react-native-keyboard-controller:bundleLibCompileToJarDebug UP-TO-DATE
Caching disabled for task ':react-native-keyboard-controller:bundleLibCompileToJarDebug' because:
  Build cache is disabled
  Simple merging task
Skipping task ':react-native-keyboard-controller:bundleLibCompileToJarDebug' as it is up-to-date.
work action resolve classes.jar (project :react-native-keyboard-controller) (Thread[Execution worker Thread 5,5,main]) started.
Resolve mutations for :react-native-linear-gradient:generateDebugBuildConfig (Thread[Execution worker Thread 11,5,main]) started.
:react-native-linear-gradient:generateDebugBuildConfig (Thread[Execution worker Thread 11,5,main]) started.

> Task :react-native-linear-gradient:generateDebugBuildConfig UP-TO-DATE
Caching disabled for task ':react-native-linear-gradient:generateDebugBuildConfig' because:
  Build cache is disabled
Skipping task ':react-native-linear-gradient:generateDebugBuildConfig' as it is up-to-date.
Resolve mutations for :react-native-linear-gradient:javaPreCompileDebug (Thread[Execution worker Thread 11,5,main]) started.
:react-native-linear-gradient:javaPreCompileDebug (Thread[Execution worker Thread 3,5,main]) started.

> Task :react-native-linear-gradient:javaPreCompileDebug UP-TO-DATE
Caching disabled for task ':react-native-linear-gradient:javaPreCompileDebug' because:
  Build cache is disabled
Skipping task ':react-native-linear-gradient:javaPreCompileDebug' as it is up-to-date.
Resolve mutations for :react-native-linear-gradient:compileDebugJavaWithJavac (Thread[Execution worker Thread 3,5,main]) started.
:react-native-linear-gradient:compileDebugJavaWithJavac (Thread[Execution worker Thread 3,5,main]) started.

> Task :react-native-linear-gradient:compileDebugJavaWithJavac UP-TO-DATE
Custom actions are attached to task ':react-native-linear-gradient:compileDebugJavaWithJavac'.
Caching disabled for task ':react-native-linear-gradient:compileDebugJavaWithJavac' because:
  Build cache is disabled
Skipping task ':react-native-linear-gradient:compileDebugJavaWithJavac' as it is up-to-date.
No compile result for :react-native-linear-gradient:compileDebugJavaWithJavac
No compile result for :react-native-linear-gradient:compileDebugJavaWithJavac
No compile result for :react-native-linear-gradient:compileDebugJavaWithJavac
Resolve mutations for :react-native-linear-gradient:bundleLibCompileToJarDebug (Thread[Execution worker Thread 3,5,main]) started.
:react-native-linear-gradient:bundleLibCompileToJarDebug (Thread[Execution worker Thread 2,5,main]) started.

> Task :react-native-linear-gradient:bundleLibCompileToJarDebug UP-TO-DATE
Caching disabled for task ':react-native-linear-gradient:bundleLibCompileToJarDebug' because:
  Build cache is disabled
  Simple merging task
Skipping task ':react-native-linear-gradient:bundleLibCompileToJarDebug' as it is up-to-date.
work action resolve classes.jar (project :react-native-linear-gradient) (Thread[Execution worker Thread 2,5,main]) started.
Resolve mutations for :react-native-maps:generateDebugBuildConfig (Thread[Execution worker Thread 5,5,main]) started.
:react-native-maps:generateDebugBuildConfig (Thread[Execution worker Thread 5,5,main]) started.

> Task :react-native-maps:generateDebugBuildConfig UP-TO-DATE
Caching disabled for task ':react-native-maps:generateDebugBuildConfig' because:
  Build cache is disabled
Skipping task ':react-native-maps:generateDebugBuildConfig' as it is up-to-date.
Resolve mutations for :react-native-maps:javaPreCompileDebug (Thread[Execution worker Thread 5,5,main]) started.
:react-native-maps:javaPreCompileDebug (Thread[Execution worker Thread 10,5,main]) started.

> Task :react-native-maps:javaPreCompileDebug UP-TO-DATE
Caching disabled for task ':react-native-maps:javaPreCompileDebug' because:
  Build cache is disabled
Skipping task ':react-native-maps:javaPreCompileDebug' as it is up-to-date.
Resolve mutations for :react-native-maps:compileDebugJavaWithJavac (Thread[Execution worker Thread 10,5,main]) started.
:react-native-maps:compileDebugJavaWithJavac (Thread[Execution worker Thread 10,5,main]) started.

> Task :react-native-maps:compileDebugJavaWithJavac UP-TO-DATE
Custom actions are attached to task ':react-native-maps:compileDebugJavaWithJavac'.
Caching disabled for task ':react-native-maps:compileDebugJavaWithJavac' because:
  Build cache is disabled
Skipping task ':react-native-maps:compileDebugJavaWithJavac' as it is up-to-date.
No compile result for :react-native-maps:compileDebugJavaWithJavac
No compile result for :react-native-maps:compileDebugJavaWithJavac
No compile result for :react-native-maps:compileDebugJavaWithJavac
Resolve mutations for :react-native-maps:bundleLibCompileToJarDebug (Thread[Execution worker Thread 10,5,main]) started.
:react-native-maps:bundleLibCompileToJarDebug (Thread[Execution worker Thread 2,5,main]) started.

> Task :react-native-maps:bundleLibCompileToJarDebug UP-TO-DATE
Caching disabled for task ':react-native-maps:bundleLibCompileToJarDebug' because:
  Build cache is disabled
  Simple merging task
Skipping task ':react-native-maps:bundleLibCompileToJarDebug' as it is up-to-date.
work action resolve classes.jar (project :react-native-maps) (Thread[Execution worker Thread 2,5,main]) started.
Resolve mutations for :react-native-masked-view_masked-view:generateDebugBuildConfig (Thread[Execution worker Thread 6,5,main]) started.
:react-native-masked-view_masked-view:generateDebugBuildConfig (Thread[Execution worker Thread 6,5,main]) started.

> Task :react-native-masked-view_masked-view:generateDebugBuildConfig UP-TO-DATE
Caching disabled for task ':react-native-masked-view_masked-view:generateDebugBuildConfig' because:
  Build cache is disabled
Skipping task ':react-native-masked-view_masked-view:generateDebugBuildConfig' as it is up-to-date.
Resolve mutations for :react-native-masked-view_masked-view:javaPreCompileDebug (Thread[Execution worker Thread 6,5,main]) started.
:react-native-masked-view_masked-view:javaPreCompileDebug (Thread[Execution worker Thread 5,5,main]) started.

> Task :react-native-masked-view_masked-view:javaPreCompileDebug UP-TO-DATE
Caching disabled for task ':react-native-masked-view_masked-view:javaPreCompileDebug' because:
  Build cache is disabled
Skipping task ':react-native-masked-view_masked-view:javaPreCompileDebug' as it is up-to-date.
Resolve mutations for :react-native-masked-view_masked-view:compileDebugJavaWithJavac (Thread[Execution worker Thread 5,5,main]) started.
:react-native-masked-view_masked-view:compileDebugJavaWithJavac (Thread[Execution worker Thread 5,5,main]) started.

> Task :react-native-masked-view_masked-view:compileDebugJavaWithJavac UP-TO-DATE
Custom actions are attached to task ':react-native-masked-view_masked-view:compileDebugJavaWithJavac'.
Caching disabled for task ':react-native-masked-view_masked-view:compileDebugJavaWithJavac' because:
  Build cache is disabled
Skipping task ':react-native-masked-view_masked-view:compileDebugJavaWithJavac' as it is up-to-date.
No compile result for :react-native-masked-view_masked-view:compileDebugJavaWithJavac
No compile result for :react-native-masked-view_masked-view:compileDebugJavaWithJavac
No compile result for :react-native-masked-view_masked-view:compileDebugJavaWithJavac
Resolve mutations for :react-native-masked-view_masked-view:bundleLibCompileToJarDebug (Thread[Execution worker Thread 5,5,main]) started.
:react-native-masked-view_masked-view:bundleLibCompileToJarDebug (Thread[Execution worker Thread 5,5,main]) started.

> Task :react-native-masked-view_masked-view:bundleLibCompileToJarDebug UP-TO-DATE
Caching disabled for task ':react-native-masked-view_masked-view:bundleLibCompileToJarDebug' because:
  Build cache is disabled
  Simple merging task
Skipping task ':react-native-masked-view_masked-view:bundleLibCompileToJarDebug' as it is up-to-date.
work action resolve classes.jar (project :react-native-masked-view_masked-view) (Thread[Execution worker Thread 5,5,main]) started.
Resolve mutations for :react-native-mmkv:generateDebugBuildConfig (Thread[Execution worker Thread 9,5,main]) started.
:react-native-mmkv:generateDebugBuildConfig (Thread[Execution worker Thread 9,5,main]) started.

> Task :react-native-mmkv:generateDebugBuildConfig UP-TO-DATE
Caching disabled for task ':react-native-mmkv:generateDebugBuildConfig' because:
  Build cache is disabled
Skipping task ':react-native-mmkv:generateDebugBuildConfig' as it is up-to-date.
Resolve mutations for :react-native-mmkv:javaPreCompileDebug (Thread[Execution worker Thread 9,5,main]) started.
:react-native-mmkv:javaPreCompileDebug (Thread[Execution worker Thread 9,5,main]) started.

> Task :react-native-mmkv:javaPreCompileDebug UP-TO-DATE
Caching disabled for task ':react-native-mmkv:javaPreCompileDebug' because:
  Build cache is disabled
Skipping task ':react-native-mmkv:javaPreCompileDebug' as it is up-to-date.
Resolve mutations for :react-native-mmkv:compileDebugJavaWithJavac (Thread[Execution worker Thread 9,5,main]) started.
:react-native-mmkv:compileDebugJavaWithJavac (Thread[Execution worker Thread 9,5,main]) started.

> Task :react-native-mmkv:compileDebugJavaWithJavac UP-TO-DATE
Custom actions are attached to task ':react-native-mmkv:compileDebugJavaWithJavac'.
Caching disabled for task ':react-native-mmkv:compileDebugJavaWithJavac' because:
  Build cache is disabled
Skipping task ':react-native-mmkv:compileDebugJavaWithJavac' as it is up-to-date.
No compile result for :react-native-mmkv:compileDebugJavaWithJavac
No compile result for :react-native-mmkv:compileDebugJavaWithJavac
No compile result for :react-native-mmkv:compileDebugJavaWithJavac
Resolve mutations for :react-native-mmkv:bundleLibCompileToJarDebug (Thread[Execution worker Thread 9,5,main]) started.
:react-native-mmkv:bundleLibCompileToJarDebug (Thread[Execution worker Thread 2,5,main]) started.

> Task :react-native-mmkv:bundleLibCompileToJarDebug UP-TO-DATE
Caching disabled for task ':react-native-mmkv:bundleLibCompileToJarDebug' because:
  Build cache is disabled
  Simple merging task
Skipping task ':react-native-mmkv:bundleLibCompileToJarDebug' as it is up-to-date.
work action resolve classes.jar (project :react-native-mmkv) (Thread[Execution worker Thread 2,5,main]) started.
Resolve mutations for :react-native-safe-area-context:checkKotlinGradlePluginConfigurationErrors (Thread[Execution worker Thread 2,5,main]) started.
:react-native-safe-area-context:checkKotlinGradlePluginConfigurationErrors (Thread[Execution worker Thread 8,5,main]) started.

> Task :react-native-safe-area-context:checkKotlinGradlePluginConfigurationErrors SKIPPED
Skipping task ':react-native-safe-area-context:checkKotlinGradlePluginConfigurationErrors' as task onlyIf 'errorDiagnostics are present' is false.
Resolve mutations for :react-native-safe-area-context:generateDebugBuildConfig (Thread[Execution worker Thread 7,5,main]) started.
:react-native-safe-area-context:generateDebugBuildConfig (Thread[Execution worker Thread 7,5,main]) started.

> Task :react-native-safe-area-context:generateDebugBuildConfig UP-TO-DATE
Caching disabled for task ':react-native-safe-area-context:generateDebugBuildConfig' because:
  Build cache is disabled
Skipping task ':react-native-safe-area-context:generateDebugBuildConfig' as it is up-to-date.
Resolve mutations for :react-native-safe-area-context:compileDebugKotlin (Thread[Execution worker Thread 7,5,main]) started.
:react-native-safe-area-context:compileDebugKotlin (Thread[Execution worker Thread 7,5,main]) started.

> Task :react-native-safe-area-context:compileDebugKotlin UP-TO-DATE
GradleBuildProject.Builder should not be accessed through AnalyticsConfiguratorService after AnalyticsService is created. Analytics information of this build might be incomplete.
Caching disabled for task ':react-native-safe-area-context:compileDebugKotlin' because:
  Build cache is disabled
Skipping task ':react-native-safe-area-context:compileDebugKotlin' as it is up-to-date.
Resolve mutations for :react-native-safe-area-context:javaPreCompileDebug (Thread[Execution worker Thread 7,5,main]) started.
:react-native-safe-area-context:javaPreCompileDebug (Thread[Execution worker Thread 3,5,main]) started.

> Task :react-native-safe-area-context:javaPreCompileDebug UP-TO-DATE
Caching disabled for task ':react-native-safe-area-context:javaPreCompileDebug' because:
  Build cache is disabled
Skipping task ':react-native-safe-area-context:javaPreCompileDebug' as it is up-to-date.
Resolve mutations for :react-native-safe-area-context:compileDebugJavaWithJavac (Thread[Execution worker Thread 3,5,main]) started.
:react-native-safe-area-context:compileDebugJavaWithJavac (Thread[Execution worker Thread 3,5,main]) started.

> Task :react-native-safe-area-context:compileDebugJavaWithJavac UP-TO-DATE
Custom actions are attached to task ':react-native-safe-area-context:compileDebugJavaWithJavac'.
Caching disabled for task ':react-native-safe-area-context:compileDebugJavaWithJavac' because:
  Build cache is disabled
Skipping task ':react-native-safe-area-context:compileDebugJavaWithJavac' as it is up-to-date.
No compile result for :react-native-safe-area-context:compileDebugJavaWithJavac
No compile result for :react-native-safe-area-context:compileDebugJavaWithJavac
No compile result for :react-native-safe-area-context:compileDebugJavaWithJavac
Resolve mutations for :react-native-safe-area-context:bundleLibCompileToJarDebug (Thread[Execution worker Thread 3,5,main]) started.
:react-native-safe-area-context:bundleLibCompileToJarDebug (Thread[Execution worker Thread 3,5,main]) started.

> Task :react-native-safe-area-context:bundleLibCompileToJarDebug UP-TO-DATE
Caching disabled for task ':react-native-safe-area-context:bundleLibCompileToJarDebug' because:
  Build cache is disabled
  Simple merging task
Skipping task ':react-native-safe-area-context:bundleLibCompileToJarDebug' as it is up-to-date.
work action resolve classes.jar (project :react-native-safe-area-context) (Thread[Execution worker Thread 3,5,main]) started.
Resolve mutations for :react-native-screens:checkKotlinGradlePluginConfigurationErrors (Thread[Execution worker Thread 3,5,main]) started.
:react-native-screens:checkKotlinGradlePluginConfigurationErrors (Thread[Execution worker Thread 8,5,main]) started.

> Task :react-native-screens:checkKotlinGradlePluginConfigurationErrors SKIPPED
Skipping task ':react-native-screens:checkKotlinGradlePluginConfigurationErrors' as task onlyIf 'errorDiagnostics are present' is false.
Resolve mutations for :react-native-screens:generateDebugBuildConfig (Thread[Execution worker Thread 8,5,main]) started.
:react-native-screens:generateDebugBuildConfig (Thread[Execution worker Thread 8,5,main]) started.

> Task :react-native-screens:generateDebugBuildConfig UP-TO-DATE
Caching disabled for task ':react-native-screens:generateDebugBuildConfig' because:
  Build cache is disabled
Skipping task ':react-native-screens:generateDebugBuildConfig' as it is up-to-date.
Resolve mutations for :react-native-screens:compileDebugKotlin (Thread[Execution worker Thread 8,5,main]) started.
:react-native-screens:compileDebugKotlin (Thread[Execution worker Thread 8,5,main]) started.

> Task :react-native-screens:compileDebugKotlin UP-TO-DATE
GradleBuildProject.Builder should not be accessed through AnalyticsConfiguratorService after AnalyticsService is created. Analytics information of this build might be incomplete.
Caching disabled for task ':react-native-screens:compileDebugKotlin' because:
  Build cache is disabled
Skipping task ':react-native-screens:compileDebugKotlin' as it is up-to-date.
Resolve mutations for :react-native-screens:javaPreCompileDebug (Thread[Execution worker Thread 8,5,main]) started.
:react-native-screens:javaPreCompileDebug (Thread[Execution worker Thread 8,5,main]) started.

> Task :react-native-screens:javaPreCompileDebug UP-TO-DATE
Caching disabled for task ':react-native-screens:javaPreCompileDebug' because:
  Build cache is disabled
Skipping task ':react-native-screens:javaPreCompileDebug' as it is up-to-date.
Resolve mutations for :react-native-screens:compileDebugJavaWithJavac (Thread[Execution worker Thread 8,5,main]) started.
:react-native-screens:compileDebugJavaWithJavac (Thread[Execution worker Thread 8,5,main]) started.

> Task :react-native-screens:compileDebugJavaWithJavac UP-TO-DATE
Custom actions are attached to task ':react-native-screens:compileDebugJavaWithJavac'.
Caching disabled for task ':react-native-screens:compileDebugJavaWithJavac' because:
  Build cache is disabled
Skipping task ':react-native-screens:compileDebugJavaWithJavac' as it is up-to-date.
No compile result for :react-native-screens:compileDebugJavaWithJavac
No compile result for :react-native-screens:compileDebugJavaWithJavac
No compile result for :react-native-screens:compileDebugJavaWithJavac
Resolve mutations for :react-native-screens:bundleLibCompileToJarDebug (Thread[Execution worker Thread 8,5,main]) started.
:react-native-screens:bundleLibCompileToJarDebug (Thread[Execution worker Thread 15,5,main]) started.

> Task :react-native-screens:bundleLibCompileToJarDebug UP-TO-DATE
Caching disabled for task ':react-native-screens:bundleLibCompileToJarDebug' because:
  Build cache is disabled
  Simple merging task
Skipping task ':react-native-screens:bundleLibCompileToJarDebug' as it is up-to-date.
work action resolve classes.jar (project :react-native-screens) (Thread[Execution worker Thread 15,5,main]) started.
Resolve mutations for :react-native-view-shot:generateDebugBuildConfig (Thread[Execution worker Thread 15,5,main]) started.
:react-native-view-shot:generateDebugBuildConfig (Thread[Execution worker Thread 11,5,main]) started.

> Task :react-native-view-shot:generateDebugBuildConfig UP-TO-DATE
Caching disabled for task ':react-native-view-shot:generateDebugBuildConfig' because:
  Build cache is disabled
Skipping task ':react-native-view-shot:generateDebugBuildConfig' as it is up-to-date.
Resolve mutations for :react-native-view-shot:javaPreCompileDebug (Thread[Execution worker Thread 11,5,main]) started.
:react-native-view-shot:javaPreCompileDebug (Thread[Execution worker Thread 11,5,main]) started.

> Task :react-native-view-shot:javaPreCompileDebug UP-TO-DATE
Caching disabled for task ':react-native-view-shot:javaPreCompileDebug' because:
  Build cache is disabled
Skipping task ':react-native-view-shot:javaPreCompileDebug' as it is up-to-date.
Resolve mutations for :react-native-view-shot:compileDebugJavaWithJavac (Thread[Execution worker Thread 11,5,main]) started.
:react-native-view-shot:compileDebugJavaWithJavac (Thread[Execution worker Thread 11,5,main]) started.

> Task :react-native-view-shot:compileDebugJavaWithJavac UP-TO-DATE
Custom actions are attached to task ':react-native-view-shot:compileDebugJavaWithJavac'.
Caching disabled for task ':react-native-view-shot:compileDebugJavaWithJavac' because:
  Build cache is disabled
Skipping task ':react-native-view-shot:compileDebugJavaWithJavac' as it is up-to-date.
No compile result for :react-native-view-shot:compileDebugJavaWithJavac
No compile result for :react-native-view-shot:compileDebugJavaWithJavac
No compile result for :react-native-view-shot:compileDebugJavaWithJavac
Resolve mutations for :react-native-view-shot:bundleLibCompileToJarDebug (Thread[Execution worker Thread 11,5,main]) started.
:react-native-view-shot:bundleLibCompileToJarDebug (Thread[Execution worker Thread 4,5,main]) started.

> Task :react-native-view-shot:bundleLibCompileToJarDebug UP-TO-DATE
Caching disabled for task ':react-native-view-shot:bundleLibCompileToJarDebug' because:
  Build cache is disabled
  Simple merging task
Skipping task ':react-native-view-shot:bundleLibCompileToJarDebug' as it is up-to-date.
work action resolve classes.jar (project :react-native-view-shot) (Thread[Execution worker Thread 4,5,main]) started.
Resolve mutations for :sentry_react-native:generateDebugBuildConfig (Thread[Execution worker Thread 15,5,main]) started.
:sentry_react-native:generateDebugBuildConfig (Thread[Execution worker Thread 15,5,main]) started.

> Task :sentry_react-native:generateDebugBuildConfig UP-TO-DATE
Caching disabled for task ':sentry_react-native:generateDebugBuildConfig' because:
  Build cache is disabled
Skipping task ':sentry_react-native:generateDebugBuildConfig' as it is up-to-date.
Resolve mutations for :sentry_react-native:javaPreCompileDebug (Thread[Execution worker Thread 15,5,main]) started.
:sentry_react-native:javaPreCompileDebug (Thread[Execution worker,5,main]) started.

> Task :sentry_react-native:javaPreCompileDebug UP-TO-DATE
Caching disabled for task ':sentry_react-native:javaPreCompileDebug' because:
  Build cache is disabled
Skipping task ':sentry_react-native:javaPreCompileDebug' as it is up-to-date.
Resolve mutations for :sentry_react-native:compileDebugJavaWithJavac (Thread[Execution worker,5,main]) started.
:sentry_react-native:compileDebugJavaWithJavac (Thread[Execution worker,5,main]) started.

> Task :sentry_react-native:compileDebugJavaWithJavac UP-TO-DATE
Custom actions are attached to task ':sentry_react-native:compileDebugJavaWithJavac'.
Caching disabled for task ':sentry_react-native:compileDebugJavaWithJavac' because:
  Build cache is disabled
Skipping task ':sentry_react-native:compileDebugJavaWithJavac' as it is up-to-date.
No compile result for :sentry_react-native:compileDebugJavaWithJavac
No compile result for :sentry_react-native:compileDebugJavaWithJavac
No compile result for :sentry_react-native:compileDebugJavaWithJavac
Resolve mutations for :sentry_react-native:bundleLibCompileToJarDebug (Thread[Execution worker,5,main]) started.
:sentry_react-native:bundleLibCompileToJarDebug (Thread[Execution worker Thread 8,5,main]) started.

> Task :sentry_react-native:bundleLibCompileToJarDebug UP-TO-DATE
Caching disabled for task ':sentry_react-native:bundleLibCompileToJarDebug' because:
  Build cache is disabled
  Simple merging task
Skipping task ':sentry_react-native:bundleLibCompileToJarDebug' as it is up-to-date.
work action resolve classes.jar (project :sentry_react-native) (Thread[Execution worker Thread 8,5,main]) started.
Resolve mutations for :app:compileStagingDebugKotlin (Thread[Execution worker Thread 6,5,main]) started.
:app:compileStagingDebugKotlin (Thread[Execution worker Thread 6,5,main]) started.

> Task :app:compileStagingDebugKotlin UP-TO-DATE
Caching disabled for task ':app:compileStagingDebugKotlin' because:
  Build cache is disabled
Skipping task ':app:compileStagingDebugKotlin' as it is up-to-date.
Resolve mutations for :app:javaPreCompileStagingDebug (Thread[Execution worker Thread 6,5,main]) started.
:app:javaPreCompileStagingDebug (Thread[Execution worker Thread 9,5,main]) started.

> Task :app:javaPreCompileStagingDebug UP-TO-DATE
Caching disabled for task ':app:javaPreCompileStagingDebug' because:
  Build cache is disabled
Skipping task ':app:javaPreCompileStagingDebug' as it is up-to-date.
Resolve mutations for :app:compileStagingDebugJavaWithJavac (Thread[Execution worker Thread 9,5,main]) started.
:app:compileStagingDebugJavaWithJavac (Thread[Execution worker Thread 9,5,main]) started.

> Task :app:compileStagingDebugJavaWithJavac UP-TO-DATE
Custom actions are attached to task ':app:compileStagingDebugJavaWithJavac'.
Caching disabled for task ':app:compileStagingDebugJavaWithJavac' because:
  Build cache is disabled
Skipping task ':app:compileStagingDebugJavaWithJavac' as it is up-to-date.
No compile result for :app:compileStagingDebugJavaWithJavac
No compile result for :app:compileStagingDebugJavaWithJavac
No compile result for :app:compileStagingDebugJavaWithJavac
Resolve mutations for :app:mergeStagingDebugShaders (Thread[Execution worker Thread 9,5,main]) started.
:app:mergeStagingDebugShaders (Thread[Execution worker Thread 7,5,main]) started.

> Task :app:mergeStagingDebugShaders UP-TO-DATE
Caching disabled for task ':app:mergeStagingDebugShaders' because:
  Build cache is disabled
  Simple merging task
Skipping task ':app:mergeStagingDebugShaders' as it is up-to-date.
Resolve mutations for :app:compileStagingDebugShaders (Thread[Execution worker Thread 7,5,main]) started.
:app:compileStagingDebugShaders (Thread[Execution worker Thread 8,5,main]) started.

> Task :app:compileStagingDebugShaders NO-SOURCE
Skipping task ':app:compileStagingDebugShaders' as it has no source files and no previous output files.
Resolve mutations for :app:generateStagingDebugAssets (Thread[Execution worker Thread 8,5,main]) started.
:app:generateStagingDebugAssets (Thread[Execution worker Thread 11,5,main]) started.

> Task :app:generateStagingDebugAssets UP-TO-DATE
Skipping task ':app:generateStagingDebugAssets' as it has no actions.
Resolve mutations for :notifee_react-native:mergeDebugShaders (Thread[Execution worker Thread 9,5,main]) started.
:notifee_react-native:mergeDebugShaders (Thread[Execution worker Thread 9,5,main]) started.

> Task :notifee_react-native:mergeDebugShaders UP-TO-DATE
Caching disabled for task ':notifee_react-native:mergeDebugShaders' because:
  Build cache is disabled
  Simple merging task
Skipping task ':notifee_react-native:mergeDebugShaders' as it is up-to-date.
Resolve mutations for :notifee_react-native:compileDebugShaders (Thread[Execution worker Thread 9,5,main]) started.
:notifee_react-native:compileDebugShaders (Thread[Execution worker Thread 2,5,main]) started.

> Task :notifee_react-native:compileDebugShaders NO-SOURCE
Skipping task ':notifee_react-native:compileDebugShaders' as it has no source files and no previous output files.
Resolve mutations for :notifee_react-native:generateDebugAssets (Thread[Execution worker Thread 2,5,main]) started.
:notifee_react-native:generateDebugAssets (Thread[included builds,5,main]) started.

> Task :notifee_react-native:generateDebugAssets UP-TO-DATE
Skipping task ':notifee_react-native:generateDebugAssets' as it has no actions.
Resolve mutations for :notifee_react-native:packageDebugAssets (Thread[Execution worker Thread 11,5,main]) started.
:notifee_react-native:packageDebugAssets (Thread[Execution worker Thread 2,5,main]) started.

> Task :notifee_react-native:packageDebugAssets UP-TO-DATE
Caching disabled for task ':notifee_react-native:packageDebugAssets' because:
  Build cache is disabled
  Simple merging task
Skipping task ':notifee_react-native:packageDebugAssets' as it is up-to-date.
work action resolve out (project :notifee_react-native) (Thread[Execution worker Thread 2,5,main]) started.
Resolve mutations for :react-native-async-storage_async-storage:mergeDebugShaders (Thread[Execution worker Thread 2,5,main]) started.
:react-native-async-storage_async-storage:mergeDebugShaders (Thread[Execution worker Thread 14,5,main]) started.

> Task :react-native-async-storage_async-storage:mergeDebugShaders UP-TO-DATE
Caching disabled for task ':react-native-async-storage_async-storage:mergeDebugShaders' because:
  Build cache is disabled
  Simple merging task
Skipping task ':react-native-async-storage_async-storage:mergeDebugShaders' as it is up-to-date.
Resolve mutations for :react-native-async-storage_async-storage:compileDebugShaders (Thread[Execution worker Thread 14,5,main]) started.
:react-native-async-storage_async-storage:compileDebugShaders (Thread[Execution worker Thread 5,5,main]) started.

> Task :react-native-async-storage_async-storage:compileDebugShaders NO-SOURCE
Skipping task ':react-native-async-storage_async-storage:compileDebugShaders' as it has no source files and no previous output files.
Resolve mutations for :react-native-async-storage_async-storage:generateDebugAssets (Thread[Execution worker Thread 5,5,main]) started.
:react-native-async-storage_async-storage:generateDebugAssets (Thread[included builds,5,main]) started.

> Task :react-native-async-storage_async-storage:generateDebugAssets UP-TO-DATE
Skipping task ':react-native-async-storage_async-storage:generateDebugAssets' as it has no actions.
Resolve mutations for :react-native-async-storage_async-storage:packageDebugAssets (Thread[included builds,5,main]) started.
:react-native-async-storage_async-storage:packageDebugAssets (Thread[included builds,5,main]) started.

> Task :react-native-async-storage_async-storage:packageDebugAssets UP-TO-DATE
Caching disabled for task ':react-native-async-storage_async-storage:packageDebugAssets' because:
  Build cache is disabled
  Simple merging task
Skipping task ':react-native-async-storage_async-storage:packageDebugAssets' as it is up-to-date.
work action resolve out (project :react-native-async-storage_async-storage) (Thread[included builds,5,main]) started.
Resolve mutations for :react-native-blob-util:mergeDebugShaders (Thread[Execution worker Thread 2,5,main]) started.
:react-native-blob-util:mergeDebugShaders (Thread[Execution worker Thread 2,5,main]) started.

> Task :react-native-blob-util:mergeDebugShaders UP-TO-DATE
Caching disabled for task ':react-native-blob-util:mergeDebugShaders' because:
  Build cache is disabled
  Simple merging task
Skipping task ':react-native-blob-util:mergeDebugShaders' as it is up-to-date.
Resolve mutations for :react-native-blob-util:compileDebugShaders (Thread[Execution worker Thread 2,5,main]) started.
:react-native-blob-util:compileDebugShaders (Thread[Execution worker Thread 12,5,main]) started.

> Task :react-native-blob-util:compileDebugShaders NO-SOURCE
Skipping task ':react-native-blob-util:compileDebugShaders' as it has no source files and no previous output files.
Resolve mutations for :react-native-blob-util:generateDebugAssets (Thread[Execution worker Thread 12,5,main]) started.
:react-native-blob-util:generateDebugAssets (Thread[Execution worker Thread 12,5,main]) started.

> Task :react-native-blob-util:generateDebugAssets UP-TO-DATE
Skipping task ':react-native-blob-util:generateDebugAssets' as it has no actions.
Resolve mutations for :react-native-blob-util:packageDebugAssets (Thread[Execution worker Thread 2,5,main]) started.
:react-native-blob-util:packageDebugAssets (Thread[Execution worker Thread 14,5,main]) started.

> Task :react-native-blob-util:packageDebugAssets UP-TO-DATE
Caching disabled for task ':react-native-blob-util:packageDebugAssets' because:
  Build cache is disabled
  Simple merging task
Skipping task ':react-native-blob-util:packageDebugAssets' as it is up-to-date.
work action resolve out (project :react-native-blob-util) (Thread[Execution worker Thread 14,5,main]) started.
Resolve mutations for :react-native-community_blur:mergeDebugShaders (Thread[Execution worker Thread 14,5,main]) started.
:react-native-community_blur:mergeDebugShaders (Thread[Execution worker Thread 14,5,main]) started.

> Task :react-native-community_blur:mergeDebugShaders UP-TO-DATE
Caching disabled for task ':react-native-community_blur:mergeDebugShaders' because:
  Build cache is disabled
  Simple merging task
Skipping task ':react-native-community_blur:mergeDebugShaders' as it is up-to-date.
Resolve mutations for :react-native-community_blur:compileDebugShaders (Thread[Execution worker Thread 14,5,main]) started.
:react-native-community_blur:compileDebugShaders (Thread[Execution worker Thread 14,5,main]) started.

> Task :react-native-community_blur:compileDebugShaders NO-SOURCE
Skipping task ':react-native-community_blur:compileDebugShaders' as it has no source files and no previous output files.
Resolve mutations for :react-native-community_blur:generateDebugAssets (Thread[Execution worker Thread 14,5,main]) started.
:react-native-community_blur:generateDebugAssets (Thread[Execution worker Thread 3,5,main]) started.

> Task :react-native-community_blur:generateDebugAssets UP-TO-DATE
Skipping task ':react-native-community_blur:generateDebugAssets' as it has no actions.
Resolve mutations for :react-native-community_blur:packageDebugAssets (Thread[Execution worker Thread 6,5,main]) started.
:react-native-community_blur:packageDebugAssets (Thread[Execution worker Thread 8,5,main]) started.

> Task :react-native-community_blur:packageDebugAssets UP-TO-DATE
Caching disabled for task ':react-native-community_blur:packageDebugAssets' because:
  Build cache is disabled
  Simple merging task
Skipping task ':react-native-community_blur:packageDebugAssets' as it is up-to-date.
work action resolve out (project :react-native-community_blur) (Thread[Execution worker Thread 8,5,main]) started.
Resolve mutations for :react-native-community_slider:mergeDebugShaders (Thread[Execution worker Thread 2,5,main]) started.
:react-native-community_slider:mergeDebugShaders (Thread[Execution worker Thread 2,5,main]) started.

> Task :react-native-community_slider:mergeDebugShaders UP-TO-DATE
Caching disabled for task ':react-native-community_slider:mergeDebugShaders' because:
  Build cache is disabled
  Simple merging task
Skipping task ':react-native-community_slider:mergeDebugShaders' as it is up-to-date.
Resolve mutations for :react-native-community_slider:compileDebugShaders (Thread[Execution worker Thread 2,5,main]) started.
:react-native-community_slider:compileDebugShaders (Thread[Execution worker Thread 10,5,main]) started.

> Task :react-native-community_slider:compileDebugShaders NO-SOURCE
Skipping task ':react-native-community_slider:compileDebugShaders' as it has no source files and no previous output files.
Resolve mutations for :react-native-community_slider:generateDebugAssets (Thread[Execution worker Thread 10,5,main]) started.
:react-native-community_slider:generateDebugAssets (Thread[Execution worker,5,main]) started.

> Task :react-native-community_slider:generateDebugAssets UP-TO-DATE
Skipping task ':react-native-community_slider:generateDebugAssets' as it has no actions.
Resolve mutations for :react-native-community_slider:packageDebugAssets (Thread[Execution worker,5,main]) started.
:react-native-community_slider:packageDebugAssets (Thread[Execution worker Thread 3,5,main]) started.

> Task :react-native-community_slider:packageDebugAssets UP-TO-DATE
Caching disabled for task ':react-native-community_slider:packageDebugAssets' because:
  Build cache is disabled
  Simple merging task
Skipping task ':react-native-community_slider:packageDebugAssets' as it is up-to-date.
work action resolve out (project :react-native-community_slider) (Thread[Execution worker Thread 3,5,main]) started.
Resolve mutations for :react-native-device-info:mergeDebugShaders (Thread[Execution worker Thread 3,5,main]) started.
:react-native-device-info:mergeDebugShaders (Thread[Execution worker Thread 6,5,main]) started.

> Task :react-native-device-info:mergeDebugShaders UP-TO-DATE
Caching disabled for task ':react-native-device-info:mergeDebugShaders' because:
  Build cache is disabled
  Simple merging task
Skipping task ':react-native-device-info:mergeDebugShaders' as it is up-to-date.
Resolve mutations for :react-native-device-info:compileDebugShaders (Thread[Execution worker Thread 6,5,main]) started.
:react-native-device-info:compileDebugShaders (Thread[Execution worker Thread 14,5,main]) started.

> Task :react-native-device-info:compileDebugShaders NO-SOURCE
Skipping task ':react-native-device-info:compileDebugShaders' as it has no source files and no previous output files.
Resolve mutations for :react-native-device-info:generateDebugAssets (Thread[Execution worker Thread 14,5,main]) started.
:react-native-device-info:generateDebugAssets (Thread[Execution worker Thread 5,5,main]) started.

> Task :react-native-device-info:generateDebugAssets UP-TO-DATE
Skipping task ':react-native-device-info:generateDebugAssets' as it has no actions.
Resolve mutations for :react-native-device-info:packageDebugAssets (Thread[Execution worker Thread 5,5,main]) started.
:react-native-device-info:packageDebugAssets (Thread[Execution worker Thread 5,5,main]) started.

> Task :react-native-device-info:packageDebugAssets UP-TO-DATE
Caching disabled for task ':react-native-device-info:packageDebugAssets' because:
  Build cache is disabled
  Simple merging task
Skipping task ':react-native-device-info:packageDebugAssets' as it is up-to-date.
work action resolve out (project :react-native-device-info) (Thread[Execution worker Thread 5,5,main]) started.
Resolve mutations for :react-native-firebase_app:mergeDebugShaders (Thread[Execution worker Thread 3,5,main]) started.
:react-native-firebase_app:mergeDebugShaders (Thread[Execution worker Thread 3,5,main]) started.

> Task :react-native-firebase_app:mergeDebugShaders UP-TO-DATE
Caching disabled for task ':react-native-firebase_app:mergeDebugShaders' because:
  Build cache is disabled
  Simple merging task
Skipping task ':react-native-firebase_app:mergeDebugShaders' as it is up-to-date.
Resolve mutations for :react-native-firebase_app:compileDebugShaders (Thread[Execution worker Thread 5,5,main]) started.
:react-native-firebase_app:compileDebugShaders (Thread[Execution worker Thread 5,5,main]) started.

> Task :react-native-firebase_app:compileDebugShaders NO-SOURCE
Skipping task ':react-native-firebase_app:compileDebugShaders' as it has no source files and no previous output files.
Resolve mutations for :react-native-firebase_app:generateDebugAssets (Thread[Execution worker Thread 5,5,main]) started.
:react-native-firebase_app:generateDebugAssets (Thread[Execution worker Thread 5,5,main]) started.

> Task :react-native-firebase_app:generateDebugAssets UP-TO-DATE
Skipping task ':react-native-firebase_app:generateDebugAssets' as it has no actions.
Resolve mutations for :react-native-firebase_app:packageDebugAssets (Thread[Execution worker Thread 3,5,main]) started.
:react-native-firebase_app:packageDebugAssets (Thread[Execution worker Thread 3,5,main]) started.

> Task :react-native-firebase_app:packageDebugAssets UP-TO-DATE
Caching disabled for task ':react-native-firebase_app:packageDebugAssets' because:
  Build cache is disabled
  Simple merging task
Skipping task ':react-native-firebase_app:packageDebugAssets' as it is up-to-date.
work action resolve out (project :react-native-firebase_app) (Thread[Execution worker Thread 3,5,main]) started.
Resolve mutations for :react-native-firebase_auth:mergeDebugShaders (Thread[Execution worker Thread 3,5,main]) started.
:react-native-firebase_auth:mergeDebugShaders (Thread[Execution worker Thread 9,5,main]) started.

> Task :react-native-firebase_auth:mergeDebugShaders UP-TO-DATE
Caching disabled for task ':react-native-firebase_auth:mergeDebugShaders' because:
  Build cache is disabled
  Simple merging task
Skipping task ':react-native-firebase_auth:mergeDebugShaders' as it is up-to-date.
Resolve mutations for :react-native-firebase_auth:compileDebugShaders (Thread[Execution worker Thread 9,5,main]) started.
:react-native-firebase_auth:compileDebugShaders (Thread[Execution worker Thread 9,5,main]) started.

> Task :react-native-firebase_auth:compileDebugShaders NO-SOURCE
Skipping task ':react-native-firebase_auth:compileDebugShaders' as it has no source files and no previous output files.
Resolve mutations for :react-native-firebase_auth:generateDebugAssets (Thread[Execution worker Thread 9,5,main]) started.
:react-native-firebase_auth:generateDebugAssets (Thread[Execution worker Thread 8,5,main]) started.

> Task :react-native-firebase_auth:generateDebugAssets UP-TO-DATE
Skipping task ':react-native-firebase_auth:generateDebugAssets' as it has no actions.
Resolve mutations for :react-native-firebase_auth:packageDebugAssets (Thread[Execution worker Thread 8,5,main]) started.
:react-native-firebase_auth:packageDebugAssets (Thread[Execution worker Thread 2,5,main]) started.

> Task :react-native-firebase_auth:packageDebugAssets UP-TO-DATE
Caching disabled for task ':react-native-firebase_auth:packageDebugAssets' because:
  Build cache is disabled
  Simple merging task
Skipping task ':react-native-firebase_auth:packageDebugAssets' as it is up-to-date.
work action resolve out (project :react-native-firebase_auth) (Thread[Execution worker Thread 2,5,main]) started.
Resolve mutations for :react-native-firebase_messaging:mergeDebugShaders (Thread[Execution worker Thread 5,5,main]) started.
:react-native-firebase_messaging:mergeDebugShaders (Thread[Execution worker Thread 5,5,main]) started.

> Task :react-native-firebase_messaging:mergeDebugShaders UP-TO-DATE
Caching disabled for task ':react-native-firebase_messaging:mergeDebugShaders' because:
  Build cache is disabled
  Simple merging task
Skipping task ':react-native-firebase_messaging:mergeDebugShaders' as it is up-to-date.
Resolve mutations for :react-native-firebase_messaging:compileDebugShaders (Thread[Execution worker Thread 5,5,main]) started.
:react-native-firebase_messaging:compileDebugShaders (Thread[Execution worker Thread 5,5,main]) started.

> Task :react-native-firebase_messaging:compileDebugShaders NO-SOURCE
Skipping task ':react-native-firebase_messaging:compileDebugShaders' as it has no source files and no previous output files.
Resolve mutations for :react-native-firebase_messaging:generateDebugAssets (Thread[Execution worker Thread 5,5,main]) started.
:react-native-firebase_messaging:generateDebugAssets (Thread[Execution worker Thread 15,5,main]) started.

> Task :react-native-firebase_messaging:generateDebugAssets UP-TO-DATE
Skipping task ':react-native-firebase_messaging:generateDebugAssets' as it has no actions.
Resolve mutations for :react-native-firebase_messaging:packageDebugAssets (Thread[Execution worker Thread 15,5,main]) started.
:react-native-firebase_messaging:packageDebugAssets (Thread[Execution worker Thread 15,5,main]) started.

> Task :react-native-firebase_messaging:packageDebugAssets UP-TO-DATE
Caching disabled for task ':react-native-firebase_messaging:packageDebugAssets' because:
  Build cache is disabled
  Simple merging task
Skipping task ':react-native-firebase_messaging:packageDebugAssets' as it is up-to-date.
work action resolve out (project :react-native-firebase_messaging) (Thread[Execution worker Thread 15,5,main]) started.
Resolve mutations for :react-native-gesture-handler:mergeDebugShaders (Thread[Execution worker Thread 13,5,main]) started.
:react-native-gesture-handler:mergeDebugShaders (Thread[Execution worker Thread 13,5,main]) started.

> Task :react-native-gesture-handler:mergeDebugShaders UP-TO-DATE
Caching disabled for task ':react-native-gesture-handler:mergeDebugShaders' because:
  Build cache is disabled
  Simple merging task
Skipping task ':react-native-gesture-handler:mergeDebugShaders' as it is up-to-date.
Resolve mutations for :react-native-gesture-handler:compileDebugShaders (Thread[Execution worker Thread 13,5,main]) started.
:react-native-gesture-handler:compileDebugShaders (Thread[Execution worker Thread 14,5,main]) started.

> Task :react-native-gesture-handler:compileDebugShaders NO-SOURCE
Skipping task ':react-native-gesture-handler:compileDebugShaders' as it has no source files and no previous output files.
Resolve mutations for :react-native-gesture-handler:generateDebugAssets (Thread[Execution worker Thread 14,5,main]) started.
:react-native-gesture-handler:generateDebugAssets (Thread[Execution worker Thread 14,5,main]) started.

> Task :react-native-gesture-handler:generateDebugAssets UP-TO-DATE
Skipping task ':react-native-gesture-handler:generateDebugAssets' as it has no actions.
Resolve mutations for :react-native-gesture-handler:packageDebugAssets (Thread[Execution worker Thread 9,5,main]) started.
:react-native-gesture-handler:packageDebugAssets (Thread[Execution worker Thread 15,5,main]) started.

> Task :react-native-gesture-handler:packageDebugAssets UP-TO-DATE
Caching disabled for task ':react-native-gesture-handler:packageDebugAssets' because:
  Build cache is disabled
  Simple merging task
Skipping task ':react-native-gesture-handler:packageDebugAssets' as it is up-to-date.
work action resolve out (project :react-native-gesture-handler) (Thread[Execution worker Thread 15,5,main]) started.
Resolve mutations for :react-native-image-crop-picker:mergeDebugShaders (Thread[Execution worker Thread 15,5,main]) started.
:react-native-image-crop-picker:mergeDebugShaders (Thread[Execution worker Thread 15,5,main]) started.

> Task :react-native-image-crop-picker:mergeDebugShaders UP-TO-DATE
Caching disabled for task ':react-native-image-crop-picker:mergeDebugShaders' because:
  Build cache is disabled
  Simple merging task
Skipping task ':react-native-image-crop-picker:mergeDebugShaders' as it is up-to-date.
Resolve mutations for :react-native-image-crop-picker:compileDebugShaders (Thread[Execution worker Thread 15,5,main]) started.
:react-native-image-crop-picker:compileDebugShaders (Thread[Execution worker Thread 15,5,main]) started.

> Task :react-native-image-crop-picker:compileDebugShaders NO-SOURCE
Skipping task ':react-native-image-crop-picker:compileDebugShaders' as it has no source files and no previous output files.
Resolve mutations for :react-native-image-crop-picker:generateDebugAssets (Thread[Execution worker Thread 15,5,main]) started.
:react-native-image-crop-picker:generateDebugAssets (Thread[Execution worker Thread 6,5,main]) started.

> Task :react-native-image-crop-picker:generateDebugAssets UP-TO-DATE
Skipping task ':react-native-image-crop-picker:generateDebugAssets' as it has no actions.
Resolve mutations for :react-native-image-crop-picker:packageDebugAssets (Thread[Execution worker Thread 6,5,main]) started.
:react-native-image-crop-picker:packageDebugAssets (Thread[Execution worker Thread 5,5,main]) started.

> Task :react-native-image-crop-picker:packageDebugAssets UP-TO-DATE
Caching disabled for task ':react-native-image-crop-picker:packageDebugAssets' because:
  Build cache is disabled
  Simple merging task
Skipping task ':react-native-image-crop-picker:packageDebugAssets' as it is up-to-date.
work action resolve out (project :react-native-image-crop-picker) (Thread[Execution worker Thread 5,5,main]) started.
Resolve mutations for :react-native-keyboard-controller:mergeDebugShaders (Thread[Execution worker Thread 11,5,main]) started.
:react-native-keyboard-controller:mergeDebugShaders (Thread[Execution worker Thread 11,5,main]) started.

> Task :react-native-keyboard-controller:mergeDebugShaders UP-TO-DATE
Caching disabled for task ':react-native-keyboard-controller:mergeDebugShaders' because:
  Build cache is disabled
  Simple merging task
Skipping task ':react-native-keyboard-controller:mergeDebugShaders' as it is up-to-date.
Resolve mutations for :react-native-keyboard-controller:compileDebugShaders (Thread[Execution worker Thread 11,5,main]) started.
:react-native-keyboard-controller:compileDebugShaders (Thread[Execution worker Thread 11,5,main]) started.

> Task :react-native-keyboard-controller:compileDebugShaders NO-SOURCE
Skipping task ':react-native-keyboard-controller:compileDebugShaders' as it has no source files and no previous output files.
Resolve mutations for :react-native-keyboard-controller:generateDebugAssets (Thread[Execution worker Thread 11,5,main]) started.
:react-native-keyboard-controller:generateDebugAssets (Thread[Execution worker Thread 12,5,main]) started.

> Task :react-native-keyboard-controller:generateDebugAssets UP-TO-DATE
Skipping task ':react-native-keyboard-controller:generateDebugAssets' as it has no actions.
Resolve mutations for :react-native-keyboard-controller:packageDebugAssets (Thread[Execution worker Thread 12,5,main]) started.
:react-native-keyboard-controller:packageDebugAssets (Thread[Execution worker Thread 12,5,main]) started.

> Task :react-native-keyboard-controller:packageDebugAssets UP-TO-DATE
Caching disabled for task ':react-native-keyboard-controller:packageDebugAssets' because:
  Build cache is disabled
  Simple merging task
Skipping task ':react-native-keyboard-controller:packageDebugAssets' as it is up-to-date.
work action resolve out (project :react-native-keyboard-controller) (Thread[Execution worker Thread 12,5,main]) started.
Resolve mutations for :react-native-linear-gradient:mergeDebugShaders (Thread[Execution worker Thread 8,5,main]) started.
:react-native-linear-gradient:mergeDebugShaders (Thread[Execution worker Thread 8,5,main]) started.

> Task :react-native-linear-gradient:mergeDebugShaders UP-TO-DATE
Caching disabled for task ':react-native-linear-gradient:mergeDebugShaders' because:
  Build cache is disabled
  Simple merging task
Skipping task ':react-native-linear-gradient:mergeDebugShaders' as it is up-to-date.
Resolve mutations for :react-native-linear-gradient:compileDebugShaders (Thread[Execution worker Thread 8,5,main]) started.
:react-native-linear-gradient:compileDebugShaders (Thread[Execution worker Thread 9,5,main]) started.

> Task :react-native-linear-gradient:compileDebugShaders NO-SOURCE
Skipping task ':react-native-linear-gradient:compileDebugShaders' as it has no source files and no previous output files.
Resolve mutations for :react-native-linear-gradient:generateDebugAssets (Thread[Execution worker Thread 9,5,main]) started.
:react-native-linear-gradient:generateDebugAssets (Thread[Execution worker Thread 3,5,main]) started.

> Task :react-native-linear-gradient:generateDebugAssets UP-TO-DATE
Skipping task ':react-native-linear-gradient:generateDebugAssets' as it has no actions.
Resolve mutations for :react-native-linear-gradient:packageDebugAssets (Thread[Execution worker Thread 3,5,main]) started.
:react-native-linear-gradient:packageDebugAssets (Thread[Execution worker Thread 3,5,main]) started.

> Task :react-native-linear-gradient:packageDebugAssets UP-TO-DATE
Caching disabled for task ':react-native-linear-gradient:packageDebugAssets' because:
  Build cache is disabled
  Simple merging task
Skipping task ':react-native-linear-gradient:packageDebugAssets' as it is up-to-date.
work action resolve out (project :react-native-linear-gradient) (Thread[Execution worker Thread 3,5,main]) started.
Resolve mutations for :react-native-maps:mergeDebugShaders (Thread[included builds,5,main]) started.
:react-native-maps:mergeDebugShaders (Thread[Execution worker Thread 10,5,main]) started.

> Task :react-native-maps:mergeDebugShaders UP-TO-DATE
Caching disabled for task ':react-native-maps:mergeDebugShaders' because:
  Build cache is disabled
  Simple merging task
Skipping task ':react-native-maps:mergeDebugShaders' as it is up-to-date.
Resolve mutations for :react-native-maps:compileDebugShaders (Thread[Execution worker Thread 10,5,main]) started.
:react-native-maps:compileDebugShaders (Thread[Execution worker Thread 10,5,main]) started.

> Task :react-native-maps:compileDebugShaders NO-SOURCE
Skipping task ':react-native-maps:compileDebugShaders' as it has no source files and no previous output files.
Resolve mutations for :react-native-maps:generateDebugAssets (Thread[Execution worker Thread 10,5,main]) started.
:react-native-maps:generateDebugAssets (Thread[Execution worker Thread 8,5,main]) started.

> Task :react-native-maps:generateDebugAssets UP-TO-DATE
Skipping task ':react-native-maps:generateDebugAssets' as it has no actions.
Resolve mutations for :react-native-maps:packageDebugAssets (Thread[Execution worker Thread 13,5,main]) started.
:react-native-maps:packageDebugAssets (Thread[Execution worker Thread 4,5,main]) started.

> Task :react-native-maps:packageDebugAssets UP-TO-DATE
Caching disabled for task ':react-native-maps:packageDebugAssets' because:
  Build cache is disabled
  Simple merging task
Skipping task ':react-native-maps:packageDebugAssets' as it is up-to-date.
work action resolve out (project :react-native-maps) (Thread[Execution worker Thread 4,5,main]) started.
Resolve mutations for :react-native-masked-view_masked-view:mergeDebugShaders (Thread[Execution worker Thread 8,5,main]) started.
:react-native-masked-view_masked-view:mergeDebugShaders (Thread[Execution worker Thread 8,5,main]) started.

> Task :react-native-masked-view_masked-view:mergeDebugShaders UP-TO-DATE
Caching disabled for task ':react-native-masked-view_masked-view:mergeDebugShaders' because:
  Build cache is disabled
  Simple merging task
Skipping task ':react-native-masked-view_masked-view:mergeDebugShaders' as it is up-to-date.
Resolve mutations for :react-native-masked-view_masked-view:compileDebugShaders (Thread[Execution worker Thread 8,5,main]) started.
:react-native-masked-view_masked-view:compileDebugShaders (Thread[Execution worker Thread 12,5,main]) started.

> Task :react-native-masked-view_masked-view:compileDebugShaders NO-SOURCE
Skipping task ':react-native-masked-view_masked-view:compileDebugShaders' as it has no source files and no previous output files.
Resolve mutations for :react-native-masked-view_masked-view:generateDebugAssets (Thread[Execution worker Thread 12,5,main]) started.
:react-native-masked-view_masked-view:generateDebugAssets (Thread[Execution worker Thread 3,5,main]) started.

> Task :react-native-masked-view_masked-view:generateDebugAssets UP-TO-DATE
Skipping task ':react-native-masked-view_masked-view:generateDebugAssets' as it has no actions.
Resolve mutations for :react-native-masked-view_masked-view:packageDebugAssets (Thread[Execution worker Thread 3,5,main]) started.
:react-native-masked-view_masked-view:packageDebugAssets (Thread[Execution worker Thread 3,5,main]) started.

> Task :react-native-masked-view_masked-view:packageDebugAssets UP-TO-DATE
Caching disabled for task ':react-native-masked-view_masked-view:packageDebugAssets' because:
  Build cache is disabled
  Simple merging task
Skipping task ':react-native-masked-view_masked-view:packageDebugAssets' as it is up-to-date.
work action resolve out (project :react-native-masked-view_masked-view) (Thread[Execution worker Thread 3,5,main]) started.
Resolve mutations for :react-native-mmkv:mergeDebugShaders (Thread[Execution worker Thread 3,5,main]) started.
:react-native-mmkv:mergeDebugShaders (Thread[Execution worker Thread 3,5,main]) started.

> Task :react-native-mmkv:mergeDebugShaders UP-TO-DATE
Caching disabled for task ':react-native-mmkv:mergeDebugShaders' because:
  Build cache is disabled
  Simple merging task
Skipping task ':react-native-mmkv:mergeDebugShaders' as it is up-to-date.
Resolve mutations for :react-native-mmkv:compileDebugShaders (Thread[Execution worker Thread 3,5,main]) started.
:react-native-mmkv:compileDebugShaders (Thread[Execution worker Thread 3,5,main]) started.

> Task :react-native-mmkv:compileDebugShaders NO-SOURCE
Skipping task ':react-native-mmkv:compileDebugShaders' as it has no source files and no previous output files.
Resolve mutations for :react-native-mmkv:generateDebugAssets (Thread[Execution worker Thread 3,5,main]) started.
:react-native-mmkv:generateDebugAssets (Thread[Execution worker Thread 13,5,main]) started.

> Task :react-native-mmkv:generateDebugAssets UP-TO-DATE
Skipping task ':react-native-mmkv:generateDebugAssets' as it has no actions.
Resolve mutations for :react-native-mmkv:packageDebugAssets (Thread[Execution worker Thread 13,5,main]) started.
:react-native-mmkv:packageDebugAssets (Thread[Execution worker Thread 10,5,main]) started.

> Task :react-native-mmkv:packageDebugAssets UP-TO-DATE
Caching disabled for task ':react-native-mmkv:packageDebugAssets' because:
  Build cache is disabled
  Simple merging task
Skipping task ':react-native-mmkv:packageDebugAssets' as it is up-to-date.
work action resolve out (project :react-native-mmkv) (Thread[Execution worker Thread 10,5,main]) started.
Resolve mutations for :react-native-reanimated:mergeDebugShaders (Thread[Execution worker Thread 14,5,main]) started.
:react-native-reanimated:mergeDebugShaders (Thread[Execution worker Thread 14,5,main]) started.

> Task :react-native-reanimated:mergeDebugShaders UP-TO-DATE
Caching disabled for task ':react-native-reanimated:mergeDebugShaders' because:
  Build cache is disabled
  Simple merging task
Skipping task ':react-native-reanimated:mergeDebugShaders' as it is up-to-date.
Resolve mutations for :react-native-reanimated:compileDebugShaders (Thread[Execution worker Thread 14,5,main]) started.
:react-native-reanimated:compileDebugShaders (Thread[Execution worker Thread 14,5,main]) started.

> Task :react-native-reanimated:compileDebugShaders NO-SOURCE
Skipping task ':react-native-reanimated:compileDebugShaders' as it has no source files and no previous output files.
Resolve mutations for :react-native-reanimated:generateDebugAssets (Thread[Execution worker Thread 14,5,main]) started.
:react-native-reanimated:generateDebugAssets (Thread[Execution worker Thread 14,5,main]) started.

> Task :react-native-reanimated:generateDebugAssets UP-TO-DATE
Skipping task ':react-native-reanimated:generateDebugAssets' as it has no actions.
Resolve mutations for :react-native-reanimated:packageDebugAssets (Thread[Execution worker Thread 14,5,main]) started.
:react-native-reanimated:packageDebugAssets (Thread[Execution worker Thread 3,5,main]) started.

> Task :react-native-reanimated:packageDebugAssets UP-TO-DATE
Caching disabled for task ':react-native-reanimated:packageDebugAssets' because:
  Build cache is disabled
  Simple merging task
Skipping task ':react-native-reanimated:packageDebugAssets' as it is up-to-date.
work action resolve out (project :react-native-reanimated) (Thread[Execution worker Thread 3,5,main]) started.
Resolve mutations for :react-native-safe-area-context:mergeDebugShaders (Thread[Execution worker Thread 2,5,main]) started.
:react-native-safe-area-context:mergeDebugShaders (Thread[Execution worker Thread 2,5,main]) started.

> Task :react-native-safe-area-context:mergeDebugShaders UP-TO-DATE
Caching disabled for task ':react-native-safe-area-context:mergeDebugShaders' because:
  Build cache is disabled
  Simple merging task
Skipping task ':react-native-safe-area-context:mergeDebugShaders' as it is up-to-date.
Resolve mutations for :react-native-safe-area-context:compileDebugShaders (Thread[Execution worker Thread 2,5,main]) started.
:react-native-safe-area-context:compileDebugShaders (Thread[Execution worker Thread 2,5,main]) started.

> Task :react-native-safe-area-context:compileDebugShaders NO-SOURCE
Skipping task ':react-native-safe-area-context:compileDebugShaders' as it has no source files and no previous output files.
Resolve mutations for :react-native-safe-area-context:generateDebugAssets (Thread[Execution worker Thread 2,5,main]) started.
:react-native-safe-area-context:generateDebugAssets (Thread[Execution worker Thread 6,5,main]) started.

> Task :react-native-safe-area-context:generateDebugAssets UP-TO-DATE
Skipping task ':react-native-safe-area-context:generateDebugAssets' as it has no actions.
Resolve mutations for :react-native-safe-area-context:packageDebugAssets (Thread[Execution worker Thread 15,5,main]) started.
:react-native-safe-area-context:packageDebugAssets (Thread[Execution worker Thread 15,5,main]) started.

> Task :react-native-safe-area-context:packageDebugAssets UP-TO-DATE
Caching disabled for task ':react-native-safe-area-context:packageDebugAssets' because:
  Build cache is disabled
  Simple merging task
Skipping task ':react-native-safe-area-context:packageDebugAssets' as it is up-to-date.
work action resolve out (project :react-native-safe-area-context) (Thread[Execution worker Thread 15,5,main]) started.
Resolve mutations for :react-native-screens:mergeDebugShaders (Thread[Execution worker Thread 15,5,main]) started.
:react-native-screens:mergeDebugShaders (Thread[Execution worker Thread 7,5,main]) started.

> Task :react-native-screens:mergeDebugShaders UP-TO-DATE
Caching disabled for task ':react-native-screens:mergeDebugShaders' because:
  Build cache is disabled
  Simple merging task
Skipping task ':react-native-screens:mergeDebugShaders' as it is up-to-date.
Resolve mutations for :react-native-screens:compileDebugShaders (Thread[Execution worker Thread 7,5,main]) started.
:react-native-screens:compileDebugShaders (Thread[Execution worker,5,main]) started.

> Task :react-native-screens:compileDebugShaders NO-SOURCE
Skipping task ':react-native-screens:compileDebugShaders' as it has no source files and no previous output files.
Resolve mutations for :react-native-screens:generateDebugAssets (Thread[Execution worker,5,main]) started.
:react-native-screens:generateDebugAssets (Thread[Execution worker,5,main]) started.

> Task :react-native-screens:generateDebugAssets UP-TO-DATE
Skipping task ':react-native-screens:generateDebugAssets' as it has no actions.
Resolve mutations for :react-native-screens:packageDebugAssets (Thread[Execution worker Thread 10,5,main]) started.
:react-native-screens:packageDebugAssets (Thread[Execution worker Thread 10,5,main]) started.

> Task :react-native-screens:packageDebugAssets UP-TO-DATE
Caching disabled for task ':react-native-screens:packageDebugAssets' because:
  Build cache is disabled
  Simple merging task
Skipping task ':react-native-screens:packageDebugAssets' as it is up-to-date.
work action resolve out (project :react-native-screens) (Thread[Execution worker Thread 10,5,main]) started.
Resolve mutations for :react-native-view-shot:mergeDebugShaders (Thread[Execution worker Thread 12,5,main]) started.
:react-native-view-shot:mergeDebugShaders (Thread[Execution worker Thread 7,5,main]) started.

> Task :react-native-view-shot:mergeDebugShaders UP-TO-DATE
Caching disabled for task ':react-native-view-shot:mergeDebugShaders' because:
  Build cache is disabled
  Simple merging task
Skipping task ':react-native-view-shot:mergeDebugShaders' as it is up-to-date.
Resolve mutations for :react-native-view-shot:compileDebugShaders (Thread[Execution worker Thread 7,5,main]) started.
:react-native-view-shot:compileDebugShaders (Thread[Execution worker Thread 7,5,main]) started.

> Task :react-native-view-shot:compileDebugShaders NO-SOURCE
Skipping task ':react-native-view-shot:compileDebugShaders' as it has no source files and no previous output files.
Resolve mutations for :react-native-view-shot:generateDebugAssets (Thread[Execution worker Thread 7,5,main]) started.
:react-native-view-shot:generateDebugAssets (Thread[Execution worker Thread 5,5,main]) started.

> Task :react-native-view-shot:generateDebugAssets UP-TO-DATE
Skipping task ':react-native-view-shot:generateDebugAssets' as it has no actions.
Resolve mutations for :react-native-view-shot:packageDebugAssets (Thread[Execution worker Thread 6,5,main]) started.
:react-native-view-shot:packageDebugAssets (Thread[Execution worker Thread 13,5,main]) started.

> Task :react-native-view-shot:packageDebugAssets UP-TO-DATE
Caching disabled for task ':react-native-view-shot:packageDebugAssets' because:
  Build cache is disabled
  Simple merging task
Skipping task ':react-native-view-shot:packageDebugAssets' as it is up-to-date.
work action resolve out (project :react-native-view-shot) (Thread[Execution worker Thread 13,5,main]) started.
Resolve mutations for :sentry_react-native:mergeDebugShaders (Thread[Execution worker Thread 12,5,main]) started.
:sentry_react-native:mergeDebugShaders (Thread[Execution worker Thread 2,5,main]) started.

> Task :sentry_react-native:mergeDebugShaders UP-TO-DATE
Caching disabled for task ':sentry_react-native:mergeDebugShaders' because:
  Build cache is disabled
  Simple merging task
Skipping task ':sentry_react-native:mergeDebugShaders' as it is up-to-date.
Resolve mutations for :sentry_react-native:compileDebugShaders (Thread[Execution worker Thread 2,5,main]) started.
:sentry_react-native:compileDebugShaders (Thread[Execution worker Thread 4,5,main]) started.

> Task :sentry_react-native:compileDebugShaders NO-SOURCE
Skipping task ':sentry_react-native:compileDebugShaders' as it has no source files and no previous output files.
Resolve mutations for :sentry_react-native:generateDebugAssets (Thread[Execution worker Thread 4,5,main]) started.
:sentry_react-native:generateDebugAssets (Thread[Execution worker Thread 13,5,main]) started.

> Task :sentry_react-native:generateDebugAssets UP-TO-DATE
Skipping task ':sentry_react-native:generateDebugAssets' as it has no actions.
Resolve mutations for :sentry_react-native:packageDebugAssets (Thread[Execution worker Thread 5,5,main]) started.
:sentry_react-native:packageDebugAssets (Thread[Execution worker Thread 8,5,main]) started.

> Task :sentry_react-native:packageDebugAssets UP-TO-DATE
Caching disabled for task ':sentry_react-native:packageDebugAssets' because:
  Build cache is disabled
  Simple merging task
Skipping task ':sentry_react-native:packageDebugAssets' as it is up-to-date.
work action resolve out (project :sentry_react-native) (Thread[Execution worker Thread 8,5,main]) started.
Resolve mutations for :app:mergeStagingDebugAssets (Thread[Execution worker Thread 12,5,main]) started.
:app:mergeStagingDebugAssets (Thread[Execution worker Thread 13,5,main]) started.

> Task :app:mergeStagingDebugAssets UP-TO-DATE
Caching disabled for task ':app:mergeStagingDebugAssets' because:
  Build cache is disabled
  Simple merging task
Skipping task ':app:mergeStagingDebugAssets' as it is up-to-date.
Resolve mutations for :app:compressStagingDebugAssets (Thread[Execution worker Thread 13,5,main]) started.
:app:compressStagingDebugAssets (Thread[Execution worker,5,main]) started.

> Task :app:compressStagingDebugAssets UP-TO-DATE
Caching disabled for task ':app:compressStagingDebugAssets' because:
  Build cache is disabled
Skipping task ':app:compressStagingDebugAssets' as it is up-to-date.
Resolve mutations for :app:checkStagingDebugDuplicateClasses (Thread[Execution worker,5,main]) started.
:app:checkStagingDebugDuplicateClasses (Thread[Execution worker Thread 3,5,main]) started.

> Task :app:checkStagingDebugDuplicateClasses UP-TO-DATE
Caching disabled for task ':app:checkStagingDebugDuplicateClasses' because:
  Build cache is disabled
  Caching has been disabled for the task
Skipping task ':app:checkStagingDebugDuplicateClasses' as it is up-to-date.
Resolve mutations for :app:desugarStagingDebugFileDependencies (Thread[Execution worker Thread 3,5,main]) started.
:app:desugarStagingDebugFileDependencies (Thread[Execution worker Thread 3,5,main]) started.

> Task :app:desugarStagingDebugFileDependencies UP-TO-DATE
Caching disabled for task ':app:desugarStagingDebugFileDependencies' because:
  Build cache is disabled
Skipping task ':app:desugarStagingDebugFileDependencies' as it is up-to-date.
Resolve mutations for :app:mergeExtDexStagingDebug (Thread[Execution worker Thread 3,5,main]) started.
:app:mergeExtDexStagingDebug (Thread[Execution worker Thread 3,5,main]) started.

> Task :app:mergeExtDexStagingDebug UP-TO-DATE
Caching disabled for task ':app:mergeExtDexStagingDebug' because:
  Build cache is disabled
Skipping task ':app:mergeExtDexStagingDebug' as it is up-to-date.
Resolve mutations for :react-native-gesture-handler:bundleLibRuntimeToDirDebug (Thread[Execution worker Thread 3,5,main]) started.
:react-native-gesture-handler:bundleLibRuntimeToDirDebug (Thread[Execution worker Thread 14,5,main]) started.

> Task :react-native-gesture-handler:bundleLibRuntimeToDirDebug UP-TO-DATE
Caching disabled for task ':react-native-gesture-handler:bundleLibRuntimeToDirDebug' because:
  Build cache is disabled
  Simple merging task
Skipping task ':react-native-gesture-handler:bundleLibRuntimeToDirDebug' as it is up-to-date.
work action resolve bundleLibRuntimeToDirDebug (project :react-native-gesture-handler) (Thread[Execution worker Thread 14,5,main]) started.
Resolve mutations for :react-native-keyboard-controller:bundleLibRuntimeToDirDebug (Thread[Execution worker Thread 14,5,main]) started.
ClassesDirToClassesTransform (Thread[Execution worker Thread 10,5,main]) started.
:react-native-keyboard-controller:bundleLibRuntimeToDirDebug (Thread[Execution worker Thread 14,5,main]) started.
DexingNoClasspathTransform (Thread[Execution worker Thread 10,5,main]) started.

> Task :react-native-keyboard-controller:bundleLibRuntimeToDirDebug UP-TO-DATE
Caching disabled for task ':react-native-keyboard-controller:bundleLibRuntimeToDirDebug' because:
  Build cache is disabled
  Simple merging task
Skipping task ':react-native-keyboard-controller:bundleLibRuntimeToDirDebug' as it is up-to-date.
work action resolve bundleLibRuntimeToDirDebug (project :react-native-keyboard-controller) (Thread[Execution worker Thread 14,5,main]) started.
ClassesDirToClassesTransform (Thread[Execution worker Thread 14,5,main]) started.
Resolve mutations for :react-native-safe-area-context:bundleLibRuntimeToDirDebug (Thread[Execution worker,5,main]) started.

> Transform bundleLibRuntimeToDirDebug (project :react-native-gesture-handler) with DexingNoClasspathTransform
Caching disabled for DexingNoClasspathTransform: D:\App\fc\app\node_modules\react-native-gesture-handler\android\build\intermediates\runtime_library_classes_dir\debug\bundleLibRuntimeToDirDebug because:
  Build cache is disabled
Skipping DexingNoClasspathTransform: D:\App\fc\app\node_modules\react-native-gesture-handler\android\build\intermediates\runtime_library_classes_dir\debug\bundleLibRuntimeToDirDebug as it is up-to-date.
DexingOutputSplitTransform (Thread[Execution worker Thread 5,5,main]) started.
:react-native-safe-area-context:bundleLibRuntimeToDirDebug (Thread[Execution worker,5,main]) started.
DexingNoClasspathTransform (Thread[Execution worker Thread 14,5,main]) started.

> Task :react-native-safe-area-context:bundleLibRuntimeToDirDebug UP-TO-DATE
Caching disabled for task ':react-native-safe-area-context:bundleLibRuntimeToDirDebug' because:
  Build cache is disabled
  Simple merging task
Skipping task ':react-native-safe-area-context:bundleLibRuntimeToDirDebug' as it is up-to-date.
work action resolve bundleLibRuntimeToDirDebug (project :react-native-safe-area-context) (Thread[Execution worker,5,main]) started.
Resolve mutations for :react-native-screens:bundleLibRuntimeToDirDebug (Thread[Execution worker,5,main]) started.
ClassesDirToClassesTransform (Thread[Execution worker Thread 4,5,main]) started.
:react-native-screens:bundleLibRuntimeToDirDebug (Thread[Execution worker Thread 11,5,main]) started.
DexingNoClasspathTransform (Thread[Execution worker Thread 4,5,main]) started.

> Transform bundleLibRuntimeToDirDebug (project :react-native-keyboard-controller) with DexingNoClasspathTransform
Caching disabled for DexingNoClasspathTransform: D:\App\fc\app\node_modules\react-native-keyboard-controller\android\build\intermediates\runtime_library_classes_dir\debug\bundleLibRuntimeToDirDebug because:
  Build cache is disabled
Skipping DexingNoClasspathTransform: D:\App\fc\app\node_modules\react-native-keyboard-controller\android\build\intermediates\runtime_library_classes_dir\debug\bundleLibRuntimeToDirDebug as it is up-to-date.
DexingOutputSplitTransform (Thread[Execution worker Thread 14,5,main]) started.

> Transform bundleLibRuntimeToDirDebug (project :react-native-safe-area-context) with DexingNoClasspathTransform
Caching disabled for DexingNoClasspathTransform: D:\App\fc\app\node_modules\react-native-safe-area-context\android\build\intermediates\runtime_library_classes_dir\debug\bundleLibRuntimeToDirDebug because:
  Build cache is disabled
Skipping DexingNoClasspathTransform: D:\App\fc\app\node_modules\react-native-safe-area-context\android\build\intermediates\runtime_library_classes_dir\debug\bundleLibRuntimeToDirDebug as it is up-to-date.
DexingOutputSplitTransform (Thread[Execution worker Thread 13,5,main]) started.

> Task :react-native-screens:bundleLibRuntimeToDirDebug UP-TO-DATE
Caching disabled for task ':react-native-screens:bundleLibRuntimeToDirDebug' because:
  Build cache is disabled
  Simple merging task
Skipping task ':react-native-screens:bundleLibRuntimeToDirDebug' as it is up-to-date.
work action resolve bundleLibRuntimeToDirDebug (project :react-native-screens) (Thread[Execution worker Thread 11,5,main]) started.
ClassesDirToClassesTransform (Thread[Execution worker Thread 11,5,main]) started.
Resolve mutations for :notifee_react-native:bundleLibRuntimeToDirDebug (Thread[Execution worker Thread 2,5,main]) started.
:notifee_react-native:bundleLibRuntimeToDirDebug (Thread[Execution worker Thread 2,5,main]) started.
DexingNoClasspathTransform (Thread[Execution worker Thread 11,5,main]) started.

> Task :notifee_react-native:bundleLibRuntimeToDirDebug UP-TO-DATE
Caching disabled for task ':notifee_react-native:bundleLibRuntimeToDirDebug' because:
  Build cache is disabled
  Simple merging task
Skipping task ':notifee_react-native:bundleLibRuntimeToDirDebug' as it is up-to-date.
work action resolve bundleLibRuntimeToDirDebug (project :notifee_react-native) (Thread[Execution worker Thread 2,5,main]) started.
ClassesDirToClassesTransform (Thread[Execution worker Thread 2,5,main]) started.
Resolve mutations for :react-native-async-storage_async-storage:bundleLibRuntimeToDirDebug (Thread[Execution worker Thread 9,5,main]) started.
:react-native-async-storage_async-storage:bundleLibRuntimeToDirDebug (Thread[Execution worker Thread 9,5,main]) started.
DexingNoClasspathTransform (Thread[Execution worker Thread 2,5,main]) started.

> Task :react-native-async-storage_async-storage:bundleLibRuntimeToDirDebug UP-TO-DATE
Caching disabled for task ':react-native-async-storage_async-storage:bundleLibRuntimeToDirDebug' because:
  Build cache is disabled
  Simple merging task
Skipping task ':react-native-async-storage_async-storage:bundleLibRuntimeToDirDebug' as it is up-to-date.
work action resolve bundleLibRuntimeToDirDebug (project :react-native-async-storage_async-storage) (Thread[Execution worker Thread 9,5,main]) started.
Resolve mutations for :react-native-community_blur:bundleLibRuntimeToDirDebug (Thread[Execution worker Thread 15,5,main]) started.
ClassesDirToClassesTransform (Thread[Execution worker Thread 9,5,main]) started.
:react-native-community_blur:bundleLibRuntimeToDirDebug (Thread[Execution worker Thread 15,5,main]) started.
DexingNoClasspathTransform (Thread[Execution worker Thread 14,5,main]) started.

> Transform bundleLibRuntimeToDirDebug (project :notifee_react-native) with DexingNoClasspathTransform
Caching disabled for DexingNoClasspathTransform: D:\App\fc\app\node_modules\@notifee\react-native\android\build\intermediates\runtime_library_classes_dir\debug\bundleLibRuntimeToDirDebug because:
  Build cache is disabled
Skipping DexingNoClasspathTransform: D:\App\fc\app\node_modules\@notifee\react-native\android\build\intermediates\runtime_library_classes_dir\debug\bundleLibRuntimeToDirDebug as it is up-to-date.
DexingOutputSplitTransform (Thread[Execution worker Thread 13,5,main]) started.

> Task :react-native-community_blur:bundleLibRuntimeToDirDebug UP-TO-DATE
Caching disabled for task ':react-native-community_blur:bundleLibRuntimeToDirDebug' because:
  Build cache is disabled
  Simple merging task
Skipping task ':react-native-community_blur:bundleLibRuntimeToDirDebug' as it is up-to-date.
work action resolve bundleLibRuntimeToDirDebug (project :react-native-community_blur) (Thread[Execution worker Thread 15,5,main]) started.
ClassesDirToClassesTransform (Thread[included builds,5,main]) started.
Resolve mutations for :react-native-community_slider:bundleLibRuntimeToDirDebug (Thread[Execution worker Thread 15,5,main]) started.
:react-native-community_slider:bundleLibRuntimeToDirDebug (Thread[Execution worker Thread 15,5,main]) started.
DexingNoClasspathTransform (Thread[Execution worker Thread 9,5,main]) started.

> Transform bundleLibRuntimeToDirDebug (project :react-native-async-storage_async-storage) with DexingNoClasspathTransform
Caching disabled for DexingNoClasspathTransform: D:\App\fc\app\node_modules\@react-native-async-storage\async-storage\android\build\intermediates\runtime_library_classes_dir\debug\bundleLibRuntimeToDirDebug because:
  Build cache is disabled
Skipping DexingNoClasspathTransform: D:\App\fc\app\node_modules\@react-native-async-storage\async-storage\android\build\intermediates\runtime_library_classes_dir\debug\bundleLibRuntimeToDirDebug as it is up-to-date.
DexingOutputSplitTransform (Thread[Execution worker Thread 14,5,main]) started.

> Transform bundleLibRuntimeToDirDebug (project :react-native-screens) with DexingNoClasspathTransform
Caching disabled for DexingNoClasspathTransform: D:\App\fc\app\node_modules\react-native-screens\android\build\intermediates\runtime_library_classes_dir\debug\bundleLibRuntimeToDirDebug because:
  Build cache is disabled
Skipping DexingNoClasspathTransform: D:\App\fc\app\node_modules\react-native-screens\android\build\intermediates\runtime_library_classes_dir\debug\bundleLibRuntimeToDirDebug as it is up-to-date.
DexingOutputSplitTransform (Thread[Execution worker Thread 11,5,main]) started.

> Task :react-native-community_slider:bundleLibRuntimeToDirDebug UP-TO-DATE
Caching disabled for task ':react-native-community_slider:bundleLibRuntimeToDirDebug' because:
  Build cache is disabled
  Simple merging task
Skipping task ':react-native-community_slider:bundleLibRuntimeToDirDebug' as it is up-to-date.
work action resolve bundleLibRuntimeToDirDebug (project :react-native-community_slider) (Thread[Execution worker Thread 15,5,main]) started.
ClassesDirToClassesTransform (Thread[Execution worker Thread 2,5,main]) started.
Resolve mutations for :react-native-firebase_auth:bundleLibRuntimeToDirDebug (Thread[Execution worker Thread 15,5,main]) started.
DexingNoClasspathTransform (Thread[Execution worker Thread 2,5,main]) started.
:react-native-firebase_auth:bundleLibRuntimeToDirDebug (Thread[Execution worker Thread 11,5,main]) started.

> Transform bundleLibRuntimeToDirDebug (project :react-native-community_blur) with DexingNoClasspathTransform
Caching disabled for DexingNoClasspathTransform: D:\App\fc\app\node_modules\@react-native-community\blur\android\build\intermediates\runtime_library_classes_dir\debug\bundleLibRuntimeToDirDebug because:
  Build cache is disabled
Skipping DexingNoClasspathTransform: D:\App\fc\app\node_modules\@react-native-community\blur\android\build\intermediates\runtime_library_classes_dir\debug\bundleLibRuntimeToDirDebug as it is up-to-date.
DexingOutputSplitTransform (Thread[Execution worker Thread 7,5,main]) started.

> Task :react-native-firebase_auth:bundleLibRuntimeToDirDebug UP-TO-DATE
Caching disabled for task ':react-native-firebase_auth:bundleLibRuntimeToDirDebug' because:
  Build cache is disabled
  Simple merging task
Skipping task ':react-native-firebase_auth:bundleLibRuntimeToDirDebug' as it is up-to-date.
work action resolve bundleLibRuntimeToDirDebug (project :react-native-firebase_auth) (Thread[Execution worker Thread 11,5,main]) started.
Resolve mutations for :react-native-firebase_messaging:bundleLibRuntimeToDirDebug (Thread[Execution worker Thread 11,5,main]) started.
ClassesDirToClassesTransform (Thread[Execution worker,5,main]) started.
:react-native-firebase_messaging:bundleLibRuntimeToDirDebug (Thread[Execution worker Thread 11,5,main]) started.
DexingNoClasspathTransform (Thread[Execution worker Thread 8,5,main]) started.

> Transform bundleLibRuntimeToDirDebug (project :react-native-community_slider) with DexingNoClasspathTransform
Caching disabled for DexingNoClasspathTransform: D:\App\fc\app\node_modules\@react-native-community\slider\android\build\intermediates\runtime_library_classes_dir\debug\bundleLibRuntimeToDirDebug because:
  Build cache is disabled
Skipping DexingNoClasspathTransform: D:\App\fc\app\node_modules\@react-native-community\slider\android\build\intermediates\runtime_library_classes_dir\debug\bundleLibRuntimeToDirDebug as it is up-to-date.
DexingOutputSplitTransform (Thread[Execution worker Thread 2,5,main]) started.

> Task :react-native-firebase_messaging:bundleLibRuntimeToDirDebug UP-TO-DATE
Caching disabled for task ':react-native-firebase_messaging:bundleLibRuntimeToDirDebug' because:
  Build cache is disabled
  Simple merging task
Skipping task ':react-native-firebase_messaging:bundleLibRuntimeToDirDebug' as it is up-to-date.
work action resolve bundleLibRuntimeToDirDebug (project :react-native-firebase_messaging) (Thread[Execution worker Thread 11,5,main]) started.
ClassesDirToClassesTransform (Thread[Execution worker Thread 11,5,main]) started.
Resolve mutations for :react-native-firebase_app:bundleLibRuntimeToDirDebug (Thread[Execution worker Thread 2,5,main]) started.
DexingNoClasspathTransform (Thread[Execution worker Thread 9,5,main]) started.
:react-native-firebase_app:bundleLibRuntimeToDirDebug (Thread[Execution worker Thread 11,5,main]) started.

> Transform bundleLibRuntimeToDirDebug (project :react-native-firebase_auth) with DexingNoClasspathTransform
Caching disabled for DexingNoClasspathTransform: D:\App\fc\app\node_modules\@react-native-firebase\auth\android\build\intermediates\runtime_library_classes_dir\debug\bundleLibRuntimeToDirDebug because:
  Build cache is disabled
Skipping DexingNoClasspathTransform: D:\App\fc\app\node_modules\@react-native-firebase\auth\android\build\intermediates\runtime_library_classes_dir\debug\bundleLibRuntimeToDirDebug as it is up-to-date.
DexingOutputSplitTransform (Thread[Execution worker Thread 8,5,main]) started.

> Task :react-native-firebase_app:bundleLibRuntimeToDirDebug UP-TO-DATE
Caching disabled for task ':react-native-firebase_app:bundleLibRuntimeToDirDebug' because:
  Build cache is disabled
  Simple merging task
Skipping task ':react-native-firebase_app:bundleLibRuntimeToDirDebug' as it is up-to-date.

> Transform bundleLibRuntimeToDirDebug (project :react-native-firebase_messaging) with DexingNoClasspathTransform
Caching disabled for DexingNoClasspathTransform: D:\App\fc\app\node_modules\@react-native-firebase\messaging\android\build\intermediates\runtime_library_classes_dir\debug\bundleLibRuntimeToDirDebug because:
  Build cache is disabled
Skipping DexingNoClasspathTransform: D:\App\fc\app\node_modules\@react-native-firebase\messaging\android\build\intermediates\runtime_library_classes_dir\debug\bundleLibRuntimeToDirDebug as it is up-to-date.
work action resolve bundleLibRuntimeToDirDebug (project :react-native-firebase_app) (Thread[Execution worker Thread 11,5,main]) started.
DexingOutputSplitTransform (Thread[Execution worker Thread 8,5,main]) started.
ClassesDirToClassesTransform (Thread[Execution worker Thread 7,5,main]) started.
Resolve mutations for :react-native-masked-view_masked-view:bundleLibRuntimeToDirDebug (Thread[Execution worker Thread 11,5,main]) started.
:react-native-masked-view_masked-view:bundleLibRuntimeToDirDebug (Thread[Execution worker Thread 11,5,main]) started.
DexingNoClasspathTransform (Thread[Execution worker Thread 7,5,main]) started.

> Task :react-native-masked-view_masked-view:bundleLibRuntimeToDirDebug UP-TO-DATE
Caching disabled for task ':react-native-masked-view_masked-view:bundleLibRuntimeToDirDebug' because:
  Build cache is disabled
  Simple merging task
Skipping task ':react-native-masked-view_masked-view:bundleLibRuntimeToDirDebug' as it is up-to-date.
work action resolve bundleLibRuntimeToDirDebug (project :react-native-masked-view_masked-view) (Thread[Execution worker Thread 11,5,main]) started.
ClassesDirToClassesTransform (Thread[included builds,5,main]) started.
Resolve mutations for :sentry_react-native:bundleLibRuntimeToDirDebug (Thread[Execution worker Thread 11,5,main]) started.
DexingNoClasspathTransform (Thread[Execution worker Thread 11,5,main]) started.
:sentry_react-native:bundleLibRuntimeToDirDebug (Thread[included builds,5,main]) started.

> Transform bundleLibRuntimeToDirDebug (project :react-native-firebase_app) with DexingNoClasspathTransform
Caching disabled for DexingNoClasspathTransform: D:\App\fc\app\node_modules\@react-native-firebase\app\android\build\intermediates\runtime_library_classes_dir\debug\bundleLibRuntimeToDirDebug because:
  Build cache is disabled
Skipping DexingNoClasspathTransform: D:\App\fc\app\node_modules\@react-native-firebase\app\android\build\intermediates\runtime_library_classes_dir\debug\bundleLibRuntimeToDirDebug as it is up-to-date.
DexingOutputSplitTransform (Thread[Execution worker Thread 7,5,main]) started.

> Transform bundleLibRuntimeToDirDebug (project :react-native-masked-view_masked-view) with DexingNoClasspathTransform
Caching disabled for DexingNoClasspathTransform: D:\App\fc\app\node_modules\@react-native-masked-view\masked-view\android\build\intermediates\runtime_library_classes_dir\debug\bundleLibRuntimeToDirDebug because:
  Build cache is disabled
Skipping DexingNoClasspathTransform: D:\App\fc\app\node_modules\@react-native-masked-view\masked-view\android\build\intermediates\runtime_library_classes_dir\debug\bundleLibRuntimeToDirDebug as it is up-to-date.
DexingOutputSplitTransform (Thread[Execution worker Thread 11,5,main]) started.

> Task :sentry_react-native:bundleLibRuntimeToDirDebug UP-TO-DATE
Caching disabled for task ':sentry_react-native:bundleLibRuntimeToDirDebug' because:
  Build cache is disabled
  Simple merging task
Skipping task ':sentry_react-native:bundleLibRuntimeToDirDebug' as it is up-to-date.
work action resolve bundleLibRuntimeToDirDebug (project :sentry_react-native) (Thread[included builds,5,main]) started.
ClassesDirToClassesTransform (Thread[included builds,5,main]) started.
Resolve mutations for :react-native-blob-util:bundleLibRuntimeToDirDebug (Thread[Execution worker Thread 13,5,main]) started.
:react-native-blob-util:bundleLibRuntimeToDirDebug (Thread[Execution worker Thread 13,5,main]) started.
DexingNoClasspathTransform (Thread[Execution worker Thread 15,5,main]) started.

> Task :react-native-blob-util:bundleLibRuntimeToDirDebug UP-TO-DATE
Caching disabled for task ':react-native-blob-util:bundleLibRuntimeToDirDebug' because:
  Build cache is disabled
  Simple merging task
Skipping task ':react-native-blob-util:bundleLibRuntimeToDirDebug' as it is up-to-date.
work action resolve bundleLibRuntimeToDirDebug (project :react-native-blob-util) (Thread[Execution worker Thread 13,5,main]) started.
ClassesDirToClassesTransform (Thread[Execution worker Thread 8,5,main]) started.
Resolve mutations for :react-native-device-info:bundleLibRuntimeToDirDebug (Thread[Execution worker Thread 13,5,main]) started.

> Transform bundleLibRuntimeToDirDebug (project :sentry_react-native) with DexingNoClasspathTransform
Caching disabled for DexingNoClasspathTransform: D:\App\fc\app\node_modules\@sentry\react-native\android\build\intermediates\runtime_library_classes_dir\debug\bundleLibRuntimeToDirDebug because:
  Build cache is disabled
Skipping DexingNoClasspathTransform: D:\App\fc\app\node_modules\@sentry\react-native\android\build\intermediates\runtime_library_classes_dir\debug\bundleLibRuntimeToDirDebug as it is up-to-date.
DexingOutputSplitTransform (Thread[Execution worker Thread 7,5,main]) started.
:react-native-device-info:bundleLibRuntimeToDirDebug (Thread[Execution worker Thread 13,5,main]) started.
DexingNoClasspathTransform (Thread[Execution worker Thread 8,5,main]) started.

> Task :react-native-device-info:bundleLibRuntimeToDirDebug UP-TO-DATE
Caching disabled for task ':react-native-device-info:bundleLibRuntimeToDirDebug' because:
  Build cache is disabled
  Simple merging task
Skipping task ':react-native-device-info:bundleLibRuntimeToDirDebug' as it is up-to-date.
work action resolve bundleLibRuntimeToDirDebug (project :react-native-device-info) (Thread[Execution worker Thread 13,5,main]) started.
ClassesDirToClassesTransform (Thread[Execution worker Thread 13,5,main]) started.
Resolve mutations for :react-native-image-crop-picker:bundleLibRuntimeToDirDebug (Thread[Execution worker Thread 12,5,main]) started.

> Transform bundleLibRuntimeToDirDebug (project :react-native-blob-util) with DexingNoClasspathTransform
Caching disabled for DexingNoClasspathTransform: D:\App\fc\app\node_modules\react-native-blob-util\android\build\intermediates\runtime_library_classes_dir\debug\bundleLibRuntimeToDirDebug because:
  Build cache is disabled
Skipping DexingNoClasspathTransform: D:\App\fc\app\node_modules\react-native-blob-util\android\build\intermediates\runtime_library_classes_dir\debug\bundleLibRuntimeToDirDebug as it is up-to-date.
:react-native-image-crop-picker:bundleLibRuntimeToDirDebug (Thread[Execution worker Thread 12,5,main]) started.
DexingOutputSplitTransform (Thread[Execution worker Thread 8,5,main]) started.
DexingNoClasspathTransform (Thread[Execution worker Thread 3,5,main]) started.

> Task :react-native-image-crop-picker:bundleLibRuntimeToDirDebug UP-TO-DATE
Caching disabled for task ':react-native-image-crop-picker:bundleLibRuntimeToDirDebug' because:
  Build cache is disabled
  Simple merging task
Skipping task ':react-native-image-crop-picker:bundleLibRuntimeToDirDebug' as it is up-to-date.
work action resolve bundleLibRuntimeToDirDebug (project :react-native-image-crop-picker) (Thread[Execution worker Thread 12,5,main]) started.
ClassesDirToClassesTransform (Thread[Execution worker Thread 9,5,main]) started.
Resolve mutations for :react-native-linear-gradient:bundleLibRuntimeToDirDebug (Thread[Execution worker Thread 12,5,main]) started.
:react-native-linear-gradient:bundleLibRuntimeToDirDebug (Thread[Execution worker Thread 12,5,main]) started.
DexingNoClasspathTransform (Thread[Execution worker Thread 9,5,main]) started.

> Transform bundleLibRuntimeToDirDebug (project :react-native-device-info) with DexingNoClasspathTransform
Caching disabled for DexingNoClasspathTransform: D:\App\fc\app\node_modules\react-native-device-info\android\build\intermediates\runtime_library_classes_dir\debug\bundleLibRuntimeToDirDebug because:
  Build cache is disabled
Skipping DexingNoClasspathTransform: D:\App\fc\app\node_modules\react-native-device-info\android\build\intermediates\runtime_library_classes_dir\debug\bundleLibRuntimeToDirDebug as it is up-to-date.
DexingOutputSplitTransform (Thread[Execution worker Thread 2,5,main]) started.

> Task :react-native-linear-gradient:bundleLibRuntimeToDirDebug UP-TO-DATE
Caching disabled for task ':react-native-linear-gradient:bundleLibRuntimeToDirDebug' because:
  Build cache is disabled
  Simple merging task
Skipping task ':react-native-linear-gradient:bundleLibRuntimeToDirDebug' as it is up-to-date.
work action resolve bundleLibRuntimeToDirDebug (project :react-native-linear-gradient) (Thread[Execution worker Thread 12,5,main]) started.
ClassesDirToClassesTransform (Thread[Execution worker Thread 12,5,main]) started.
Resolve mutations for :react-native-maps:bundleLibRuntimeToDirDebug (Thread[Execution worker Thread 6,5,main]) started.
DexingNoClasspathTransform (Thread[Execution worker Thread 6,5,main]) started.
:react-native-maps:bundleLibRuntimeToDirDebug (Thread[Execution worker Thread 12,5,main]) started.

> Transform bundleLibRuntimeToDirDebug (project :react-native-image-crop-picker) with DexingNoClasspathTransform
Caching disabled for DexingNoClasspathTransform: D:\App\fc\app\node_modules\react-native-image-crop-picker\android\build\intermediates\runtime_library_classes_dir\debug\bundleLibRuntimeToDirDebug because:
  Build cache is disabled
Skipping DexingNoClasspathTransform: D:\App\fc\app\node_modules\react-native-image-crop-picker\android\build\intermediates\runtime_library_classes_dir\debug\bundleLibRuntimeToDirDebug as it is up-to-date.
DexingOutputSplitTransform (Thread[Execution worker Thread 9,5,main]) started.

> Task :react-native-maps:bundleLibRuntimeToDirDebug UP-TO-DATE
Caching disabled for task ':react-native-maps:bundleLibRuntimeToDirDebug' because:
  Build cache is disabled
  Simple merging task
Skipping task ':react-native-maps:bundleLibRuntimeToDirDebug' as it is up-to-date.
work action resolve bundleLibRuntimeToDirDebug (project :react-native-maps) (Thread[Execution worker Thread 12,5,main]) started.

> Transform bundleLibRuntimeToDirDebug (project :react-native-linear-gradient) with DexingNoClasspathTransform
Caching disabled for DexingNoClasspathTransform: D:\App\fc\app\node_modules\react-native-linear-gradient\android\build\intermediates\runtime_library_classes_dir\debug\bundleLibRuntimeToDirDebug because:
  Build cache is disabled
Skipping DexingNoClasspathTransform: D:\App\fc\app\node_modules\react-native-linear-gradient\android\build\intermediates\runtime_library_classes_dir\debug\bundleLibRuntimeToDirDebug as it is up-to-date.
DexingOutputSplitTransform (Thread[Execution worker Thread 11,5,main]) started.
ClassesDirToClassesTransform (Thread[Execution worker Thread 6,5,main]) started.
Resolve mutations for :react-native-mmkv:bundleLibRuntimeToDirDebug (Thread[Execution worker Thread 4,5,main]) started.
:react-native-mmkv:bundleLibRuntimeToDirDebug (Thread[Execution worker Thread 7,5,main]) started.
DexingNoClasspathTransform (Thread[Execution worker Thread 6,5,main]) started.

> Task :react-native-mmkv:bundleLibRuntimeToDirDebug UP-TO-DATE
Caching disabled for task ':react-native-mmkv:bundleLibRuntimeToDirDebug' because:
  Build cache is disabled
  Simple merging task
Skipping task ':react-native-mmkv:bundleLibRuntimeToDirDebug' as it is up-to-date.
work action resolve bundleLibRuntimeToDirDebug (project :react-native-mmkv) (Thread[Execution worker Thread 7,5,main]) started.
ClassesDirToClassesTransform (Thread[Execution worker Thread 7,5,main]) started.
Resolve mutations for :react-native-reanimated:bundleLibRuntimeToDirDebug (Thread[Execution worker Thread 8,5,main]) started.
DexingNoClasspathTransform (Thread[Execution worker Thread 8,5,main]) started.
:react-native-reanimated:bundleLibRuntimeToDirDebug (Thread[Execution worker Thread 7,5,main]) started.

> Transform bundleLibRuntimeToDirDebug (project :react-native-maps) with DexingNoClasspathTransform
Caching disabled for DexingNoClasspathTransform: D:\App\fc\app\node_modules\react-native-maps\android\build\intermediates\runtime_library_classes_dir\debug\bundleLibRuntimeToDirDebug because:
  Build cache is disabled
Skipping DexingNoClasspathTransform: D:\App\fc\app\node_modules\react-native-maps\android\build\intermediates\runtime_library_classes_dir\debug\bundleLibRuntimeToDirDebug as it is up-to-date.
DexingOutputSplitTransform (Thread[Execution worker Thread 6,5,main]) started.

> Transform bundleLibRuntimeToDirDebug (project :react-native-mmkv) with DexingNoClasspathTransform
Caching disabled for DexingNoClasspathTransform: D:\App\fc\app\node_modules\react-native-mmkv\android\build\intermediates\runtime_library_classes_dir\debug\bundleLibRuntimeToDirDebug because:
  Build cache is disabled
Skipping DexingNoClasspathTransform: D:\App\fc\app\node_modules\react-native-mmkv\android\build\intermediates\runtime_library_classes_dir\debug\bundleLibRuntimeToDirDebug as it is up-to-date.
DexingOutputSplitTransform (Thread[Execution worker Thread 8,5,main]) started.

> Task :react-native-reanimated:bundleLibRuntimeToDirDebug UP-TO-DATE
Caching disabled for task ':react-native-reanimated:bundleLibRuntimeToDirDebug' because:
  Build cache is disabled
  Simple merging task
Skipping task ':react-native-reanimated:bundleLibRuntimeToDirDebug' as it is up-to-date.
work action resolve bundleLibRuntimeToDirDebug (project :react-native-reanimated) (Thread[Execution worker Thread 7,5,main]) started.
ClassesDirToClassesTransform (Thread[Execution worker Thread 2,5,main]) started.
Resolve mutations for :react-native-view-shot:bundleLibRuntimeToDirDebug (Thread[Execution worker Thread 7,5,main]) started.
:react-native-view-shot:bundleLibRuntimeToDirDebug (Thread[Execution worker Thread 7,5,main]) started.
DexingNoClasspathTransform (Thread[Execution worker Thread 2,5,main]) started.

> Task :react-native-view-shot:bundleLibRuntimeToDirDebug UP-TO-DATE
Caching disabled for task ':react-native-view-shot:bundleLibRuntimeToDirDebug' because:
  Build cache is disabled
  Simple merging task
Skipping task ':react-native-view-shot:bundleLibRuntimeToDirDebug' as it is up-to-date.
work action resolve bundleLibRuntimeToDirDebug (project :react-native-view-shot) (Thread[Execution worker Thread 7,5,main]) started.
ClassesDirToClassesTransform (Thread[Execution worker Thread 7,5,main]) started.
Resolve mutations for :app:dexBuilderStagingDebug (Thread[Execution worker Thread 12,5,main]) started.
DexingNoClasspathTransform (Thread[Execution worker Thread 7,5,main]) started.
:app:dexBuilderStagingDebug (Thread[Execution worker Thread 12,5,main]) started.

> Task :app:dexBuilderStagingDebug UP-TO-DATE
Caching disabled for task ':app:dexBuilderStagingDebug' because:
  Build cache is disabled
Skipping task ':app:dexBuilderStagingDebug' as it is up-to-date.

> Transform bundleLibRuntimeToDirDebug (project :react-native-view-shot) with DexingNoClasspathTransform
Caching disabled for DexingNoClasspathTransform: D:\App\fc\app\node_modules\react-native-view-shot\android\build\intermediates\runtime_library_classes_dir\debug\bundleLibRuntimeToDirDebug because:
  Build cache is disabled
Skipping DexingNoClasspathTransform: D:\App\fc\app\node_modules\react-native-view-shot\android\build\intermediates\runtime_library_classes_dir\debug\bundleLibRuntimeToDirDebug as it is up-to-date.
DexingOutputSplitTransform (Thread[Execution worker Thread 12,5,main]) started.
Resolve mutations for :app:mergeProjectDexStagingDebug (Thread[Execution worker Thread 11,5,main]) started.
:app:mergeProjectDexStagingDebug (Thread[Execution worker Thread 11,5,main]) started.

> Transform bundleLibRuntimeToDirDebug (project :react-native-reanimated) with DexingNoClasspathTransform
Caching disabled for DexingNoClasspathTransform: D:\App\fc\app\node_modules\react-native-reanimated\android\build\intermediates\runtime_library_classes_dir\debug\bundleLibRuntimeToDirDebug because:
  Build cache is disabled
Skipping DexingNoClasspathTransform: D:\App\fc\app\node_modules\react-native-reanimated\android\build\intermediates\runtime_library_classes_dir\debug\bundleLibRuntimeToDirDebug as it is up-to-date.
DexingOutputSplitTransform (Thread[Execution worker Thread 2,5,main]) started.

> Task :app:mergeProjectDexStagingDebug UP-TO-DATE
Caching disabled for task ':app:mergeProjectDexStagingDebug' because:
  Build cache is disabled
Skipping task ':app:mergeProjectDexStagingDebug' as it is up-to-date.
Resolve mutations for :react-native-gesture-handler:bundleLibRuntimeToJarDebug (Thread[Execution worker Thread 11,5,main]) started.
Resolve mutations for :app:mergeLibDexStagingDebug (Thread[Execution worker Thread 11,5,main]) started.
:app:mergeLibDexStagingDebug (Thread[Execution worker Thread 11,5,main]) started.

> Task :app:mergeLibDexStagingDebug UP-TO-DATE
Caching disabled for task ':app:mergeLibDexStagingDebug' because:
  Build cache is disabled
Skipping task ':app:mergeLibDexStagingDebug' as it is up-to-date.
:react-native-gesture-handler:bundleLibRuntimeToJarDebug (Thread[Execution worker Thread 11,5,main]) started.

> Task :react-native-gesture-handler:bundleLibRuntimeToJarDebug UP-TO-DATE
Caching disabled for task ':react-native-gesture-handler:bundleLibRuntimeToJarDebug' because:
  Build cache is disabled
  Simple merging task
Skipping task ':react-native-gesture-handler:bundleLibRuntimeToJarDebug' as it is up-to-date.
work action resolve classes.jar (project :react-native-gesture-handler) (Thread[Execution worker Thread 11,5,main]) started.
IdentityTransform (Thread[Execution worker,5,main]) started.
Resolve mutations for :react-native-keyboard-controller:bundleLibRuntimeToJarDebug (Thread[Execution worker Thread 11,5,main]) started.
DexingNoClasspathTransform (Thread[Execution worker Thread 11,5,main]) started.
:react-native-keyboard-controller:bundleLibRuntimeToJarDebug (Thread[Execution worker Thread 3,5,main]) started.

> Task :react-native-keyboard-controller:bundleLibRuntimeToJarDebug UP-TO-DATE
Caching disabled for task ':react-native-keyboard-controller:bundleLibRuntimeToJarDebug' because:
  Build cache is disabled
  Simple merging task
Skipping task ':react-native-keyboard-controller:bundleLibRuntimeToJarDebug' as it is up-to-date.
work action resolve classes.jar (project :react-native-keyboard-controller) (Thread[Execution worker Thread 3,5,main]) started.
IdentityTransform (Thread[Execution worker Thread 3,5,main]) started.
Resolve mutations for :react-native-safe-area-context:bundleLibRuntimeToJarDebug (Thread[Execution worker Thread 13,5,main]) started.
DexingNoClasspathTransform (Thread[Execution worker Thread 3,5,main]) started.
:react-native-safe-area-context:bundleLibRuntimeToJarDebug (Thread[Execution worker Thread 13,5,main]) started.

> Transform classes.jar (project :react-native-gesture-handler) with DexingNoClasspathTransform
Caching disabled for DexingNoClasspathTransform: D:\App\fc\app\node_modules\react-native-gesture-handler\android\build\intermediates\runtime_library_classes_jar\debug\bundleLibRuntimeToJarDebug\classes.jar because:
  Build cache is disabled
Skipping DexingNoClasspathTransform: D:\App\fc\app\node_modules\react-native-gesture-handler\android\build\intermediates\runtime_library_classes_jar\debug\bundleLibRuntimeToJarDebug\classes.jar as it is up-to-date.
DexingOutputSplitTransform (Thread[Execution worker Thread 11,5,main]) started.

> Task :react-native-safe-area-context:bundleLibRuntimeToJarDebug UP-TO-DATE
Caching disabled for task ':react-native-safe-area-context:bundleLibRuntimeToJarDebug' because:
  Build cache is disabled
  Simple merging task
Skipping task ':react-native-safe-area-context:bundleLibRuntimeToJarDebug' as it is up-to-date.
work action resolve classes.jar (project :react-native-safe-area-context) (Thread[Execution worker Thread 13,5,main]) started.
IdentityTransform (Thread[Execution worker Thread 2,5,main]) started.
Resolve mutations for :react-native-screens:bundleLibRuntimeToJarDebug (Thread[Execution worker Thread 13,5,main]) started.
DexingNoClasspathTransform (Thread[Execution worker Thread 13,5,main]) started.
:react-native-screens:bundleLibRuntimeToJarDebug (Thread[Execution worker Thread 2,5,main]) started.

> Transform classes.jar (project :react-native-keyboard-controller) with DexingNoClasspathTransform
Caching disabled for DexingNoClasspathTransform: D:\App\fc\app\node_modules\react-native-keyboard-controller\android\build\intermediates\runtime_library_classes_jar\debug\bundleLibRuntimeToJarDebug\classes.jar because:
  Build cache is disabled
Skipping DexingNoClasspathTransform: D:\App\fc\app\node_modules\react-native-keyboard-controller\android\build\intermediates\runtime_library_classes_jar\debug\bundleLibRuntimeToJarDebug\classes.jar as it is up-to-date.
DexingOutputSplitTransform (Thread[Execution worker Thread 3,5,main]) started.

> Task :react-native-screens:bundleLibRuntimeToJarDebug UP-TO-DATE
Caching disabled for task ':react-native-screens:bundleLibRuntimeToJarDebug' because:
  Build cache is disabled
  Simple merging task
Skipping task ':react-native-screens:bundleLibRuntimeToJarDebug' as it is up-to-date.
work action resolve classes.jar (project :react-native-screens) (Thread[Execution worker Thread 2,5,main]) started.
IdentityTransform (Thread[Execution worker Thread 12,5,main]) started.
Resolve mutations for :notifee_react-native:bundleLibRuntimeToJarDebug (Thread[Execution worker Thread 2,5,main]) started.
:notifee_react-native:bundleLibRuntimeToJarDebug (Thread[Execution worker Thread 2,5,main]) started.
DexingNoClasspathTransform (Thread[Execution worker Thread 12,5,main]) started.

> Transform classes.jar (project :react-native-safe-area-context) with DexingNoClasspathTransform
Caching disabled for DexingNoClasspathTransform: D:\App\fc\app\node_modules\react-native-safe-area-context\android\build\intermediates\runtime_library_classes_jar\debug\bundleLibRuntimeToJarDebug\classes.jar because:
  Build cache is disabled
Skipping DexingNoClasspathTransform: D:\App\fc\app\node_modules\react-native-safe-area-context\android\build\intermediates\runtime_library_classes_jar\debug\bundleLibRuntimeToJarDebug\classes.jar as it is up-to-date.
DexingOutputSplitTransform (Thread[Execution worker Thread 13,5,main]) started.

> Task :notifee_react-native:bundleLibRuntimeToJarDebug UP-TO-DATE
Caching disabled for task ':notifee_react-native:bundleLibRuntimeToJarDebug' because:
  Build cache is disabled
  Simple merging task
Skipping task ':notifee_react-native:bundleLibRuntimeToJarDebug' as it is up-to-date.
work action resolve classes.jar (project :notifee_react-native) (Thread[Execution worker Thread 6,5,main]) started.
IdentityTransform (Thread[Execution worker Thread 6,5,main]) started.
Resolve mutations for :react-native-async-storage_async-storage:bundleLibRuntimeToJarDebug (Thread[Execution worker,5,main]) started.
DexingNoClasspathTransform (Thread[Execution worker,5,main]) started.
:react-native-async-storage_async-storage:bundleLibRuntimeToJarDebug (Thread[Execution worker Thread 15,5,main]) started.

> Transform classes.jar (project :react-native-screens) with DexingNoClasspathTransform
Caching disabled for DexingNoClasspathTransform: D:\App\fc\app\node_modules\react-native-screens\android\build\intermediates\runtime_library_classes_jar\debug\bundleLibRuntimeToJarDebug\classes.jar because:
  Build cache is disabled
Skipping DexingNoClasspathTransform: D:\App\fc\app\node_modules\react-native-screens\android\build\intermediates\runtime_library_classes_jar\debug\bundleLibRuntimeToJarDebug\classes.jar as it is up-to-date.
DexingOutputSplitTransform (Thread[Execution worker Thread 12,5,main]) started.

> Task :react-native-async-storage_async-storage:bundleLibRuntimeToJarDebug UP-TO-DATE
Caching disabled for task ':react-native-async-storage_async-storage:bundleLibRuntimeToJarDebug' because:
  Build cache is disabled
  Simple merging task
Skipping task ':react-native-async-storage_async-storage:bundleLibRuntimeToJarDebug' as it is up-to-date.
work action resolve classes.jar (project :react-native-async-storage_async-storage) (Thread[Execution worker Thread 14,5,main]) started.
IdentityTransform (Thread[Execution worker Thread 8,5,main]) started.
Resolve mutations for :react-native-community_blur:bundleLibRuntimeToJarDebug (Thread[Execution worker Thread 14,5,main]) started.
DexingNoClasspathTransform (Thread[Execution worker Thread 8,5,main]) started.
:react-native-community_blur:bundleLibRuntimeToJarDebug (Thread[Execution worker Thread 14,5,main]) started.

> Transform classes.jar (project :notifee_react-native) with DexingNoClasspathTransform
Caching disabled for DexingNoClasspathTransform: D:\App\fc\app\node_modules\@notifee\react-native\android\build\intermediates\runtime_library_classes_jar\debug\bundleLibRuntimeToJarDebug\classes.jar because:
  Build cache is disabled
Skipping DexingNoClasspathTransform: D:\App\fc\app\node_modules\@notifee\react-native\android\build\intermediates\runtime_library_classes_jar\debug\bundleLibRuntimeToJarDebug\classes.jar as it is up-to-date.
DexingOutputSplitTransform (Thread[Execution worker,5,main]) started.

> Task :react-native-community_blur:bundleLibRuntimeToJarDebug UP-TO-DATE
Caching disabled for task ':react-native-community_blur:bundleLibRuntimeToJarDebug' because:
  Build cache is disabled
  Simple merging task
Skipping task ':react-native-community_blur:bundleLibRuntimeToJarDebug' as it is up-to-date.
work action resolve classes.jar (project :react-native-community_blur) (Thread[Execution worker Thread 14,5,main]) started.
IdentityTransform (Thread[Execution worker Thread 14,5,main]) started.
Resolve mutations for :react-native-community_slider:bundleLibRuntimeToJarDebug (Thread[Execution worker Thread 7,5,main]) started.
DexingNoClasspathTransform (Thread[Execution worker Thread 7,5,main]) started.
:react-native-community_slider:bundleLibRuntimeToJarDebug (Thread[Execution worker Thread 14,5,main]) started.

> Transform classes.jar (project :react-native-async-storage_async-storage) with DexingNoClasspathTransform
Caching disabled for DexingNoClasspathTransform: D:\App\fc\app\node_modules\@react-native-async-storage\async-storage\android\build\intermediates\runtime_library_classes_jar\debug\bundleLibRuntimeToJarDebug\classes.jar because:
  Build cache is disabled
Skipping DexingNoClasspathTransform: D:\App\fc\app\node_modules\@react-native-async-storage\async-storage\android\build\intermediates\runtime_library_classes_jar\debug\bundleLibRuntimeToJarDebug\classes.jar as it is up-to-date.
DexingOutputSplitTransform (Thread[Execution worker Thread 8,5,main]) started.

> Task :react-native-community_slider:bundleLibRuntimeToJarDebug UP-TO-DATE
Caching disabled for task ':react-native-community_slider:bundleLibRuntimeToJarDebug' because:
  Build cache is disabled
  Simple merging task
Skipping task ':react-native-community_slider:bundleLibRuntimeToJarDebug' as it is up-to-date.
work action resolve classes.jar (project :react-native-community_slider) (Thread[Execution worker Thread 14,5,main]) started.
IdentityTransform (Thread[Execution worker Thread 9,5,main]) started.
Resolve mutations for :react-native-firebase_auth:bundleLibRuntimeToJarDebug (Thread[Execution worker Thread 14,5,main]) started.
DexingNoClasspathTransform (Thread[Execution worker Thread 3,5,main]) started.
:react-native-firebase_auth:bundleLibRuntimeToJarDebug (Thread[Execution worker Thread 14,5,main]) started.

> Transform classes.jar (project :react-native-community_blur) with DexingNoClasspathTransform
Caching disabled for DexingNoClasspathTransform: D:\App\fc\app\node_modules\@react-native-community\blur\android\build\intermediates\runtime_library_classes_jar\debug\bundleLibRuntimeToJarDebug\classes.jar because:
  Build cache is disabled
Skipping DexingNoClasspathTransform: D:\App\fc\app\node_modules\@react-native-community\blur\android\build\intermediates\runtime_library_classes_jar\debug\bundleLibRuntimeToJarDebug\classes.jar as it is up-to-date.
DexingOutputSplitTransform (Thread[Execution worker Thread 7,5,main]) started.

> Task :react-native-firebase_auth:bundleLibRuntimeToJarDebug UP-TO-DATE
Caching disabled for task ':react-native-firebase_auth:bundleLibRuntimeToJarDebug' because:
  Build cache is disabled
  Simple merging task
Skipping task ':react-native-firebase_auth:bundleLibRuntimeToJarDebug' as it is up-to-date.
work action resolve classes.jar (project :react-native-firebase_auth) (Thread[Execution worker Thread 14,5,main]) started.
IdentityTransform (Thread[Execution worker Thread 14,5,main]) started.
Resolve mutations for :react-native-firebase_messaging:bundleLibRuntimeToJarDebug (Thread[Execution worker Thread 12,5,main]) started.
DexingNoClasspathTransform (Thread[Execution worker Thread 14,5,main]) started.
:react-native-firebase_messaging:bundleLibRuntimeToJarDebug (Thread[Execution worker Thread 12,5,main]) started.

> Transform classes.jar (project :react-native-community_slider) with DexingNoClasspathTransform
Caching disabled for DexingNoClasspathTransform: D:\App\fc\app\node_modules\@react-native-community\slider\android\build\intermediates\runtime_library_classes_jar\debug\bundleLibRuntimeToJarDebug\classes.jar because:
  Build cache is disabled
Skipping DexingNoClasspathTransform: D:\App\fc\app\node_modules\@react-native-community\slider\android\build\intermediates\runtime_library_classes_jar\debug\bundleLibRuntimeToJarDebug\classes.jar as it is up-to-date.
DexingOutputSplitTransform (Thread[Execution worker Thread 3,5,main]) started.

> Task :react-native-firebase_messaging:bundleLibRuntimeToJarDebug UP-TO-DATE
Caching disabled for task ':react-native-firebase_messaging:bundleLibRuntimeToJarDebug' because:
  Build cache is disabled
  Simple merging task
Skipping task ':react-native-firebase_messaging:bundleLibRuntimeToJarDebug' as it is up-to-date.
work action resolve classes.jar (project :react-native-firebase_messaging) (Thread[Execution worker Thread 6,5,main]) started.
IdentityTransform (Thread[Execution worker Thread 6,5,main]) started.
Resolve mutations for :react-native-firebase_app:bundleLibRuntimeToJarDebug (Thread[Execution worker Thread 10,5,main]) started.
DexingNoClasspathTransform (Thread[Execution worker,5,main]) started.
:react-native-firebase_app:bundleLibRuntimeToJarDebug (Thread[Execution worker Thread 10,5,main]) started.

> Transform classes.jar (project :react-native-firebase_auth) with DexingNoClasspathTransform
Caching disabled for DexingNoClasspathTransform: D:\App\fc\app\node_modules\@react-native-firebase\auth\android\build\intermediates\runtime_library_classes_jar\debug\bundleLibRuntimeToJarDebug\classes.jar because:
  Build cache is disabled
Skipping DexingNoClasspathTransform: D:\App\fc\app\node_modules\@react-native-firebase\auth\android\build\intermediates\runtime_library_classes_jar\debug\bundleLibRuntimeToJarDebug\classes.jar as it is up-to-date.
DexingOutputSplitTransform (Thread[Execution worker Thread 14,5,main]) started.

> Task :react-native-firebase_app:bundleLibRuntimeToJarDebug UP-TO-DATE
Caching disabled for task ':react-native-firebase_app:bundleLibRuntimeToJarDebug' because:
  Build cache is disabled
  Simple merging task
Skipping task ':react-native-firebase_app:bundleLibRuntimeToJarDebug' as it is up-to-date.
work action resolve classes.jar (project :react-native-firebase_app) (Thread[Execution worker Thread 14,5,main]) started.
IdentityTransform (Thread[Execution worker Thread 14,5,main]) started.
Resolve mutations for :react-native-masked-view_masked-view:bundleLibRuntimeToJarDebug (Thread[Execution worker Thread 13,5,main]) started.
DexingNoClasspathTransform (Thread[Execution worker Thread 14,5,main]) started.
:react-native-masked-view_masked-view:bundleLibRuntimeToJarDebug (Thread[Execution worker Thread 3,5,main]) started.

> Transform classes.jar (project :react-native-firebase_messaging) with DexingNoClasspathTransform
Caching disabled for DexingNoClasspathTransform: D:\App\fc\app\node_modules\@react-native-firebase\messaging\android\build\intermediates\runtime_library_classes_jar\debug\bundleLibRuntimeToJarDebug\classes.jar because:
  Build cache is disabled
Skipping DexingNoClasspathTransform: D:\App\fc\app\node_modules\@react-native-firebase\messaging\android\build\intermediates\runtime_library_classes_jar\debug\bundleLibRuntimeToJarDebug\classes.jar as it is up-to-date.
DexingOutputSplitTransform (Thread[Execution worker,5,main]) started.

> Task :react-native-masked-view_masked-view:bundleLibRuntimeToJarDebug UP-TO-DATE
Caching disabled for task ':react-native-masked-view_masked-view:bundleLibRuntimeToJarDebug' because:
  Build cache is disabled
  Simple merging task
Skipping task ':react-native-masked-view_masked-view:bundleLibRuntimeToJarDebug' as it is up-to-date.
work action resolve classes.jar (project :react-native-masked-view_masked-view) (Thread[Execution worker Thread 3,5,main]) started.
Resolve mutations for :sentry_react-native:bundleLibRuntimeToJarDebug (Thread[Execution worker Thread 12,5,main]) started.
IdentityTransform (Thread[Execution worker Thread 3,5,main]) started.
DexingNoClasspathTransform (Thread[Execution worker Thread 3,5,main]) started.
:sentry_react-native:bundleLibRuntimeToJarDebug (Thread[Execution worker Thread 12,5,main]) started.

> Transform classes.jar (project :react-native-firebase_app) with DexingNoClasspathTransform
Caching disabled for DexingNoClasspathTransform: D:\App\fc\app\node_modules\@react-native-firebase\app\android\build\intermediates\runtime_library_classes_jar\debug\bundleLibRuntimeToJarDebug\classes.jar because:
  Build cache is disabled
Skipping DexingNoClasspathTransform: D:\App\fc\app\node_modules\@react-native-firebase\app\android\build\intermediates\runtime_library_classes_jar\debug\bundleLibRuntimeToJarDebug\classes.jar as it is up-to-date.
DexingOutputSplitTransform (Thread[Execution worker Thread 14,5,main]) started.

> Task :sentry_react-native:bundleLibRuntimeToJarDebug UP-TO-DATE
Caching disabled for task ':sentry_react-native:bundleLibRuntimeToJarDebug' because:
  Build cache is disabled
  Simple merging task
Skipping task ':sentry_react-native:bundleLibRuntimeToJarDebug' as it is up-to-date.
work action resolve classes.jar (project :sentry_react-native) (Thread[Execution worker Thread 12,5,main]) started.
IdentityTransform (Thread[Execution worker Thread 9,5,main]) started.
Resolve mutations for :react-native-blob-util:bundleLibRuntimeToJarDebug (Thread[Execution worker Thread 12,5,main]) started.
DexingNoClasspathTransform (Thread[Execution worker Thread 15,5,main]) started.
:react-native-blob-util:bundleLibRuntimeToJarDebug (Thread[Execution worker Thread 12,5,main]) started.

> Transform classes.jar (project :react-native-masked-view_masked-view) with DexingNoClasspathTransform
Caching disabled for DexingNoClasspathTransform: D:\App\fc\app\node_modules\@react-native-masked-view\masked-view\android\build\intermediates\runtime_library_classes_jar\debug\bundleLibRuntimeToJarDebug\classes.jar because:
  Build cache is disabled
Skipping DexingNoClasspathTransform: D:\App\fc\app\node_modules\@react-native-masked-view\masked-view\android\build\intermediates\runtime_library_classes_jar\debug\bundleLibRuntimeToJarDebug\classes.jar as it is up-to-date.
DexingOutputSplitTransform (Thread[Execution worker Thread 3,5,main]) started.

> Task :react-native-blob-util:bundleLibRuntimeToJarDebug UP-TO-DATE
Caching disabled for task ':react-native-blob-util:bundleLibRuntimeToJarDebug' because:
  Build cache is disabled
  Simple merging task
Skipping task ':react-native-blob-util:bundleLibRuntimeToJarDebug' as it is up-to-date.
work action resolve classes.jar (project :react-native-blob-util) (Thread[Execution worker Thread 12,5,main]) started.
IdentityTransform (Thread[Execution worker Thread 10,5,main]) started.
Resolve mutations for :react-native-device-info:bundleLibRuntimeToJarDebug (Thread[Execution worker Thread 12,5,main]) started.
DexingNoClasspathTransform (Thread[included builds,5,main]) started.
:react-native-device-info:bundleLibRuntimeToJarDebug (Thread[Execution worker Thread 8,5,main]) started.

> Transform classes.jar (project :sentry_react-native) with DexingNoClasspathTransform
Caching disabled for DexingNoClasspathTransform: D:\App\fc\app\node_modules\@sentry\react-native\android\build\intermediates\runtime_library_classes_jar\debug\bundleLibRuntimeToJarDebug\classes.jar because:
  Build cache is disabled
Skipping DexingNoClasspathTransform: D:\App\fc\app\node_modules\@sentry\react-native\android\build\intermediates\runtime_library_classes_jar\debug\bundleLibRuntimeToJarDebug\classes.jar as it is up-to-date.
DexingOutputSplitTransform (Thread[Execution worker Thread 15,5,main]) started.

> Task :react-native-device-info:bundleLibRuntimeToJarDebug UP-TO-DATE
Caching disabled for task ':react-native-device-info:bundleLibRuntimeToJarDebug' because:
  Build cache is disabled
  Simple merging task
Skipping task ':react-native-device-info:bundleLibRuntimeToJarDebug' as it is up-to-date.
work action resolve classes.jar (project :react-native-device-info) (Thread[Execution worker Thread 9,5,main]) started.
IdentityTransform (Thread[Execution worker Thread 6,5,main]) started.
Resolve mutations for :react-native-image-crop-picker:bundleLibRuntimeToJarDebug (Thread[Execution worker Thread 9,5,main]) started.
DexingNoClasspathTransform (Thread[Execution worker Thread 3,5,main]) started.
:react-native-image-crop-picker:bundleLibRuntimeToJarDebug (Thread[Execution worker Thread 15,5,main]) started.

> Transform classes.jar (project :react-native-blob-util) with DexingNoClasspathTransform
Caching disabled for DexingNoClasspathTransform: D:\App\fc\app\node_modules\react-native-blob-util\android\build\intermediates\runtime_library_classes_jar\debug\bundleLibRuntimeToJarDebug\classes.jar because:
  Build cache is disabled
Skipping DexingNoClasspathTransform: D:\App\fc\app\node_modules\react-native-blob-util\android\build\intermediates\runtime_library_classes_jar\debug\bundleLibRuntimeToJarDebug\classes.jar as it is up-to-date.
DexingOutputSplitTransform (Thread[included builds,5,main]) started.

> Task :react-native-image-crop-picker:bundleLibRuntimeToJarDebug UP-TO-DATE
Caching disabled for task ':react-native-image-crop-picker:bundleLibRuntimeToJarDebug' because:
  Build cache is disabled
  Simple merging task
Skipping task ':react-native-image-crop-picker:bundleLibRuntimeToJarDebug' as it is up-to-date.
work action resolve classes.jar (project :react-native-image-crop-picker) (Thread[Execution worker Thread 15,5,main]) started.
IdentityTransform (Thread[Execution worker Thread 15,5,main]) started.
Resolve mutations for :react-native-linear-gradient:bundleLibRuntimeToJarDebug (Thread[Execution worker Thread 9,5,main]) started.
:react-native-linear-gradient:bundleLibRuntimeToJarDebug (Thread[Execution worker Thread 9,5,main]) started.
DexingNoClasspathTransform (Thread[Execution worker Thread 15,5,main]) started.

> Transform classes.jar (project :react-native-device-info) with DexingNoClasspathTransform
Caching disabled for DexingNoClasspathTransform: D:\App\fc\app\node_modules\react-native-device-info\android\build\intermediates\runtime_library_classes_jar\debug\bundleLibRuntimeToJarDebug\classes.jar because:
  Build cache is disabled
Skipping DexingNoClasspathTransform: D:\App\fc\app\node_modules\react-native-device-info\android\build\intermediates\runtime_library_classes_jar\debug\bundleLibRuntimeToJarDebug\classes.jar as it is up-to-date.
DexingOutputSplitTransform (Thread[Execution worker Thread 3,5,main]) started.

> Task :react-native-linear-gradient:bundleLibRuntimeToJarDebug UP-TO-DATE
Caching disabled for task ':react-native-linear-gradient:bundleLibRuntimeToJarDebug' because:
  Build cache is disabled
  Simple merging task
Skipping task ':react-native-linear-gradient:bundleLibRuntimeToJarDebug' as it is up-to-date.
work action resolve classes.jar (project :react-native-linear-gradient) (Thread[Execution worker Thread 9,5,main]) started.
Resolve mutations for :react-native-maps:bundleLibRuntimeToJarDebug (Thread[Execution worker Thread 9,5,main]) started.
IdentityTransform (Thread[Execution worker Thread 11,5,main]) started.
DexingNoClasspathTransform (Thread[Execution worker Thread 11,5,main]) started.
:react-native-maps:bundleLibRuntimeToJarDebug (Thread[Execution worker Thread 9,5,main]) started.

> Transform classes.jar (project :react-native-image-crop-picker) with DexingNoClasspathTransform
Caching disabled for DexingNoClasspathTransform: D:\App\fc\app\node_modules\react-native-image-crop-picker\android\build\intermediates\runtime_library_classes_jar\debug\bundleLibRuntimeToJarDebug\classes.jar because:
  Build cache is disabled
Skipping DexingNoClasspathTransform: D:\App\fc\app\node_modules\react-native-image-crop-picker\android\build\intermediates\runtime_library_classes_jar\debug\bundleLibRuntimeToJarDebug\classes.jar as it is up-to-date.
DexingOutputSplitTransform (Thread[Execution worker Thread 15,5,main]) started.

> Task :react-native-maps:bundleLibRuntimeToJarDebug UP-TO-DATE
Caching disabled for task ':react-native-maps:bundleLibRuntimeToJarDebug' because:
  Build cache is disabled
  Simple merging task
Skipping task ':react-native-maps:bundleLibRuntimeToJarDebug' as it is up-to-date.
work action resolve classes.jar (project :react-native-maps) (Thread[Execution worker Thread 9,5,main]) started.
IdentityTransform (Thread[Execution worker Thread 9,5,main]) started.
Resolve mutations for :react-native-mmkv:bundleLibRuntimeToJarDebug (Thread[Execution worker,5,main]) started.
DexingNoClasspathTransform (Thread[Execution worker Thread 3,5,main]) started.
:react-native-mmkv:bundleLibRuntimeToJarDebug (Thread[Execution worker Thread 8,5,main]) started.

> Transform classes.jar (project :react-native-linear-gradient) with DexingNoClasspathTransform
Caching disabled for DexingNoClasspathTransform: D:\App\fc\app\node_modules\react-native-linear-gradient\android\build\intermediates\runtime_library_classes_jar\debug\bundleLibRuntimeToJarDebug\classes.jar because:
  Build cache is disabled
Skipping DexingNoClasspathTransform: D:\App\fc\app\node_modules\react-native-linear-gradient\android\build\intermediates\runtime_library_classes_jar\debug\bundleLibRuntimeToJarDebug\classes.jar as it is up-to-date.
DexingOutputSplitTransform (Thread[Execution worker Thread 11,5,main]) started.

> Task :react-native-mmkv:bundleLibRuntimeToJarDebug UP-TO-DATE
Caching disabled for task ':react-native-mmkv:bundleLibRuntimeToJarDebug' because:
  Build cache is disabled
  Simple merging task
Skipping task ':react-native-mmkv:bundleLibRuntimeToJarDebug' as it is up-to-date.
work action resolve classes.jar (project :react-native-mmkv) (Thread[Execution worker Thread 8,5,main]) started.
Resolve mutations for :react-native-reanimated:bundleLibRuntimeToJarDebug (Thread[Execution worker Thread 9,5,main]) started.
IdentityTransform (Thread[Execution worker Thread 8,5,main]) started.
:react-native-reanimated:bundleLibRuntimeToJarDebug (Thread[Execution worker Thread 9,5,main]) started.
DexingNoClasspathTransform (Thread[Execution worker Thread 8,5,main]) started.

> Task :react-native-reanimated:bundleLibRuntimeToJarDebug UP-TO-DATE
Caching disabled for task ':react-native-reanimated:bundleLibRuntimeToJarDebug' because:
  Build cache is disabled
  Simple merging task
Skipping task ':react-native-reanimated:bundleLibRuntimeToJarDebug' as it is up-to-date.
work action resolve classes.jar (project :react-native-reanimated) (Thread[Execution worker Thread 9,5,main]) started.
Resolve mutations for :react-native-view-shot:bundleLibRuntimeToJarDebug (Thread[Execution worker Thread 10,5,main]) started.

> Transform classes.jar (project :react-native-maps) with DexingNoClasspathTransform
Caching disabled for DexingNoClasspathTransform: D:\App\fc\app\node_modules\react-native-maps\android\build\intermediates\runtime_library_classes_jar\debug\bundleLibRuntimeToJarDebug\classes.jar because:
  Build cache is disabled
Skipping DexingNoClasspathTransform: D:\App\fc\app\node_modules\react-native-maps\android\build\intermediates\runtime_library_classes_jar\debug\bundleLibRuntimeToJarDebug\classes.jar as it is up-to-date.
DexingOutputSplitTransform (Thread[Execution worker Thread 3,5,main]) started.
IdentityTransform (Thread[Execution worker Thread 9,5,main]) started.

> Transform classes.jar (project :react-native-mmkv) with DexingNoClasspathTransform
Caching disabled for DexingNoClasspathTransform: D:\App\fc\app\node_modules\react-native-mmkv\android\build\intermediates\runtime_library_classes_jar\debug\bundleLibRuntimeToJarDebug\classes.jar because:
  Build cache is disabled
Skipping DexingNoClasspathTransform: D:\App\fc\app\node_modules\react-native-mmkv\android\build\intermediates\runtime_library_classes_jar\debug\bundleLibRuntimeToJarDebug\classes.jar as it is up-to-date.
:react-native-view-shot:bundleLibRuntimeToJarDebug (Thread[Execution worker Thread 10,5,main]) started.
DexingOutputSplitTransform (Thread[Execution worker Thread 3,5,main]) started.
DexingNoClasspathTransform (Thread[Execution worker Thread 4,5,main]) started.

> Task :react-native-view-shot:bundleLibRuntimeToJarDebug UP-TO-DATE
Caching disabled for task ':react-native-view-shot:bundleLibRuntimeToJarDebug' because:
  Build cache is disabled
  Simple merging task
Skipping task ':react-native-view-shot:bundleLibRuntimeToJarDebug' as it is up-to-date.
work action resolve classes.jar (project :react-native-view-shot) (Thread[Execution worker Thread 10,5,main]) started.
Resolve mutations for :app:processStagingDebugJavaRes (Thread[Execution worker Thread 10,5,main]) started.
IdentityTransform (Thread[Execution worker Thread 6,5,main]) started.
:app:processStagingDebugJavaRes (Thread[Execution worker Thread 10,5,main]) started.
DexingNoClasspathTransform (Thread[Execution worker Thread 11,5,main]) started.

> Transform classes.jar (project :react-native-reanimated) with DexingNoClasspathTransform
Caching disabled for DexingNoClasspathTransform: D:\App\fc\app\node_modules\react-native-reanimated\android\build\intermediates\runtime_library_classes_jar\debug\bundleLibRuntimeToJarDebug\classes.jar because:
  Build cache is disabled
Skipping DexingNoClasspathTransform: D:\App\fc\app\node_modules\react-native-reanimated\android\build\intermediates\runtime_library_classes_jar\debug\bundleLibRuntimeToJarDebug\classes.jar as it is up-to-date.
DexingOutputSplitTransform (Thread[Execution worker Thread 4,5,main]) started.

> Transform classes.jar (project :react-native-view-shot) with DexingNoClasspathTransform
Caching disabled for DexingNoClasspathTransform: D:\App\fc\app\node_modules\react-native-view-shot\android\build\intermediates\runtime_library_classes_jar\debug\bundleLibRuntimeToJarDebug\classes.jar because:
  Build cache is disabled
Skipping DexingNoClasspathTransform: D:\App\fc\app\node_modules\react-native-view-shot\android\build\intermediates\runtime_library_classes_jar\debug\bundleLibRuntimeToJarDebug\classes.jar as it is up-to-date.
DexingOutputSplitTransform (Thread[Execution worker Thread 11,5,main]) started.

> Task :app:processStagingDebugJavaRes UP-TO-DATE
file or directory 'D:\App\fc\app\android\app\src\main\resources', not found
file or directory 'D:\App\fc\app\android\app\src\staging\resources', not found
file or directory 'D:\App\fc\app\android\app\src\debug\resources', not found
file or directory 'D:\App\fc\app\android\app\src\stagingDebug\resources', not found
file or directory 'D:\App\fc\app\android\app\src\main\resources', not found
file or directory 'D:\App\fc\app\android\app\src\staging\resources', not found
file or directory 'D:\App\fc\app\android\app\src\debug\resources', not found
file or directory 'D:\App\fc\app\android\app\src\stagingDebug\resources', not found
Caching disabled for task ':app:processStagingDebugJavaRes' because:
  Build cache is disabled
  Caching has been disabled for the task
Skipping task ':app:processStagingDebugJavaRes' as it is up-to-date.
Resolve mutations for :app:mergeStagingDebugGlobalSynthetics (Thread[Execution worker Thread 10,5,main]) started.
:app:mergeStagingDebugGlobalSynthetics (Thread[Execution worker Thread 8,5,main]) started.

> Task :app:mergeStagingDebugGlobalSynthetics UP-TO-DATE
Caching disabled for task ':app:mergeStagingDebugGlobalSynthetics' because:
  Build cache is disabled
Skipping task ':app:mergeStagingDebugGlobalSynthetics' as it is up-to-date.
Resolve mutations for :notifee_react-native:processDebugJavaRes (Thread[Execution worker Thread 8,5,main]) started.
:notifee_react-native:processDebugJavaRes (Thread[Execution worker Thread 7,5,main]) started.

> Task :notifee_react-native:processDebugJavaRes NO-SOURCE
file or directory 'D:\App\fc\app\node_modules\@notifee\react-native\android\src\main\resources', not found
file or directory 'D:\App\fc\app\node_modules\@notifee\react-native\android\src\debug\resources', not found
Skipping task ':notifee_react-native:processDebugJavaRes' as it has no source files and no previous output files.
work action resolve out (project :notifee_react-native) (Thread[Execution worker Thread 7,5,main]) started.
Resolve mutations for :react-native-async-storage_async-storage:processDebugJavaRes (Thread[included builds,5,main]) started.
:react-native-async-storage_async-storage:processDebugJavaRes (Thread[included builds,5,main]) started.

> Task :react-native-async-storage_async-storage:processDebugJavaRes NO-SOURCE
file or directory 'D:\App\fc\app\node_modules\@react-native-async-storage\async-storage\android\src\main\resources', not found
file or directory 'D:\App\fc\app\node_modules\@react-native-async-storage\async-storage\android\src\debug\resources', not found
Skipping task ':react-native-async-storage_async-storage:processDebugJavaRes' as it has no source files and no previous output files.
work action resolve out (project :react-native-async-storage_async-storage) (Thread[included builds,5,main]) started.
Resolve mutations for :react-native-blob-util:processDebugJavaRes (Thread[included builds,5,main]) started.
:react-native-blob-util:processDebugJavaRes (Thread[included builds,5,main]) started.

> Task :react-native-blob-util:processDebugJavaRes NO-SOURCE
file or directory 'D:\App\fc\app\node_modules\react-native-blob-util\android\src\main\resources', not found
file or directory 'D:\App\fc\app\node_modules\react-native-blob-util\android\src\debug\resources', not found
Skipping task ':react-native-blob-util:processDebugJavaRes' as it has no source files and no previous output files.
work action resolve out (project :react-native-blob-util) (Thread[included builds,5,main]) started.
Resolve mutations for :react-native-community_blur:processDebugJavaRes (Thread[included builds,5,main]) started.
:react-native-community_blur:processDebugJavaRes (Thread[included builds,5,main]) started.

> Task :react-native-community_blur:processDebugJavaRes NO-SOURCE
file or directory 'D:\App\fc\app\node_modules\@react-native-community\blur\android\src\main\resources', not found
file or directory 'D:\App\fc\app\node_modules\@react-native-community\blur\android\src\debug\resources', not found
Skipping task ':react-native-community_blur:processDebugJavaRes' as it has no source files and no previous output files.
work action resolve out (project :react-native-community_blur) (Thread[included builds,5,main]) started.
Resolve mutations for :react-native-community_slider:processDebugJavaRes (Thread[included builds,5,main]) started.
:react-native-community_slider:processDebugJavaRes (Thread[Execution worker Thread 5,5,main]) started.

> Task :react-native-community_slider:processDebugJavaRes NO-SOURCE
file or directory 'D:\App\fc\app\node_modules\@react-native-community\slider\android\src\main\resources', not found
file or directory 'D:\App\fc\app\node_modules\@react-native-community\slider\android\src\debug\resources', not found
Skipping task ':react-native-community_slider:processDebugJavaRes' as it has no source files and no previous output files.
work action resolve out (project :react-native-community_slider) (Thread[Execution worker Thread 5,5,main]) started.
Resolve mutations for :react-native-device-info:processDebugJavaRes (Thread[Execution worker Thread 12,5,main]) started.
:react-native-device-info:processDebugJavaRes (Thread[Execution worker Thread 3,5,main]) started.

> Task :react-native-device-info:processDebugJavaRes NO-SOURCE
file or directory 'D:\App\fc\app\node_modules\react-native-device-info\android\src\main\resources', not found
file or directory 'D:\App\fc\app\node_modules\react-native-device-info\android\src\debug\resources', not found
Skipping task ':react-native-device-info:processDebugJavaRes' as it has no source files and no previous output files.
work action resolve out (project :react-native-device-info) (Thread[Execution worker Thread 3,5,main]) started.
Resolve mutations for :react-native-firebase_app:processDebugJavaRes (Thread[Execution worker Thread 5,5,main]) started.
:react-native-firebase_app:processDebugJavaRes (Thread[Execution worker Thread 13,5,main]) started.

> Task :react-native-firebase_app:processDebugJavaRes NO-SOURCE
file or directory 'D:\App\fc\app\node_modules\@react-native-firebase\app\android\src\main\resources', not found
file or directory 'D:\App\fc\app\node_modules\@react-native-firebase\app\android\src\debug\resources', not found
Skipping task ':react-native-firebase_app:processDebugJavaRes' as it has no source files and no previous output files.
work action resolve out (project :react-native-firebase_app) (Thread[Execution worker Thread 13,5,main]) started.
Resolve mutations for :react-native-firebase_auth:processDebugJavaRes (Thread[Execution worker Thread 13,5,main]) started.
:react-native-firebase_auth:processDebugJavaRes (Thread[Execution worker Thread 6,5,main]) started.

> Task :react-native-firebase_auth:processDebugJavaRes NO-SOURCE
file or directory 'D:\App\fc\app\node_modules\@react-native-firebase\auth\android\src\main\resources', not found
file or directory 'D:\App\fc\app\node_modules\@react-native-firebase\auth\android\src\debug\resources', not found
Skipping task ':react-native-firebase_auth:processDebugJavaRes' as it has no source files and no previous output files.
work action resolve out (project :react-native-firebase_auth) (Thread[Execution worker Thread 6,5,main]) started.
Resolve mutations for :react-native-firebase_messaging:processDebugJavaRes (Thread[Execution worker Thread 6,5,main]) started.
:react-native-firebase_messaging:processDebugJavaRes (Thread[Execution worker Thread 6,5,main]) started.

> Task :react-native-firebase_messaging:processDebugJavaRes NO-SOURCE
file or directory 'D:\App\fc\app\node_modules\@react-native-firebase\messaging\android\src\main\resources', not found
file or directory 'D:\App\fc\app\node_modules\@react-native-firebase\messaging\android\src\debug\resources', not found
Skipping task ':react-native-firebase_messaging:processDebugJavaRes' as it has no source files and no previous output files.
work action resolve out (project :react-native-firebase_messaging) (Thread[Execution worker Thread 6,5,main]) started.
Resolve mutations for :react-native-gesture-handler:processDebugJavaRes (Thread[Execution worker Thread 7,5,main]) started.
:react-native-gesture-handler:processDebugJavaRes (Thread[Execution worker Thread 7,5,main]) started.

> Task :react-native-gesture-handler:processDebugJavaRes UP-TO-DATE
file or directory 'D:\App\fc\app\node_modules\react-native-gesture-handler\android\src\main\resources', not found
file or directory 'D:\App\fc\app\node_modules\react-native-gesture-handler\android\src\debug\resources', not found
file or directory 'D:\App\fc\app\node_modules\react-native-gesture-handler\android\src\main\resources', not found
file or directory 'D:\App\fc\app\node_modules\react-native-gesture-handler\android\src\debug\resources', not found
Caching disabled for task ':react-native-gesture-handler:processDebugJavaRes' because:
  Build cache is disabled
  Caching has been disabled for the task
Skipping task ':react-native-gesture-handler:processDebugJavaRes' as it is up-to-date.
work action resolve out (project :react-native-gesture-handler) (Thread[Execution worker Thread 7,5,main]) started.
Resolve mutations for :react-native-image-crop-picker:processDebugJavaRes (Thread[Execution worker Thread 7,5,main]) started.
:react-native-image-crop-picker:processDebugJavaRes (Thread[Execution worker Thread 5,5,main]) started.

> Task :react-native-image-crop-picker:processDebugJavaRes NO-SOURCE
file or directory 'D:\App\fc\app\node_modules\react-native-image-crop-picker\android\src\main\resources', not found
file or directory 'D:\App\fc\app\node_modules\react-native-image-crop-picker\android\src\debug\resources', not found
Skipping task ':react-native-image-crop-picker:processDebugJavaRes' as it has no source files and no previous output files.
work action resolve out (project :react-native-image-crop-picker) (Thread[Execution worker Thread 5,5,main]) started.
Resolve mutations for :react-native-keyboard-controller:processDebugJavaRes (Thread[Execution worker Thread 5,5,main]) started.
:react-native-keyboard-controller:processDebugJavaRes (Thread[Execution worker Thread 5,5,main]) started.

> Task :react-native-keyboard-controller:processDebugJavaRes UP-TO-DATE
file or directory 'D:\App\fc\app\node_modules\react-native-keyboard-controller\android\src\main\resources', not found
file or directory 'D:\App\fc\app\node_modules\react-native-keyboard-controller\android\src\debug\resources', not found
file or directory 'D:\App\fc\app\node_modules\react-native-keyboard-controller\android\src\main\resources', not found
file or directory 'D:\App\fc\app\node_modules\react-native-keyboard-controller\android\src\debug\resources', not found
Caching disabled for task ':react-native-keyboard-controller:processDebugJavaRes' because:
  Build cache is disabled
  Caching has been disabled for the task
Skipping task ':react-native-keyboard-controller:processDebugJavaRes' as it is up-to-date.
work action resolve out (project :react-native-keyboard-controller) (Thread[Execution worker Thread 5,5,main]) started.
Resolve mutations for :react-native-linear-gradient:processDebugJavaRes (Thread[Execution worker Thread 4,5,main]) started.
:react-native-linear-gradient:processDebugJavaRes (Thread[Execution worker Thread 4,5,main]) started.

> Task :react-native-linear-gradient:processDebugJavaRes NO-SOURCE
file or directory 'D:\App\fc\app\node_modules\react-native-linear-gradient\android\src\main\resources', not found
file or directory 'D:\App\fc\app\node_modules\react-native-linear-gradient\android\src\debug\resources', not found
Skipping task ':react-native-linear-gradient:processDebugJavaRes' as it has no source files and no previous output files.
work action resolve out (project :react-native-linear-gradient) (Thread[Execution worker Thread 4,5,main]) started.
Resolve mutations for :react-native-maps:processDebugJavaRes (Thread[Execution worker Thread 14,5,main]) started.
:react-native-maps:processDebugJavaRes (Thread[Execution worker Thread 14,5,main]) started.

> Task :react-native-maps:processDebugJavaRes NO-SOURCE
file or directory 'D:\App\fc\app\node_modules\react-native-maps\android\src\main\resources', not found
file or directory 'D:\App\fc\app\node_modules\react-native-maps\android\src\debug\resources', not found
Skipping task ':react-native-maps:processDebugJavaRes' as it has no source files and no previous output files.
work action resolve out (project :react-native-maps) (Thread[Execution worker Thread 14,5,main]) started.
Resolve mutations for :react-native-masked-view_masked-view:processDebugJavaRes (Thread[Execution worker Thread 8,5,main]) started.
:react-native-masked-view_masked-view:processDebugJavaRes (Thread[Execution worker Thread 4,5,main]) started.

> Task :react-native-masked-view_masked-view:processDebugJavaRes NO-SOURCE
file or directory 'D:\App\fc\app\node_modules\@react-native-masked-view\masked-view\android\src\main\resources', not found
file or directory 'D:\App\fc\app\node_modules\@react-native-masked-view\masked-view\android\src\debug\resources', not found
Skipping task ':react-native-masked-view_masked-view:processDebugJavaRes' as it has no source files and no previous output files.
work action resolve out (project :react-native-masked-view_masked-view) (Thread[Execution worker Thread 4,5,main]) started.
Resolve mutations for :react-native-mmkv:processDebugJavaRes (Thread[Execution worker Thread 4,5,main]) started.
:react-native-mmkv:processDebugJavaRes (Thread[Execution worker Thread 11,5,main]) started.

> Task :react-native-mmkv:processDebugJavaRes NO-SOURCE
file or directory 'D:\App\fc\app\node_modules\react-native-mmkv\android\src\main\resources', not found
file or directory 'D:\App\fc\app\node_modules\react-native-mmkv\android\src\debug\resources', not found
Skipping task ':react-native-mmkv:processDebugJavaRes' as it has no source files and no previous output files.
work action resolve out (project :react-native-mmkv) (Thread[Execution worker Thread 11,5,main]) started.
Resolve mutations for :react-native-reanimated:processDebugJavaRes (Thread[Execution worker Thread 11,5,main]) started.
:react-native-reanimated:processDebugJavaRes (Thread[Execution worker Thread 11,5,main]) started.

> Task :react-native-reanimated:processDebugJavaRes NO-SOURCE
file or directory 'D:\App\fc\app\node_modules\react-native-reanimated\android\src\main\resources', not found
file or directory 'D:\App\fc\app\node_modules\react-native-reanimated\android\src\debug\resources', not found
Skipping task ':react-native-reanimated:processDebugJavaRes' as it has no source files and no previous output files.
work action resolve out (project :react-native-reanimated) (Thread[Execution worker Thread 11,5,main]) started.
Resolve mutations for :react-native-safe-area-context:processDebugJavaRes (Thread[Execution worker Thread 11,5,main]) started.
:react-native-safe-area-context:processDebugJavaRes (Thread[Execution worker Thread 11,5,main]) started.

> Task :react-native-safe-area-context:processDebugJavaRes UP-TO-DATE
file or directory 'D:\App\fc\app\node_modules\react-native-safe-area-context\android\src\main\resources', not found
file or directory 'D:\App\fc\app\node_modules\react-native-safe-area-context\android\src\debug\resources', not found
file or directory 'D:\App\fc\app\node_modules\react-native-safe-area-context\android\src\main\resources', not found
file or directory 'D:\App\fc\app\node_modules\react-native-safe-area-context\android\src\debug\resources', not found
Caching disabled for task ':react-native-safe-area-context:processDebugJavaRes' because:
  Build cache is disabled
  Caching has been disabled for the task
Skipping task ':react-native-safe-area-context:processDebugJavaRes' as it is up-to-date.
work action resolve out (project :react-native-safe-area-context) (Thread[Execution worker Thread 11,5,main]) started.
Resolve mutations for :react-native-screens:processDebugJavaRes (Thread[Execution worker Thread 11,5,main]) started.
:react-native-screens:processDebugJavaRes (Thread[Execution worker Thread 11,5,main]) started.

> Task :react-native-screens:processDebugJavaRes UP-TO-DATE
file or directory 'D:\App\fc\app\node_modules\react-native-screens\android\src\main\resources', not found
file or directory 'D:\App\fc\app\node_modules\react-native-screens\android\src\debug\resources', not found
file or directory 'D:\App\fc\app\node_modules\react-native-screens\android\src\main\resources', not found
file or directory 'D:\App\fc\app\node_modules\react-native-screens\android\src\debug\resources', not found
Caching disabled for task ':react-native-screens:processDebugJavaRes' because:
  Build cache is disabled
  Caching has been disabled for the task
Skipping task ':react-native-screens:processDebugJavaRes' as it is up-to-date.
work action resolve out (project :react-native-screens) (Thread[Execution worker Thread 11,5,main]) started.
Resolve mutations for :react-native-view-shot:processDebugJavaRes (Thread[Execution worker Thread 15,5,main]) started.
:react-native-view-shot:processDebugJavaRes (Thread[Execution worker Thread 10,5,main]) started.

> Task :react-native-view-shot:processDebugJavaRes NO-SOURCE
file or directory 'D:\App\fc\app\node_modules\react-native-view-shot\android\src\main\resources', not found
file or directory 'D:\App\fc\app\node_modules\react-native-view-shot\android\src\debug\resources', not found
Skipping task ':react-native-view-shot:processDebugJavaRes' as it has no source files and no previous output files.
work action resolve out (project :react-native-view-shot) (Thread[Execution worker Thread 10,5,main]) started.
Resolve mutations for :sentry_react-native:processDebugJavaRes (Thread[Execution worker Thread 10,5,main]) started.
:sentry_react-native:processDebugJavaRes (Thread[Execution worker Thread 10,5,main]) started.

> Task :sentry_react-native:processDebugJavaRes NO-SOURCE
file or directory 'D:\App\fc\app\node_modules\@sentry\react-native\android\src\main\resources', not found
file or directory 'D:\App\fc\app\node_modules\@sentry\react-native\android\src\debug\resources', not found
Skipping task ':sentry_react-native:processDebugJavaRes' as it has no source files and no previous output files.
work action resolve out (project :sentry_react-native) (Thread[Execution worker Thread 10,5,main]) started.
Resolve mutations for :app:mergeStagingDebugJavaResource (Thread[Execution worker Thread 10,5,main]) started.
:app:mergeStagingDebugJavaResource (Thread[Execution worker Thread 9,5,main]) started.

> Task :app:mergeStagingDebugJavaResource UP-TO-DATE
Caching disabled for task ':app:mergeStagingDebugJavaResource' because:
  Build cache is disabled
  Caching has been disabled for the task
Skipping task ':app:mergeStagingDebugJavaResource' as it is up-to-date.
Resolve mutations for :react-native-reanimated:configureCMakeDebug[arm64-v8a] (Thread[Execution worker Thread 9,5,main]) started.
:react-native-reanimated:configureCMakeDebug[arm64-v8a] (Thread[Execution worker Thread 9,5,main]) started.

> Task :react-native-reanimated:configureCMakeDebug[arm64-v8a]
Custom actions are attached to task ':react-native-reanimated:configureCMakeDebug[arm64-v8a]'.
Caching disabled for task ':react-native-reanimated:configureCMakeDebug[arm64-v8a]' because:
  Build cache is disabled
  Caching has been disabled for the task
Task ':react-native-reanimated:configureCMakeDebug[arm64-v8a]' is not up-to-date because:
  Task.upToDateWhen is false.
C/C++: D:\App\fc\app\node_modules\react-native-reanimated\android\CMakeLists.txt debug|arm64-v8a : Start JSON generation. Platform version: 24 min SDK version: arm64-v8a
C/C++: D:\App\fc\app\node_modules\react-native-reanimated\android\CMakeLists.txt debug|arm64-v8a : JSON 'D:\App\fc\app\node_modules\react-native-reanimated\android\.cxx\Debug\5k8635l5\arm64-v8a\android_gradle_build.json' was up-to-date
C/C++: D:\App\fc\app\node_modules\react-native-reanimated\android\CMakeLists.txt debug|arm64-v8a : JSON generation completed without problems
C/C++: D:\App\fc\app\node_modules\react-native-reanimated\android\CMakeLists.txt debug|arm64-v8a : Writing build model to D:\App\fc\app\node_modules\react-native-reanimated\android\build\intermediates\cxx\Debug\5k8635l5\logs\arm64-v8a\build_model.json
Resolve mutations for :react-native-reanimated:configureCMakeDebug[armeabi-v7a] (Thread[Execution worker Thread 9,5,main]) started.
:react-native-reanimated:configureCMakeDebug[armeabi-v7a] (Thread[Execution worker Thread 14,5,main]) started.

> Task :react-native-reanimated:configureCMakeDebug[armeabi-v7a]
Custom actions are attached to task ':react-native-reanimated:configureCMakeDebug[armeabi-v7a]'.
Caching disabled for task ':react-native-reanimated:configureCMakeDebug[armeabi-v7a]' because:
  Build cache is disabled
  Caching has been disabled for the task
Task ':react-native-reanimated:configureCMakeDebug[armeabi-v7a]' is not up-to-date because:
  Task.upToDateWhen is false.
C/C++: D:\App\fc\app\node_modules\react-native-reanimated\android\CMakeLists.txt debug|armeabi-v7a : Start JSON generation. Platform version: 24 min SDK version: armeabi-v7a
C/C++: D:\App\fc\app\node_modules\react-native-reanimated\android\CMakeLists.txt debug|armeabi-v7a : JSON 'D:\App\fc\app\node_modules\react-native-reanimated\android\.cxx\Debug\5k8635l5\armeabi-v7a\android_gradle_build.json' was up-to-date
C/C++: D:\App\fc\app\node_modules\react-native-reanimated\android\CMakeLists.txt debug|armeabi-v7a : JSON generation completed without problems
C/C++: D:\App\fc\app\node_modules\react-native-reanimated\android\CMakeLists.txt debug|armeabi-v7a : Writing build model to D:\App\fc\app\node_modules\react-native-reanimated\android\build\intermediates\cxx\Debug\5k8635l5\logs\armeabi-v7a\build_model.json
Resolve mutations for :react-native-reanimated:configureCMakeDebug[x86] (Thread[Execution worker Thread 14,5,main]) started.
:react-native-reanimated:configureCMakeDebug[x86] (Thread[Execution worker Thread 14,5,main]) started.

> Task :react-native-reanimated:configureCMakeDebug[x86]
Custom actions are attached to task ':react-native-reanimated:configureCMakeDebug[x86]'.
Caching disabled for task ':react-native-reanimated:configureCMakeDebug[x86]' because:
  Build cache is disabled
  Caching has been disabled for the task
Task ':react-native-reanimated:configureCMakeDebug[x86]' is not up-to-date because:
  Task.upToDateWhen is false.
C/C++: D:\App\fc\app\node_modules\react-native-reanimated\android\CMakeLists.txt debug|x86 : Start JSON generation. Platform version: 24 min SDK version: x86
C/C++: D:\App\fc\app\node_modules\react-native-reanimated\android\CMakeLists.txt debug|x86 : JSON 'D:\App\fc\app\node_modules\react-native-reanimated\android\.cxx\Debug\5k8635l5\x86\android_gradle_build.json' was up-to-date
C/C++: D:\App\fc\app\node_modules\react-native-reanimated\android\CMakeLists.txt debug|x86 : JSON generation completed without problems
C/C++: D:\App\fc\app\node_modules\react-native-reanimated\android\CMakeLists.txt debug|x86 : Writing build model to D:\App\fc\app\node_modules\react-native-reanimated\android\build\intermediates\cxx\Debug\5k8635l5\logs\x86\build_model.json
Resolve mutations for :react-native-reanimated:configureCMakeDebug[x86_64] (Thread[Execution worker Thread 14,5,main]) started.
:react-native-reanimated:configureCMakeDebug[x86_64] (Thread[Execution worker Thread 14,5,main]) started.

> Task :react-native-reanimated:configureCMakeDebug[x86_64]
Custom actions are attached to task ':react-native-reanimated:configureCMakeDebug[x86_64]'.
Caching disabled for task ':react-native-reanimated:configureCMakeDebug[x86_64]' because:
  Build cache is disabled
  Caching has been disabled for the task
Task ':react-native-reanimated:configureCMakeDebug[x86_64]' is not up-to-date because:
  Task.upToDateWhen is false.
C/C++: D:\App\fc\app\node_modules\react-native-reanimated\android\CMakeLists.txt debug|x86_64 : Start JSON generation. Platform version: 24 min SDK version: x86_64
C/C++: D:\App\fc\app\node_modules\react-native-reanimated\android\CMakeLists.txt debug|x86_64 : JSON 'D:\App\fc\app\node_modules\react-native-reanimated\android\.cxx\Debug\5k8635l5\x86_64\android_gradle_build.json' was up-to-date
C/C++: D:\App\fc\app\node_modules\react-native-reanimated\android\CMakeLists.txt debug|x86_64 : JSON generation completed without problems
C/C++: D:\App\fc\app\node_modules\react-native-reanimated\android\CMakeLists.txt debug|x86_64 : Writing build model to D:\App\fc\app\node_modules\react-native-reanimated\android\build\intermediates\cxx\Debug\5k8635l5\logs\x86_64\build_model.json
Resolve mutations for :react-native-reanimated:generateJsonModelDebug (Thread[Execution worker Thread 14,5,main]) started.
:react-native-reanimated:generateJsonModelDebug (Thread[Execution worker,5,main]) started.

> Task :react-native-reanimated:generateJsonModelDebug
Skipping task ':react-native-reanimated:generateJsonModelDebug' as it has no actions.
Resolve mutations for :react-native-reanimated:prefabDebugConfigurePackage (Thread[Execution worker,5,main]) started.
:react-native-reanimated:prefabDebugConfigurePackage (Thread[Execution worker,5,main]) started.

> Task :react-native-reanimated:prefabDebugConfigurePackage UP-TO-DATE
Caching disabled for task ':react-native-reanimated:prefabDebugConfigurePackage' because:
  Build cache is disabled
  Caching has been disabled for the task
Skipping task ':react-native-reanimated:prefabDebugConfigurePackage' as it is up-to-date.
work action resolve prefab_publication.json (project :react-native-reanimated) (Thread[Execution worker,5,main]) started.
Resolve mutations for :app:configureCMakeDebug[arm64-v8a] (Thread[Execution worker,5,main]) started.
:app:configureCMakeDebug[arm64-v8a] (Thread[Execution worker Thread 2,5,main]) started.

> Task :app:configureCMakeDebug[arm64-v8a]
Caching disabled for task ':app:configureCMakeDebug[arm64-v8a]' because:
  Build cache is disabled
  Caching has been disabled for the task
Task ':app:configureCMakeDebug[arm64-v8a]' is not up-to-date because:
  Task.upToDateWhen is false.
C/C++: D:\App\fc\app\node_modules\react-native\ReactAndroid\cmake-utils\default-app-setup\CMakeLists.txt stagingDebug|arm64-v8a : Start JSON generation. Platform version: 24 min SDK version: arm64-v8a
C/C++: D:\App\fc\app\node_modules\react-native\ReactAndroid\cmake-utils\default-app-setup\CMakeLists.txt stagingDebug|arm64-v8a : JSON 'D:\App\fc\app\android\app\.cxx\Debug\5r1w6o1f\arm64-v8a\android_gradle_build.json' was up-to-date
C/C++: D:\App\fc\app\node_modules\react-native\ReactAndroid\cmake-utils\default-app-setup\CMakeLists.txt stagingDebug|arm64-v8a : JSON generation completed without problems
C/C++: D:\App\fc\app\node_modules\react-native\ReactAndroid\cmake-utils\default-app-setup\CMakeLists.txt stagingDebug|arm64-v8a : Writing build model to D:\App\fc\app\android\app\build\intermediates\cxx\Debug\5r1w6o1f\logs\arm64-v8a\build_model.json
Resolve mutations for :react-native-reanimated:buildCMakeDebug[arm64-v8a][reanimated,worklets] (Thread[Execution worker Thread 2,5,main]) started.
:react-native-reanimated:buildCMakeDebug[arm64-v8a][reanimated,worklets] (Thread[Execution worker Thread 2,5,main]) started.

> Task :react-native-reanimated:buildCMakeDebug[arm64-v8a][reanimated,worklets]
Caching disabled for task ':react-native-reanimated:buildCMakeDebug[arm64-v8a][reanimated,worklets]' because:
  Build cache is disabled
  Caching has been disabled for the task
Task ':react-native-reanimated:buildCMakeDebug[arm64-v8a][reanimated,worklets]' is not up-to-date because:
  Task.upToDateWhen is false.
C/C++: starting build
C/C++: reading expected JSONs
C/C++: done reading expected JSONs
C/C++: executing build commands for targets: 'worklets, reanimated'
C/C++: evaluate miniconfig
C/C++: evaluate library worklets (arm64-v8a)
C/C++: evaluate library reanimated (arm64-v8a)
C/C++: about to build targets reanimated, worklets
C/C++: Build multiple targets worklets_arm64-v8a reanimated_arm64-v8a
C/C++: @echo off
"C:\\Users\\adelf\\AppData\\Local\\Android\\Sdk\\cmake\\3.22.1\\bin\\ninja.exe" ^
  -C ^
  "D:\\App\\fc\\app\\node_modules\\react-native-reanimated\\android\\.cxx\\Debug\\5k8635l5\\arm64-v8a" ^
  reanimated ^
  worklets

Starting process 'command 'C:\Users\adelf\AppData\Local\Android\Sdk\cmake\3.22.1\bin\ninja.exe''. Working directory: D:\App\fc\app\android Command: C:\Users\adelf\AppData\Local\Android\Sdk\cmake\3.22.1\bin\ninja.exe -C D:\App\fc\app\node_modules\react-native-reanimated\android\.cxx\Debug\5k8635l5\arm64-v8a reanimated worklets
Successfully started process 'command 'C:\Users\adelf\AppData\Local\Android\Sdk\cmake\3.22.1\bin\ninja.exe''
C/C++: Received process result: 0
C/C++: check expected build outputs
C/C++: build complete
Resolve mutations for :react-native-reanimated:buildCMakeDebug[armeabi-v7a][reanimated,worklets] (Thread[Execution worker Thread 2,5,main]) started.
:react-native-reanimated:buildCMakeDebug[armeabi-v7a][reanimated,worklets] (Thread[Execution worker Thread 2,5,main]) started.

> Task :react-native-reanimated:buildCMakeDebug[armeabi-v7a][reanimated,worklets]
Caching disabled for task ':react-native-reanimated:buildCMakeDebug[armeabi-v7a][reanimated,worklets]' because:
  Build cache is disabled
  Caching has been disabled for the task
Task ':react-native-reanimated:buildCMakeDebug[armeabi-v7a][reanimated,worklets]' is not up-to-date because:
  Task.upToDateWhen is false.
C/C++: starting build
C/C++: reading expected JSONs
C/C++: done reading expected JSONs
C/C++: executing build commands for targets: 'worklets, reanimated'
C/C++: evaluate miniconfig
C/C++: evaluate library worklets (armeabi-v7a)
C/C++: evaluate library reanimated (armeabi-v7a)
C/C++: about to build targets reanimated, worklets
C/C++: Build multiple targets worklets_armeabi-v7a reanimated_armeabi-v7a
C/C++: @echo off
"C:\\Users\\adelf\\AppData\\Local\\Android\\Sdk\\cmake\\3.22.1\\bin\\ninja.exe" ^
  -C ^
  "D:\\App\\fc\\app\\node_modules\\react-native-reanimated\\android\\.cxx\\Debug\\5k8635l5\\armeabi-v7a" ^
  reanimated ^
  worklets

Starting process 'command 'C:\Users\adelf\AppData\Local\Android\Sdk\cmake\3.22.1\bin\ninja.exe''. Working directory: D:\App\fc\app\android Command: C:\Users\adelf\AppData\Local\Android\Sdk\cmake\3.22.1\bin\ninja.exe -C D:\App\fc\app\node_modules\react-native-reanimated\android\.cxx\Debug\5k8635l5\armeabi-v7a reanimated worklets
Successfully started process 'command 'C:\Users\adelf\AppData\Local\Android\Sdk\cmake\3.22.1\bin\ninja.exe''
C/C++: Received process result: 0
C/C++: check expected build outputs
C/C++: build complete
Resolve mutations for :react-native-reanimated:buildCMakeDebug[x86][reanimated,worklets] (Thread[Execution worker Thread 2,5,main]) started.
:react-native-reanimated:buildCMakeDebug[x86][reanimated,worklets] (Thread[Execution worker Thread 2,5,main]) started.

> Task :react-native-reanimated:buildCMakeDebug[x86][reanimated,worklets]
Caching disabled for task ':react-native-reanimated:buildCMakeDebug[x86][reanimated,worklets]' because:
  Build cache is disabled
  Caching has been disabled for the task
Task ':react-native-reanimated:buildCMakeDebug[x86][reanimated,worklets]' is not up-to-date because:
  Task.upToDateWhen is false.
C/C++: starting build
C/C++: reading expected JSONs
C/C++: done reading expected JSONs
C/C++: executing build commands for targets: 'worklets, reanimated'
C/C++: evaluate miniconfig
C/C++: evaluate library worklets (x86)
C/C++: evaluate library reanimated (x86)
C/C++: about to build targets reanimated, worklets
C/C++: Build multiple targets worklets_x86 reanimated_x86
C/C++: @echo off
"C:\\Users\\adelf\\AppData\\Local\\Android\\Sdk\\cmake\\3.22.1\\bin\\ninja.exe" ^
  -C ^
  "D:\\App\\fc\\app\\node_modules\\react-native-reanimated\\android\\.cxx\\Debug\\5k8635l5\\x86" ^
  reanimated ^
  worklets

Starting process 'command 'C:\Users\adelf\AppData\Local\Android\Sdk\cmake\3.22.1\bin\ninja.exe''. Working directory: D:\App\fc\app\android Command: C:\Users\adelf\AppData\Local\Android\Sdk\cmake\3.22.1\bin\ninja.exe -C D:\App\fc\app\node_modules\react-native-reanimated\android\.cxx\Debug\5k8635l5\x86 reanimated worklets
Successfully started process 'command 'C:\Users\adelf\AppData\Local\Android\Sdk\cmake\3.22.1\bin\ninja.exe''
C/C++: Received process result: 0
C/C++: check expected build outputs
C/C++: build complete
Resolve mutations for :react-native-reanimated:buildCMakeDebug[x86_64][reanimated,worklets] (Thread[Execution worker Thread 2,5,main]) started.
:react-native-reanimated:buildCMakeDebug[x86_64][reanimated,worklets] (Thread[Execution worker Thread 2,5,main]) started.

> Task :react-native-reanimated:buildCMakeDebug[x86_64][reanimated,worklets]
Caching disabled for task ':react-native-reanimated:buildCMakeDebug[x86_64][reanimated,worklets]' because:
  Build cache is disabled
  Caching has been disabled for the task
Task ':react-native-reanimated:buildCMakeDebug[x86_64][reanimated,worklets]' is not up-to-date because:
  Task.upToDateWhen is false.
C/C++: starting build
C/C++: reading expected JSONs
C/C++: done reading expected JSONs
C/C++: executing build commands for targets: 'worklets, reanimated'
C/C++: evaluate miniconfig
C/C++: evaluate library worklets (x86_64)
C/C++: evaluate library reanimated (x86_64)
C/C++: about to build targets reanimated, worklets
C/C++: Build multiple targets worklets_x86_64 reanimated_x86_64
C/C++: @echo off
"C:\\Users\\adelf\\AppData\\Local\\Android\\Sdk\\cmake\\3.22.1\\bin\\ninja.exe" ^
  -C ^
  "D:\\App\\fc\\app\\node_modules\\react-native-reanimated\\android\\.cxx\\Debug\\5k8635l5\\x86_64" ^
  reanimated ^
  worklets

Starting process 'command 'C:\Users\adelf\AppData\Local\Android\Sdk\cmake\3.22.1\bin\ninja.exe''. Working directory: D:\App\fc\app\android Command: C:\Users\adelf\AppData\Local\Android\Sdk\cmake\3.22.1\bin\ninja.exe -C D:\App\fc\app\node_modules\react-native-reanimated\android\.cxx\Debug\5k8635l5\x86_64 reanimated worklets
Successfully started process 'command 'C:\Users\adelf\AppData\Local\Android\Sdk\cmake\3.22.1\bin\ninja.exe''
C/C++: Received process result: 0
C/C++: check expected build outputs
C/C++: build complete
Resolve mutations for :react-native-reanimated:externalNativeBuildDebug (Thread[Execution worker Thread 2,5,main]) started.
:react-native-reanimated:externalNativeBuildDebug (Thread[Execution worker Thread 15,5,main]) started.

> Task :react-native-reanimated:externalNativeBuildDebug
Caching disabled for task ':react-native-reanimated:externalNativeBuildDebug' because:
  Build cache is disabled
  Caching has been disabled for the task
Task ':react-native-reanimated:externalNativeBuildDebug' is not up-to-date because:
  Task.upToDateWhen is false.
C/C++: link or copy build outputs to republish point
Resolve mutations for :react-native-reanimated:prefabDebugPackage (Thread[Execution worker Thread 15,5,main]) started.
:react-native-reanimated:prefabDebugPackage (Thread[Execution worker Thread 15,5,main]) started.

> Task :react-native-reanimated:prefabDebugPackage UP-TO-DATE
Caching disabled for task ':react-native-reanimated:prefabDebugPackage' because:
  Build cache is disabled
  Caching has been disabled for the task
Skipping task ':react-native-reanimated:prefabDebugPackage' as it is up-to-date.
work action resolve prefab (project :react-native-reanimated) (Thread[Execution worker Thread 15,5,main]) started.
Resolve mutations for :app:buildCMakeDebug[arm64-v8a] (Thread[Execution worker Thread 15,5,main]) started.
:app:buildCMakeDebug[arm64-v8a] (Thread[Execution worker Thread 15,5,main]) started.

> Task :app:buildCMakeDebug[arm64-v8a]
Caching disabled for task ':app:buildCMakeDebug[arm64-v8a]' because:
  Build cache is disabled
  Caching has been disabled for the task
Task ':app:buildCMakeDebug[arm64-v8a]' is not up-to-date because:
  Task.upToDateWhen is false.
C/C++: starting build
C/C++: reading expected JSONs
C/C++: done reading expected JSONs
C/C++: executing build commands for targets that produce .so files or executables
C/C++: evaluate miniconfig
C/C++: evaluate library react_codegen_RNCSlider (arm64-v8a)
C/C++: building target library react_codegen_RNCSlider because no targets are specified.
C/C++: evaluate library react_codegen_rnviewshot (arm64-v8a)
C/C++: not building target react_codegen_rnviewshot because no targets are specified and library build output file is null
C/C++: evaluate library react_codegen_safeareacontext (arm64-v8a)
C/C++: building target library react_codegen_safeareacontext because no targets are specified.
C/C++: evaluate library react_codegen_RNCImageCropPickerSpec (arm64-v8a)
C/C++: not building target react_codegen_RNCImageCropPickerSpec because no targets are specified and library build output file is null
C/C++: evaluate library react_codegen_rngesturehandler_codegen (arm64-v8a)
C/C++: not building target react_codegen_rngesturehandler_codegen because no targets are specified and library build output file is null
C/C++: evaluate library appmodules (arm64-v8a)
C/C++: building target library appmodules because no targets are specified.
C/C++: evaluate library react_codegen_ReactNativeBlobUtilSpec (arm64-v8a)
C/C++: not building target react_codegen_ReactNativeBlobUtilSpec because no targets are specified and library build output file is null
C/C++: evaluate library react_codegen_rnasyncstorage (arm64-v8a)
C/C++: not building target react_codegen_rnasyncstorage because no targets are specified and library build output file is null
C/C++: evaluate library react_codegen_reactnativekeyboardcontroller (arm64-v8a)
C/C++: building target library react_codegen_reactnativekeyboardcontroller because no targets are specified.
C/C++: evaluate library react_codegen_rnreanimated (arm64-v8a)
C/C++: not building target react_codegen_rnreanimated because no targets are specified and library build output file is null
C/C++: evaluate library core (arm64-v8a)
C/C++: not building target library core because static libraries are not build by default.
C/C++: evaluate library react_codegen_rnblurview (arm64-v8a)
C/C++: not building target react_codegen_rnblurview because no targets are specified and library build output file is null
C/C++: evaluate library react-native-mmkv (arm64-v8a)
C/C++: building target library react-native-mmkv because no targets are specified.
C/C++: evaluate library react_codegen_rnscreens (arm64-v8a)
C/C++: building target library react_codegen_rnscreens because no targets are specified.
C/C++: evaluate library react_codegen_RNSentrySpec (arm64-v8a)
C/C++: not building target react_codegen_RNSentrySpec because no targets are specified and library build output file is null
C/C++: evaluate library react_codegen_RNMmkvSpec (arm64-v8a)
C/C++: not building target react_codegen_RNMmkvSpec because no targets are specified and library build output file is null
C/C++: about to build targets appmodules, react-native-mmkv, react_codegen_RNCSlider, react_codegen_reactnativekeyboardcontroller, react_codegen_rnscreens, react_codegen_safeareacontext
C/C++: Build multiple targets react_codegen_RNCSlider_arm64-v8a react_codegen_safeareacontext_arm64-v8a appmodules_arm64-v8a react_codegen_reactnativekeyboardcontroller_arm64-v8a react-native-mmkv_arm64-v8a react_codegen_rnscreens_arm64-v8a
C/C++: @echo off
"C:\\Users\\adelf\\AppData\\Local\\Android\\Sdk\\cmake\\3.22.1\\bin\\ninja.exe" ^
  -C ^
  "D:\\App\\fc\\app\\android\\app\\.cxx\\Debug\\5r1w6o1f\\arm64-v8a" ^
  appmodules ^
  react-native-mmkv ^
  react_codegen_RNCSlider ^
  react_codegen_reactnativekeyboardcontroller ^
  react_codegen_rnscreens ^
  react_codegen_safeareacontext

Starting process 'command 'C:\Users\adelf\AppData\Local\Android\Sdk\cmake\3.22.1\bin\ninja.exe''. Working directory: D:\App\fc\app\android Command: C:\Users\adelf\AppData\Local\Android\Sdk\cmake\3.22.1\bin\ninja.exe -C D:\App\fc\app\android\app\.cxx\Debug\5r1w6o1f\arm64-v8a appmodules react-native-mmkv react_codegen_RNCSlider react_codegen_reactnativekeyboardcontroller react_codegen_rnscreens react_codegen_safeareacontext
Successfully started process 'command 'C:\Users\adelf\AppData\Local\Android\Sdk\cmake\3.22.1\bin\ninja.exe''
C/C++: Received process result: 0
C/C++: check expected build outputs
C/C++: build complete
Resolve mutations for :app:configureCMakeDebug[armeabi-v7a] (Thread[Execution worker Thread 15,5,main]) started.
:app:configureCMakeDebug[armeabi-v7a] (Thread[Execution worker Thread 15,5,main]) started.

> Task :app:configureCMakeDebug[armeabi-v7a]
Caching disabled for task ':app:configureCMakeDebug[armeabi-v7a]' because:
  Build cache is disabled
  Caching has been disabled for the task
Task ':app:configureCMakeDebug[armeabi-v7a]' is not up-to-date because:
  Task.upToDateWhen is false.
C/C++: D:\App\fc\app\node_modules\react-native\ReactAndroid\cmake-utils\default-app-setup\CMakeLists.txt stagingDebug|armeabi-v7a : Start JSON generation. Platform version: 24 min SDK version: armeabi-v7a
C/C++: D:\App\fc\app\node_modules\react-native\ReactAndroid\cmake-utils\default-app-setup\CMakeLists.txt stagingDebug|armeabi-v7a : JSON 'D:\App\fc\app\android\app\.cxx\Debug\5r1w6o1f\armeabi-v7a\android_gradle_build.json' was up-to-date
C/C++: D:\App\fc\app\node_modules\react-native\ReactAndroid\cmake-utils\default-app-setup\CMakeLists.txt stagingDebug|armeabi-v7a : JSON generation completed without problems
C/C++: D:\App\fc\app\node_modules\react-native\ReactAndroid\cmake-utils\default-app-setup\CMakeLists.txt stagingDebug|armeabi-v7a : Writing build model to D:\App\fc\app\android\app\build\intermediates\cxx\Debug\5r1w6o1f\logs\armeabi-v7a\build_model.json
Resolve mutations for :app:buildCMakeDebug[armeabi-v7a] (Thread[Execution worker Thread 15,5,main]) started.
:app:buildCMakeDebug[armeabi-v7a] (Thread[Execution worker Thread 7,5,main]) started.

> Task :app:buildCMakeDebug[armeabi-v7a]
Caching disabled for task ':app:buildCMakeDebug[armeabi-v7a]' because:
  Build cache is disabled
  Caching has been disabled for the task
Task ':app:buildCMakeDebug[armeabi-v7a]' is not up-to-date because:
  Task.upToDateWhen is false.
C/C++: starting build
C/C++: reading expected JSONs
C/C++: done reading expected JSONs
C/C++: executing build commands for targets that produce .so files or executables
C/C++: evaluate miniconfig
C/C++: evaluate library react_codegen_RNCSlider (armeabi-v7a)
C/C++: building target library react_codegen_RNCSlider because no targets are specified.
C/C++: evaluate library react_codegen_rnviewshot (armeabi-v7a)
C/C++: not building target react_codegen_rnviewshot because no targets are specified and library build output file is null
C/C++: evaluate library react_codegen_safeareacontext (armeabi-v7a)
C/C++: building target library react_codegen_safeareacontext because no targets are specified.
C/C++: evaluate library react_codegen_RNCImageCropPickerSpec (armeabi-v7a)
C/C++: not building target react_codegen_RNCImageCropPickerSpec because no targets are specified and library build output file is null
C/C++: evaluate library react_codegen_rngesturehandler_codegen (armeabi-v7a)
C/C++: not building target react_codegen_rngesturehandler_codegen because no targets are specified and library build output file is null
C/C++: evaluate library appmodules (armeabi-v7a)
C/C++: building target library appmodules because no targets are specified.
C/C++: evaluate library react_codegen_ReactNativeBlobUtilSpec (armeabi-v7a)
C/C++: not building target react_codegen_ReactNativeBlobUtilSpec because no targets are specified and library build output file is null
C/C++: evaluate library react_codegen_rnasyncstorage (armeabi-v7a)
C/C++: not building target react_codegen_rnasyncstorage because no targets are specified and library build output file is null
C/C++: evaluate library react_codegen_reactnativekeyboardcontroller (armeabi-v7a)
C/C++: building target library react_codegen_reactnativekeyboardcontroller because no targets are specified.
C/C++: evaluate library react_codegen_rnreanimated (armeabi-v7a)
C/C++: not building target react_codegen_rnreanimated because no targets are specified and library build output file is null
C/C++: evaluate library core (armeabi-v7a)
C/C++: not building target library core because static libraries are not build by default.
C/C++: evaluate library react_codegen_rnblurview (armeabi-v7a)
C/C++: not building target react_codegen_rnblurview because no targets are specified and library build output file is null
C/C++: evaluate library react-native-mmkv (armeabi-v7a)
C/C++: building target library react-native-mmkv because no targets are specified.
C/C++: evaluate library react_codegen_rnscreens (armeabi-v7a)
C/C++: building target library react_codegen_rnscreens because no targets are specified.
C/C++: evaluate library react_codegen_RNSentrySpec (armeabi-v7a)
C/C++: not building target react_codegen_RNSentrySpec because no targets are specified and library build output file is null
C/C++: evaluate library react_codegen_RNMmkvSpec (armeabi-v7a)
C/C++: not building target react_codegen_RNMmkvSpec because no targets are specified and library build output file is null
C/C++: about to build targets appmodules, react-native-mmkv, react_codegen_RNCSlider, react_codegen_reactnativekeyboardcontroller, react_codegen_rnscreens, react_codegen_safeareacontext
C/C++: Build multiple targets react_codegen_RNCSlider_armeabi-v7a react_codegen_safeareacontext_armeabi-v7a appmodules_armeabi-v7a react_codegen_reactnativekeyboardcontroller_armeabi-v7a react-native-mmkv_armeabi-v7a react_codegen_rnscreens_armeabi-v7a
C/C++: @echo off
"C:\\Users\\adelf\\AppData\\Local\\Android\\Sdk\\cmake\\3.22.1\\bin\\ninja.exe" ^
  -C ^
  "D:\\App\\fc\\app\\android\\app\\.cxx\\Debug\\5r1w6o1f\\armeabi-v7a" ^
  appmodules ^
  react-native-mmkv ^
  react_codegen_RNCSlider ^
  react_codegen_reactnativekeyboardcontroller ^
  react_codegen_rnscreens ^
  react_codegen_safeareacontext

Starting process 'command 'C:\Users\adelf\AppData\Local\Android\Sdk\cmake\3.22.1\bin\ninja.exe''. Working directory: D:\App\fc\app\android Command: C:\Users\adelf\AppData\Local\Android\Sdk\cmake\3.22.1\bin\ninja.exe -C D:\App\fc\app\android\app\.cxx\Debug\5r1w6o1f\armeabi-v7a appmodules react-native-mmkv react_codegen_RNCSlider react_codegen_reactnativekeyboardcontroller react_codegen_rnscreens react_codegen_safeareacontext
Successfully started process 'command 'C:\Users\adelf\AppData\Local\Android\Sdk\cmake\3.22.1\bin\ninja.exe''
C/C++: Received process result: 0
C/C++: check expected build outputs
C/C++: build complete
Resolve mutations for :app:configureCMakeDebug[x86] (Thread[Execution worker Thread 7,5,main]) started.
:app:configureCMakeDebug[x86] (Thread[Execution worker Thread 7,5,main]) started.

> Task :app:configureCMakeDebug[x86]
Caching disabled for task ':app:configureCMakeDebug[x86]' because:
  Build cache is disabled
  Caching has been disabled for the task
Task ':app:configureCMakeDebug[x86]' is not up-to-date because:
  Task.upToDateWhen is false.
C/C++: D:\App\fc\app\node_modules\react-native\ReactAndroid\cmake-utils\default-app-setup\CMakeLists.txt stagingDebug|x86 : Start JSON generation. Platform version: 24 min SDK version: x86
C/C++: D:\App\fc\app\node_modules\react-native\ReactAndroid\cmake-utils\default-app-setup\CMakeLists.txt stagingDebug|x86 : JSON 'D:\App\fc\app\android\app\.cxx\Debug\5r1w6o1f\x86\android_gradle_build.json' was up-to-date
C/C++: D:\App\fc\app\node_modules\react-native\ReactAndroid\cmake-utils\default-app-setup\CMakeLists.txt stagingDebug|x86 : JSON generation completed without problems
C/C++: D:\App\fc\app\node_modules\react-native\ReactAndroid\cmake-utils\default-app-setup\CMakeLists.txt stagingDebug|x86 : Writing build model to D:\App\fc\app\android\app\build\intermediates\cxx\Debug\5r1w6o1f\logs\x86\build_model.json
Resolve mutations for :app:buildCMakeDebug[x86] (Thread[Execution worker Thread 7,5,main]) started.
:app:buildCMakeDebug[x86] (Thread[Execution worker Thread 9,5,main]) started.

> Task :app:buildCMakeDebug[x86]
Caching disabled for task ':app:buildCMakeDebug[x86]' because:
  Build cache is disabled
  Caching has been disabled for the task
Task ':app:buildCMakeDebug[x86]' is not up-to-date because:
  Task.upToDateWhen is false.
C/C++: starting build
C/C++: reading expected JSONs
C/C++: done reading expected JSONs
C/C++: executing build commands for targets that produce .so files or executables
C/C++: evaluate miniconfig
C/C++: evaluate library react_codegen_RNCSlider (x86)
C/C++: building target library react_codegen_RNCSlider because no targets are specified.
C/C++: evaluate library react_codegen_rnviewshot (x86)
C/C++: not building target react_codegen_rnviewshot because no targets are specified and library build output file is null
C/C++: evaluate library react_codegen_safeareacontext (x86)
C/C++: building target library react_codegen_safeareacontext because no targets are specified.
C/C++: evaluate library react_codegen_RNCImageCropPickerSpec (x86)
C/C++: not building target react_codegen_RNCImageCropPickerSpec because no targets are specified and library build output file is null
C/C++: evaluate library react_codegen_rngesturehandler_codegen (x86)
C/C++: not building target react_codegen_rngesturehandler_codegen because no targets are specified and library build output file is null
C/C++: evaluate library appmodules (x86)
C/C++: building target library appmodules because no targets are specified.
C/C++: evaluate library react_codegen_ReactNativeBlobUtilSpec (x86)
C/C++: not building target react_codegen_ReactNativeBlobUtilSpec because no targets are specified and library build output file is null
C/C++: evaluate library react_codegen_rnasyncstorage (x86)
C/C++: not building target react_codegen_rnasyncstorage because no targets are specified and library build output file is null
C/C++: evaluate library react_codegen_reactnativekeyboardcontroller (x86)
C/C++: building target library react_codegen_reactnativekeyboardcontroller because no targets are specified.
C/C++: evaluate library react_codegen_rnreanimated (x86)
C/C++: not building target react_codegen_rnreanimated because no targets are specified and library build output file is null
C/C++: evaluate library core (x86)
C/C++: not building target library core because static libraries are not build by default.
C/C++: evaluate library react_codegen_rnblurview (x86)
C/C++: not building target react_codegen_rnblurview because no targets are specified and library build output file is null
C/C++: evaluate library react-native-mmkv (x86)
C/C++: building target library react-native-mmkv because no targets are specified.
C/C++: evaluate library react_codegen_rnscreens (x86)
C/C++: building target library react_codegen_rnscreens because no targets are specified.
C/C++: evaluate library react_codegen_RNSentrySpec (x86)
C/C++: not building target react_codegen_RNSentrySpec because no targets are specified and library build output file is null
C/C++: evaluate library react_codegen_RNMmkvSpec (x86)
C/C++: not building target react_codegen_RNMmkvSpec because no targets are specified and library build output file is null
C/C++: about to build targets appmodules, react-native-mmkv, react_codegen_RNCSlider, react_codegen_reactnativekeyboardcontroller, react_codegen_rnscreens, react_codegen_safeareacontext
C/C++: Build multiple targets react_codegen_RNCSlider_x86 react_codegen_safeareacontext_x86 appmodules_x86 react_codegen_reactnativekeyboardcontroller_x86 react-native-mmkv_x86 react_codegen_rnscreens_x86
C/C++: @echo off
"C:\\Users\\adelf\\AppData\\Local\\Android\\Sdk\\cmake\\3.22.1\\bin\\ninja.exe" ^
  -C ^
  "D:\\App\\fc\\app\\android\\app\\.cxx\\Debug\\5r1w6o1f\\x86" ^
  appmodules ^
  react-native-mmkv ^
  react_codegen_RNCSlider ^
  react_codegen_reactnativekeyboardcontroller ^
  react_codegen_rnscreens ^
  react_codegen_safeareacontext

Starting process 'command 'C:\Users\adelf\AppData\Local\Android\Sdk\cmake\3.22.1\bin\ninja.exe''. Working directory: D:\App\fc\app\android Command: C:\Users\adelf\AppData\Local\Android\Sdk\cmake\3.22.1\bin\ninja.exe -C D:\App\fc\app\android\app\.cxx\Debug\5r1w6o1f\x86 appmodules react-native-mmkv react_codegen_RNCSlider react_codegen_reactnativekeyboardcontroller react_codegen_rnscreens react_codegen_safeareacontext
Successfully started process 'command 'C:\Users\adelf\AppData\Local\Android\Sdk\cmake\3.22.1\bin\ninja.exe''
C/C++: Received process result: 0
C/C++: check expected build outputs
C/C++: build complete
Resolve mutations for :app:configureCMakeDebug[x86_64] (Thread[Execution worker Thread 9,5,main]) started.
:app:configureCMakeDebug[x86_64] (Thread[Execution worker Thread 9,5,main]) started.

> Task :app:configureCMakeDebug[x86_64]
Caching disabled for task ':app:configureCMakeDebug[x86_64]' because:
  Build cache is disabled
  Caching has been disabled for the task
Task ':app:configureCMakeDebug[x86_64]' is not up-to-date because:
  Task.upToDateWhen is false.
C/C++: D:\App\fc\app\node_modules\react-native\ReactAndroid\cmake-utils\default-app-setup\CMakeLists.txt stagingDebug|x86_64 : Start JSON generation. Platform version: 24 min SDK version: x86_64
C/C++: D:\App\fc\app\node_modules\react-native\ReactAndroid\cmake-utils\default-app-setup\CMakeLists.txt stagingDebug|x86_64 : JSON 'D:\App\fc\app\android\app\.cxx\Debug\5r1w6o1f\x86_64\android_gradle_build.json' was up-to-date
C/C++: D:\App\fc\app\node_modules\react-native\ReactAndroid\cmake-utils\default-app-setup\CMakeLists.txt stagingDebug|x86_64 : JSON generation completed without problems
C/C++: D:\App\fc\app\node_modules\react-native\ReactAndroid\cmake-utils\default-app-setup\CMakeLists.txt stagingDebug|x86_64 : Writing build model to D:\App\fc\app\android\app\build\intermediates\cxx\Debug\5r1w6o1f\logs\x86_64\build_model.json
Resolve mutations for :app:buildCMakeDebug[x86_64] (Thread[Execution worker Thread 9,5,main]) started.
:app:buildCMakeDebug[x86_64] (Thread[Execution worker Thread 5,5,main]) started.

> Task :app:buildCMakeDebug[x86_64]
Caching disabled for task ':app:buildCMakeDebug[x86_64]' because:
  Build cache is disabled
  Caching has been disabled for the task
Task ':app:buildCMakeDebug[x86_64]' is not up-to-date because:
  Task.upToDateWhen is false.
C/C++: starting build
C/C++: reading expected JSONs
C/C++: done reading expected JSONs
C/C++: executing build commands for targets that produce .so files or executables
C/C++: evaluate miniconfig
C/C++: evaluate library react_codegen_RNCSlider (x86_64)
C/C++: building target library react_codegen_RNCSlider because no targets are specified.
C/C++: evaluate library react_codegen_rnviewshot (x86_64)
C/C++: not building target react_codegen_rnviewshot because no targets are specified and library build output file is null
C/C++: evaluate library react_codegen_safeareacontext (x86_64)
C/C++: building target library react_codegen_safeareacontext because no targets are specified.
C/C++: evaluate library react_codegen_RNCImageCropPickerSpec (x86_64)
C/C++: not building target react_codegen_RNCImageCropPickerSpec because no targets are specified and library build output file is null
C/C++: evaluate library react_codegen_rngesturehandler_codegen (x86_64)
C/C++: not building target react_codegen_rngesturehandler_codegen because no targets are specified and library build output file is null
C/C++: evaluate library appmodules (x86_64)
C/C++: building target library appmodules because no targets are specified.
C/C++: evaluate library react_codegen_ReactNativeBlobUtilSpec (x86_64)
C/C++: not building target react_codegen_ReactNativeBlobUtilSpec because no targets are specified and library build output file is null
C/C++: evaluate library react_codegen_rnasyncstorage (x86_64)
C/C++: not building target react_codegen_rnasyncstorage because no targets are specified and library build output file is null
C/C++: evaluate library react_codegen_reactnativekeyboardcontroller (x86_64)
C/C++: building target library react_codegen_reactnativekeyboardcontroller because no targets are specified.
C/C++: evaluate library react_codegen_rnreanimated (x86_64)
C/C++: not building target react_codegen_rnreanimated because no targets are specified and library build output file is null
C/C++: evaluate library core (x86_64)
C/C++: not building target library core because static libraries are not build by default.
C/C++: evaluate library react_codegen_rnblurview (x86_64)
C/C++: not building target react_codegen_rnblurview because no targets are specified and library build output file is null
C/C++: evaluate library react-native-mmkv (x86_64)
C/C++: building target library react-native-mmkv because no targets are specified.
C/C++: evaluate library react_codegen_rnscreens (x86_64)
C/C++: building target library react_codegen_rnscreens because no targets are specified.
C/C++: evaluate library react_codegen_RNSentrySpec (x86_64)
C/C++: not building target react_codegen_RNSentrySpec because no targets are specified and library build output file is null
C/C++: evaluate library react_codegen_RNMmkvSpec (x86_64)
C/C++: not building target react_codegen_RNMmkvSpec because no targets are specified and library build output file is null
C/C++: about to build targets appmodules, react-native-mmkv, react_codegen_RNCSlider, react_codegen_reactnativekeyboardcontroller, react_codegen_rnscreens, react_codegen_safeareacontext
C/C++: Build multiple targets react_codegen_RNCSlider_x86_64 react_codegen_safeareacontext_x86_64 appmodules_x86_64 react_codegen_reactnativekeyboardcontroller_x86_64 react-native-mmkv_x86_64 react_codegen_rnscreens_x86_64
C/C++: @echo off
"C:\\Users\\adelf\\AppData\\Local\\Android\\Sdk\\cmake\\3.22.1\\bin\\ninja.exe" ^
  -C ^
  "D:\\App\\fc\\app\\android\\app\\.cxx\\Debug\\5r1w6o1f\\x86_64" ^
  appmodules ^
  react-native-mmkv ^
  react_codegen_RNCSlider ^
  react_codegen_reactnativekeyboardcontroller ^
  react_codegen_rnscreens ^
  react_codegen_safeareacontext

Starting process 'command 'C:\Users\adelf\AppData\Local\Android\Sdk\cmake\3.22.1\bin\ninja.exe''. Working directory: D:\App\fc\app\android Command: C:\Users\adelf\AppData\Local\Android\Sdk\cmake\3.22.1\bin\ninja.exe -C D:\App\fc\app\android\app\.cxx\Debug\5r1w6o1f\x86_64 appmodules react-native-mmkv react_codegen_RNCSlider react_codegen_reactnativekeyboardcontroller react_codegen_rnscreens react_codegen_safeareacontext
Successfully started process 'command 'C:\Users\adelf\AppData\Local\Android\Sdk\cmake\3.22.1\bin\ninja.exe''
C/C++: Received process result: 0
C/C++: check expected build outputs
C/C++: build complete
Resolve mutations for :app:mergeStagingDebugJniLibFolders (Thread[Execution worker Thread 5,5,main]) started.
:app:mergeStagingDebugJniLibFolders (Thread[Execution worker Thread 5,5,main]) started.

> Task :app:mergeStagingDebugJniLibFolders UP-TO-DATE
Caching disabled for task ':app:mergeStagingDebugJniLibFolders' because:
  Build cache is disabled
  Simple merging task
Skipping task ':app:mergeStagingDebugJniLibFolders' as it is up-to-date.
Resolve mutations for :notifee_react-native:mergeDebugJniLibFolders (Thread[Execution worker Thread 5,5,main]) started.
:notifee_react-native:mergeDebugJniLibFolders (Thread[Execution worker Thread 5,5,main]) started.

> Task :notifee_react-native:mergeDebugJniLibFolders UP-TO-DATE
Caching disabled for task ':notifee_react-native:mergeDebugJniLibFolders' because:
  Build cache is disabled
  Simple merging task
Skipping task ':notifee_react-native:mergeDebugJniLibFolders' as it is up-to-date.
Resolve mutations for :notifee_react-native:mergeDebugNativeLibs (Thread[Execution worker Thread 5,5,main]) started.
:notifee_react-native:mergeDebugNativeLibs (Thread[Execution worker Thread 5,5,main]) started.

> Task :notifee_react-native:mergeDebugNativeLibs NO-SOURCE
Skipping task ':notifee_react-native:mergeDebugNativeLibs' as it has no source files and no previous output files.
Resolve mutations for :notifee_react-native:copyDebugJniLibsProjectOnly (Thread[Execution worker Thread 5,5,main]) started.
:notifee_react-native:copyDebugJniLibsProjectOnly (Thread[Execution worker Thread 5,5,main]) started.

> Task :notifee_react-native:copyDebugJniLibsProjectOnly UP-TO-DATE
Caching disabled for task ':notifee_react-native:copyDebugJniLibsProjectOnly' because:
  Build cache is disabled
  Caching has been disabled for the task
Skipping task ':notifee_react-native:copyDebugJniLibsProjectOnly' as it is up-to-date.
work action resolve jni (project :notifee_react-native) (Thread[Execution worker Thread 5,5,main]) started.
Resolve mutations for :react-native-async-storage_async-storage:mergeDebugJniLibFolders (Thread[Execution worker Thread 5,5,main]) started.
:react-native-async-storage_async-storage:mergeDebugJniLibFolders (Thread[Execution worker Thread 5,5,main]) started.

> Task :react-native-async-storage_async-storage:mergeDebugJniLibFolders UP-TO-DATE
Caching disabled for task ':react-native-async-storage_async-storage:mergeDebugJniLibFolders' because:
  Build cache is disabled
  Simple merging task
Skipping task ':react-native-async-storage_async-storage:mergeDebugJniLibFolders' as it is up-to-date.
Resolve mutations for :react-native-async-storage_async-storage:mergeDebugNativeLibs (Thread[Execution worker Thread 5,5,main]) started.
:react-native-async-storage_async-storage:mergeDebugNativeLibs (Thread[Execution worker Thread 5,5,main]) started.

> Task :react-native-async-storage_async-storage:mergeDebugNativeLibs NO-SOURCE
Skipping task ':react-native-async-storage_async-storage:mergeDebugNativeLibs' as it has no source files and no previous output files.
Resolve mutations for :react-native-async-storage_async-storage:copyDebugJniLibsProjectOnly (Thread[Execution worker Thread 5,5,main]) started.
:react-native-async-storage_async-storage:copyDebugJniLibsProjectOnly (Thread[Execution worker Thread 5,5,main]) started.

> Task :react-native-async-storage_async-storage:copyDebugJniLibsProjectOnly UP-TO-DATE
Caching disabled for task ':react-native-async-storage_async-storage:copyDebugJniLibsProjectOnly' because:
  Build cache is disabled
  Caching has been disabled for the task
Skipping task ':react-native-async-storage_async-storage:copyDebugJniLibsProjectOnly' as it is up-to-date.
work action resolve jni (project :react-native-async-storage_async-storage) (Thread[Execution worker Thread 5,5,main]) started.
Resolve mutations for :react-native-blob-util:mergeDebugJniLibFolders (Thread[Execution worker Thread 5,5,main]) started.
:react-native-blob-util:mergeDebugJniLibFolders (Thread[Execution worker Thread 5,5,main]) started.

> Task :react-native-blob-util:mergeDebugJniLibFolders UP-TO-DATE
Caching disabled for task ':react-native-blob-util:mergeDebugJniLibFolders' because:
  Build cache is disabled
  Simple merging task
Skipping task ':react-native-blob-util:mergeDebugJniLibFolders' as it is up-to-date.
Resolve mutations for :react-native-blob-util:mergeDebugNativeLibs (Thread[Execution worker Thread 5,5,main]) started.
:react-native-blob-util:mergeDebugNativeLibs (Thread[Execution worker Thread 5,5,main]) started.

> Task :react-native-blob-util:mergeDebugNativeLibs NO-SOURCE
Skipping task ':react-native-blob-util:mergeDebugNativeLibs' as it has no source files and no previous output files.
Resolve mutations for :react-native-blob-util:copyDebugJniLibsProjectOnly (Thread[Execution worker Thread 5,5,main]) started.
:react-native-blob-util:copyDebugJniLibsProjectOnly (Thread[Execution worker Thread 9,5,main]) started.

> Task :react-native-blob-util:copyDebugJniLibsProjectOnly UP-TO-DATE
Caching disabled for task ':react-native-blob-util:copyDebugJniLibsProjectOnly' because:
  Build cache is disabled
  Caching has been disabled for the task
Skipping task ':react-native-blob-util:copyDebugJniLibsProjectOnly' as it is up-to-date.
work action resolve jni (project :react-native-blob-util) (Thread[Execution worker Thread 9,5,main]) started.
Resolve mutations for :react-native-community_blur:mergeDebugJniLibFolders (Thread[Execution worker Thread 9,5,main]) started.
:react-native-community_blur:mergeDebugJniLibFolders (Thread[Execution worker Thread 9,5,main]) started.

> Task :react-native-community_blur:mergeDebugJniLibFolders UP-TO-DATE
Caching disabled for task ':react-native-community_blur:mergeDebugJniLibFolders' because:
  Build cache is disabled
  Simple merging task
Skipping task ':react-native-community_blur:mergeDebugJniLibFolders' as it is up-to-date.
Resolve mutations for :react-native-community_blur:mergeDebugNativeLibs (Thread[Execution worker Thread 9,5,main]) started.
:react-native-community_blur:mergeDebugNativeLibs (Thread[Execution worker Thread 2,5,main]) started.

> Task :react-native-community_blur:mergeDebugNativeLibs NO-SOURCE
Skipping task ':react-native-community_blur:mergeDebugNativeLibs' as it has no source files and no previous output files.
Resolve mutations for :react-native-community_blur:copyDebugJniLibsProjectOnly (Thread[Execution worker Thread 2,5,main]) started.
:react-native-community_blur:copyDebugJniLibsProjectOnly (Thread[Execution worker Thread 15,5,main]) started.

> Task :react-native-community_blur:copyDebugJniLibsProjectOnly UP-TO-DATE
Caching disabled for task ':react-native-community_blur:copyDebugJniLibsProjectOnly' because:
  Build cache is disabled
  Caching has been disabled for the task
Skipping task ':react-native-community_blur:copyDebugJniLibsProjectOnly' as it is up-to-date.
work action resolve jni (project :react-native-community_blur) (Thread[Execution worker Thread 15,5,main]) started.
Resolve mutations for :react-native-community_slider:mergeDebugJniLibFolders (Thread[Execution worker Thread 6,5,main]) started.
:react-native-community_slider:mergeDebugJniLibFolders (Thread[Execution worker Thread 9,5,main]) started.

> Task :react-native-community_slider:mergeDebugJniLibFolders UP-TO-DATE
Caching disabled for task ':react-native-community_slider:mergeDebugJniLibFolders' because:
  Build cache is disabled
  Simple merging task
Skipping task ':react-native-community_slider:mergeDebugJniLibFolders' as it is up-to-date.
Resolve mutations for :react-native-community_slider:mergeDebugNativeLibs (Thread[Execution worker Thread 9,5,main]) started.
:react-native-community_slider:mergeDebugNativeLibs (Thread[Execution worker Thread 2,5,main]) started.

> Task :react-native-community_slider:mergeDebugNativeLibs NO-SOURCE
Skipping task ':react-native-community_slider:mergeDebugNativeLibs' as it has no source files and no previous output files.
Resolve mutations for :react-native-community_slider:copyDebugJniLibsProjectOnly (Thread[Execution worker Thread 2,5,main]) started.
:react-native-community_slider:copyDebugJniLibsProjectOnly (Thread[Execution worker Thread 10,5,main]) started.

> Task :react-native-community_slider:copyDebugJniLibsProjectOnly UP-TO-DATE
Caching disabled for task ':react-native-community_slider:copyDebugJniLibsProjectOnly' because:
  Build cache is disabled
  Caching has been disabled for the task
Skipping task ':react-native-community_slider:copyDebugJniLibsProjectOnly' as it is up-to-date.
work action resolve jni (project :react-native-community_slider) (Thread[Execution worker Thread 10,5,main]) started.
Resolve mutations for :react-native-device-info:mergeDebugJniLibFolders (Thread[Execution worker Thread 10,5,main]) started.
:react-native-device-info:mergeDebugJniLibFolders (Thread[Execution worker Thread 13,5,main]) started.

> Task :react-native-device-info:mergeDebugJniLibFolders UP-TO-DATE
Caching disabled for task ':react-native-device-info:mergeDebugJniLibFolders' because:
  Build cache is disabled
  Simple merging task
Skipping task ':react-native-device-info:mergeDebugJniLibFolders' as it is up-to-date.
Resolve mutations for :react-native-device-info:mergeDebugNativeLibs (Thread[Execution worker Thread 13,5,main]) started.
:react-native-device-info:mergeDebugNativeLibs (Thread[Execution worker Thread 13,5,main]) started.

> Task :react-native-device-info:mergeDebugNativeLibs NO-SOURCE
Skipping task ':react-native-device-info:mergeDebugNativeLibs' as it has no source files and no previous output files.
Resolve mutations for :react-native-device-info:copyDebugJniLibsProjectOnly (Thread[Execution worker Thread 13,5,main]) started.
:react-native-device-info:copyDebugJniLibsProjectOnly (Thread[Execution worker Thread 13,5,main]) started.

> Task :react-native-device-info:copyDebugJniLibsProjectOnly UP-TO-DATE
Caching disabled for task ':react-native-device-info:copyDebugJniLibsProjectOnly' because:
  Build cache is disabled
  Caching has been disabled for the task
Skipping task ':react-native-device-info:copyDebugJniLibsProjectOnly' as it is up-to-date.
work action resolve jni (project :react-native-device-info) (Thread[Execution worker Thread 13,5,main]) started.
Resolve mutations for :react-native-firebase_app:mergeDebugJniLibFolders (Thread[Execution worker Thread 11,5,main]) started.
:react-native-firebase_app:mergeDebugJniLibFolders (Thread[Execution worker Thread 11,5,main]) started.

> Task :react-native-firebase_app:mergeDebugJniLibFolders UP-TO-DATE
Caching disabled for task ':react-native-firebase_app:mergeDebugJniLibFolders' because:
  Build cache is disabled
  Simple merging task
Skipping task ':react-native-firebase_app:mergeDebugJniLibFolders' as it is up-to-date.
Resolve mutations for :react-native-firebase_app:mergeDebugNativeLibs (Thread[Execution worker Thread 11,5,main]) started.
:react-native-firebase_app:mergeDebugNativeLibs (Thread[Execution worker Thread 12,5,main]) started.

> Task :react-native-firebase_app:mergeDebugNativeLibs NO-SOURCE
Skipping task ':react-native-firebase_app:mergeDebugNativeLibs' as it has no source files and no previous output files.
Resolve mutations for :react-native-firebase_app:copyDebugJniLibsProjectOnly (Thread[Execution worker Thread 12,5,main]) started.
:react-native-firebase_app:copyDebugJniLibsProjectOnly (Thread[Execution worker Thread 5,5,main]) started.

> Task :react-native-firebase_app:copyDebugJniLibsProjectOnly UP-TO-DATE
Caching disabled for task ':react-native-firebase_app:copyDebugJniLibsProjectOnly' because:
  Build cache is disabled
  Caching has been disabled for the task
Skipping task ':react-native-firebase_app:copyDebugJniLibsProjectOnly' as it is up-to-date.
work action resolve jni (project :react-native-firebase_app) (Thread[Execution worker Thread 5,5,main]) started.
Resolve mutations for :react-native-firebase_auth:mergeDebugJniLibFolders (Thread[Execution worker Thread 5,5,main]) started.
:react-native-firebase_auth:mergeDebugJniLibFolders (Thread[Execution worker Thread 6,5,main]) started.

> Task :react-native-firebase_auth:mergeDebugJniLibFolders UP-TO-DATE
Caching disabled for task ':react-native-firebase_auth:mergeDebugJniLibFolders' because:
  Build cache is disabled
  Simple merging task
Skipping task ':react-native-firebase_auth:mergeDebugJniLibFolders' as it is up-to-date.
Resolve mutations for :react-native-firebase_auth:mergeDebugNativeLibs (Thread[Execution worker Thread 6,5,main]) started.
:react-native-firebase_auth:mergeDebugNativeLibs (Thread[Execution worker Thread 2,5,main]) started.

> Task :react-native-firebase_auth:mergeDebugNativeLibs NO-SOURCE
Skipping task ':react-native-firebase_auth:mergeDebugNativeLibs' as it has no source files and no previous output files.
Resolve mutations for :react-native-firebase_auth:copyDebugJniLibsProjectOnly (Thread[Execution worker Thread 2,5,main]) started.
:react-native-firebase_auth:copyDebugJniLibsProjectOnly (Thread[included builds,5,main]) started.

> Task :react-native-firebase_auth:copyDebugJniLibsProjectOnly UP-TO-DATE
Caching disabled for task ':react-native-firebase_auth:copyDebugJniLibsProjectOnly' because:
  Build cache is disabled
  Caching has been disabled for the task
Skipping task ':react-native-firebase_auth:copyDebugJniLibsProjectOnly' as it is up-to-date.
work action resolve jni (project :react-native-firebase_auth) (Thread[included builds,5,main]) started.
Resolve mutations for :react-native-firebase_messaging:mergeDebugJniLibFolders (Thread[Execution worker,5,main]) started.
:react-native-firebase_messaging:mergeDebugJniLibFolders (Thread[Execution worker Thread 6,5,main]) started.

> Task :react-native-firebase_messaging:mergeDebugJniLibFolders UP-TO-DATE
Caching disabled for task ':react-native-firebase_messaging:mergeDebugJniLibFolders' because:
  Build cache is disabled
  Simple merging task
Skipping task ':react-native-firebase_messaging:mergeDebugJniLibFolders' as it is up-to-date.
Resolve mutations for :react-native-firebase_messaging:mergeDebugNativeLibs (Thread[Execution worker Thread 6,5,main]) started.
:react-native-firebase_messaging:mergeDebugNativeLibs (Thread[Execution worker Thread 13,5,main]) started.

> Task :react-native-firebase_messaging:mergeDebugNativeLibs NO-SOURCE
Skipping task ':react-native-firebase_messaging:mergeDebugNativeLibs' as it has no source files and no previous output files.
Resolve mutations for :react-native-firebase_messaging:copyDebugJniLibsProjectOnly (Thread[Execution worker Thread 13,5,main]) started.
:react-native-firebase_messaging:copyDebugJniLibsProjectOnly (Thread[Execution worker Thread 8,5,main]) started.

> Task :react-native-firebase_messaging:copyDebugJniLibsProjectOnly UP-TO-DATE
Caching disabled for task ':react-native-firebase_messaging:copyDebugJniLibsProjectOnly' because:
  Build cache is disabled
  Caching has been disabled for the task
Skipping task ':react-native-firebase_messaging:copyDebugJniLibsProjectOnly' as it is up-to-date.
work action resolve jni (project :react-native-firebase_messaging) (Thread[Execution worker Thread 8,5,main]) started.
Resolve mutations for :react-native-gesture-handler:configureCMakeDebug[arm64-v8a] (Thread[Execution worker Thread 8,5,main]) started.
:react-native-gesture-handler:configureCMakeDebug[arm64-v8a] (Thread[Execution worker Thread 2,5,main]) started.

> Task :react-native-gesture-handler:configureCMakeDebug[arm64-v8a]
Caching disabled for task ':react-native-gesture-handler:configureCMakeDebug[arm64-v8a]' because:
  Build cache is disabled
  Caching has been disabled for the task
Task ':react-native-gesture-handler:configureCMakeDebug[arm64-v8a]' is not up-to-date because:
  Task.upToDateWhen is false.
C/C++: D:\App\fc\app\node_modules\react-native-gesture-handler\android\src\main\jni\CMakeLists.txt debug|arm64-v8a : Start JSON generation. Platform version: 24 min SDK version: arm64-v8a
C/C++: D:\App\fc\app\node_modules\react-native-gesture-handler\android\src\main\jni\CMakeLists.txt debug|arm64-v8a : JSON 'D:\App\fc\app\node_modules\react-native-gesture-handler\android\.cxx\Debug\n6r4n1c4\arm64-v8a\android_gradle_build.json' was up-to-date
C/C++: D:\App\fc\app\node_modules\react-native-gesture-handler\android\src\main\jni\CMakeLists.txt debug|arm64-v8a : JSON generation completed without problems
C/C++: D:\App\fc\app\node_modules\react-native-gesture-handler\android\src\main\jni\CMakeLists.txt debug|arm64-v8a : Writing build model to D:\App\fc\app\node_modules\react-native-gesture-handler\android\build\intermediates\cxx\Debug\n6r4n1c4\logs\arm64-v8a\build_model.json
Resolve mutations for :react-native-gesture-handler:buildCMakeDebug[arm64-v8a] (Thread[Execution worker Thread 2,5,main]) started.
:react-native-gesture-handler:buildCMakeDebug[arm64-v8a] (Thread[Execution worker Thread 2,5,main]) started.

> Task :react-native-gesture-handler:buildCMakeDebug[arm64-v8a]
Caching disabled for task ':react-native-gesture-handler:buildCMakeDebug[arm64-v8a]' because:
  Build cache is disabled
  Caching has been disabled for the task
Task ':react-native-gesture-handler:buildCMakeDebug[arm64-v8a]' is not up-to-date because:
  Task.upToDateWhen is false.
C/C++: starting build
C/C++: reading expected JSONs
C/C++: done reading expected JSONs
C/C++: executing build commands for targets that produce .so files or executables
C/C++: evaluate miniconfig
C/C++: evaluate library gesturehandler (arm64-v8a)
C/C++: building target library gesturehandler because no targets are specified.
C/C++: about to build targets gesturehandler
C/C++: Build gesturehandler
C/C++: @echo off
"C:\\Users\\adelf\\AppData\\Local\\Android\\Sdk\\cmake\\3.22.1\\bin\\ninja.exe" ^
  -C ^
  "D:\\App\\fc\\app\\node_modules\\react-native-gesture-handler\\android\\.cxx\\Debug\\n6r4n1c4\\arm64-v8a" ^
  gesturehandler

Starting process 'command 'C:\Users\adelf\AppData\Local\Android\Sdk\cmake\3.22.1\bin\ninja.exe''. Working directory: D:\App\fc\app\android Command: C:\Users\adelf\AppData\Local\Android\Sdk\cmake\3.22.1\bin\ninja.exe -C D:\App\fc\app\node_modules\react-native-gesture-handler\android\.cxx\Debug\n6r4n1c4\arm64-v8a gesturehandler
Successfully started process 'command 'C:\Users\adelf\AppData\Local\Android\Sdk\cmake\3.22.1\bin\ninja.exe''
C/C++: Received process result: 0
C/C++: check expected build outputs
C/C++: build complete
Resolve mutations for :react-native-gesture-handler:configureCMakeDebug[armeabi-v7a] (Thread[Execution worker Thread 2,5,main]) started.
:react-native-gesture-handler:configureCMakeDebug[armeabi-v7a] (Thread[Execution worker Thread 2,5,main]) started.

> Task :react-native-gesture-handler:configureCMakeDebug[armeabi-v7a]
Caching disabled for task ':react-native-gesture-handler:configureCMakeDebug[armeabi-v7a]' because:
  Build cache is disabled
  Caching has been disabled for the task
Task ':react-native-gesture-handler:configureCMakeDebug[armeabi-v7a]' is not up-to-date because:
  Task.upToDateWhen is false.
C/C++: D:\App\fc\app\node_modules\react-native-gesture-handler\android\src\main\jni\CMakeLists.txt debug|armeabi-v7a : Start JSON generation. Platform version: 24 min SDK version: armeabi-v7a
C/C++: D:\App\fc\app\node_modules\react-native-gesture-handler\android\src\main\jni\CMakeLists.txt debug|armeabi-v7a : JSON 'D:\App\fc\app\node_modules\react-native-gesture-handler\android\.cxx\Debug\n6r4n1c4\armeabi-v7a\android_gradle_build.json' was up-to-date
C/C++: D:\App\fc\app\node_modules\react-native-gesture-handler\android\src\main\jni\CMakeLists.txt debug|armeabi-v7a : JSON generation completed without problems
C/C++: D:\App\fc\app\node_modules\react-native-gesture-handler\android\src\main\jni\CMakeLists.txt debug|armeabi-v7a : Writing build model to D:\App\fc\app\node_modules\react-native-gesture-handler\android\build\intermediates\cxx\Debug\n6r4n1c4\logs\armeabi-v7a\build_model.json
Resolve mutations for :react-native-gesture-handler:buildCMakeDebug[armeabi-v7a] (Thread[Execution worker Thread 2,5,main]) started.
:react-native-gesture-handler:buildCMakeDebug[armeabi-v7a] (Thread[Execution worker Thread 2,5,main]) started.

> Task :react-native-gesture-handler:buildCMakeDebug[armeabi-v7a]
Caching disabled for task ':react-native-gesture-handler:buildCMakeDebug[armeabi-v7a]' because:
  Build cache is disabled
  Caching has been disabled for the task
Task ':react-native-gesture-handler:buildCMakeDebug[armeabi-v7a]' is not up-to-date because:
  Task.upToDateWhen is false.
C/C++: starting build
C/C++: reading expected JSONs
C/C++: done reading expected JSONs
C/C++: executing build commands for targets that produce .so files or executables
C/C++: evaluate miniconfig
C/C++: evaluate library gesturehandler (armeabi-v7a)
C/C++: building target library gesturehandler because no targets are specified.
C/C++: about to build targets gesturehandler
C/C++: Build gesturehandler
C/C++: @echo off
"C:\\Users\\adelf\\AppData\\Local\\Android\\Sdk\\cmake\\3.22.1\\bin\\ninja.exe" ^
  -C ^
  "D:\\App\\fc\\app\\node_modules\\react-native-gesture-handler\\android\\.cxx\\Debug\\n6r4n1c4\\armeabi-v7a" ^
  gesturehandler

Starting process 'command 'C:\Users\adelf\AppData\Local\Android\Sdk\cmake\3.22.1\bin\ninja.exe''. Working directory: D:\App\fc\app\android Command: C:\Users\adelf\AppData\Local\Android\Sdk\cmake\3.22.1\bin\ninja.exe -C D:\App\fc\app\node_modules\react-native-gesture-handler\android\.cxx\Debug\n6r4n1c4\armeabi-v7a gesturehandler
Successfully started process 'command 'C:\Users\adelf\AppData\Local\Android\Sdk\cmake\3.22.1\bin\ninja.exe''
C/C++: Received process result: 0
C/C++: check expected build outputs
C/C++: build complete
Resolve mutations for :react-native-gesture-handler:configureCMakeDebug[x86] (Thread[Execution worker Thread 2,5,main]) started.
:react-native-gesture-handler:configureCMakeDebug[x86] (Thread[Execution worker Thread 2,5,main]) started.

> Task :react-native-gesture-handler:configureCMakeDebug[x86]
Caching disabled for task ':react-native-gesture-handler:configureCMakeDebug[x86]' because:
  Build cache is disabled
  Caching has been disabled for the task
Task ':react-native-gesture-handler:configureCMakeDebug[x86]' is not up-to-date because:
  Task.upToDateWhen is false.
C/C++: D:\App\fc\app\node_modules\react-native-gesture-handler\android\src\main\jni\CMakeLists.txt debug|x86 : Start JSON generation. Platform version: 24 min SDK version: x86
C/C++: D:\App\fc\app\node_modules\react-native-gesture-handler\android\src\main\jni\CMakeLists.txt debug|x86 : JSON 'D:\App\fc\app\node_modules\react-native-gesture-handler\android\.cxx\Debug\n6r4n1c4\x86\android_gradle_build.json' was up-to-date
C/C++: D:\App\fc\app\node_modules\react-native-gesture-handler\android\src\main\jni\CMakeLists.txt debug|x86 : JSON generation completed without problems
C/C++: D:\App\fc\app\node_modules\react-native-gesture-handler\android\src\main\jni\CMakeLists.txt debug|x86 : Writing build model to D:\App\fc\app\node_modules\react-native-gesture-handler\android\build\intermediates\cxx\Debug\n6r4n1c4\logs\x86\build_model.json
Resolve mutations for :react-native-gesture-handler:buildCMakeDebug[x86] (Thread[Execution worker Thread 2,5,main]) started.
:react-native-gesture-handler:buildCMakeDebug[x86] (Thread[Execution worker Thread 2,5,main]) started.

> Task :react-native-gesture-handler:buildCMakeDebug[x86]
Caching disabled for task ':react-native-gesture-handler:buildCMakeDebug[x86]' because:
  Build cache is disabled
  Caching has been disabled for the task
Task ':react-native-gesture-handler:buildCMakeDebug[x86]' is not up-to-date because:
  Task.upToDateWhen is false.
C/C++: starting build
C/C++: reading expected JSONs
C/C++: done reading expected JSONs
C/C++: executing build commands for targets that produce .so files or executables
C/C++: evaluate miniconfig
C/C++: evaluate library gesturehandler (x86)
C/C++: building target library gesturehandler because no targets are specified.
C/C++: about to build targets gesturehandler
C/C++: Build gesturehandler
C/C++: @echo off
"C:\\Users\\adelf\\AppData\\Local\\Android\\Sdk\\cmake\\3.22.1\\bin\\ninja.exe" ^
  -C ^
  "D:\\App\\fc\\app\\node_modules\\react-native-gesture-handler\\android\\.cxx\\Debug\\n6r4n1c4\\x86" ^
  gesturehandler

Starting process 'command 'C:\Users\adelf\AppData\Local\Android\Sdk\cmake\3.22.1\bin\ninja.exe''. Working directory: D:\App\fc\app\android Command: C:\Users\adelf\AppData\Local\Android\Sdk\cmake\3.22.1\bin\ninja.exe -C D:\App\fc\app\node_modules\react-native-gesture-handler\android\.cxx\Debug\n6r4n1c4\x86 gesturehandler
Successfully started process 'command 'C:\Users\adelf\AppData\Local\Android\Sdk\cmake\3.22.1\bin\ninja.exe''
C/C++: Received process result: 0
C/C++: check expected build outputs
C/C++: build complete
Resolve mutations for :react-native-gesture-handler:configureCMakeDebug[x86_64] (Thread[Execution worker Thread 2,5,main]) started.
:react-native-gesture-handler:configureCMakeDebug[x86_64] (Thread[Execution worker Thread 2,5,main]) started.

> Task :react-native-gesture-handler:configureCMakeDebug[x86_64]
Caching disabled for task ':react-native-gesture-handler:configureCMakeDebug[x86_64]' because:
  Build cache is disabled
  Caching has been disabled for the task
Task ':react-native-gesture-handler:configureCMakeDebug[x86_64]' is not up-to-date because:
  Task.upToDateWhen is false.
C/C++: D:\App\fc\app\node_modules\react-native-gesture-handler\android\src\main\jni\CMakeLists.txt debug|x86_64 : Start JSON generation. Platform version: 24 min SDK version: x86_64
C/C++: D:\App\fc\app\node_modules\react-native-gesture-handler\android\src\main\jni\CMakeLists.txt debug|x86_64 : JSON 'D:\App\fc\app\node_modules\react-native-gesture-handler\android\.cxx\Debug\n6r4n1c4\x86_64\android_gradle_build.json' was up-to-date
C/C++: D:\App\fc\app\node_modules\react-native-gesture-handler\android\src\main\jni\CMakeLists.txt debug|x86_64 : JSON generation completed without problems
C/C++: D:\App\fc\app\node_modules\react-native-gesture-handler\android\src\main\jni\CMakeLists.txt debug|x86_64 : Writing build model to D:\App\fc\app\node_modules\react-native-gesture-handler\android\build\intermediates\cxx\Debug\n6r4n1c4\logs\x86_64\build_model.json
Resolve mutations for :react-native-gesture-handler:buildCMakeDebug[x86_64] (Thread[Execution worker Thread 2,5,main]) started.
:react-native-gesture-handler:buildCMakeDebug[x86_64] (Thread[Execution worker Thread 2,5,main]) started.

> Task :react-native-gesture-handler:buildCMakeDebug[x86_64]
Caching disabled for task ':react-native-gesture-handler:buildCMakeDebug[x86_64]' because:
  Build cache is disabled
  Caching has been disabled for the task
Task ':react-native-gesture-handler:buildCMakeDebug[x86_64]' is not up-to-date because:
  Task.upToDateWhen is false.
C/C++: starting build
C/C++: reading expected JSONs
C/C++: done reading expected JSONs
C/C++: executing build commands for targets that produce .so files or executables
C/C++: evaluate miniconfig
C/C++: evaluate library gesturehandler (x86_64)
C/C++: building target library gesturehandler because no targets are specified.
C/C++: about to build targets gesturehandler
C/C++: Build gesturehandler
C/C++: @echo off
"C:\\Users\\adelf\\AppData\\Local\\Android\\Sdk\\cmake\\3.22.1\\bin\\ninja.exe" ^
  -C ^
  "D:\\App\\fc\\app\\node_modules\\react-native-gesture-handler\\android\\.cxx\\Debug\\n6r4n1c4\\x86_64" ^
  gesturehandler

Starting process 'command 'C:\Users\adelf\AppData\Local\Android\Sdk\cmake\3.22.1\bin\ninja.exe''. Working directory: D:\App\fc\app\android Command: C:\Users\adelf\AppData\Local\Android\Sdk\cmake\3.22.1\bin\ninja.exe -C D:\App\fc\app\node_modules\react-native-gesture-handler\android\.cxx\Debug\n6r4n1c4\x86_64 gesturehandler
Successfully started process 'command 'C:\Users\adelf\AppData\Local\Android\Sdk\cmake\3.22.1\bin\ninja.exe''
C/C++: Received process result: 0
C/C++: check expected build outputs
C/C++: build complete
Resolve mutations for :react-native-gesture-handler:mergeDebugJniLibFolders (Thread[Execution worker Thread 2,5,main]) started.
:react-native-gesture-handler:mergeDebugJniLibFolders (Thread[Execution worker Thread 2,5,main]) started.

> Task :react-native-gesture-handler:mergeDebugJniLibFolders UP-TO-DATE
Caching disabled for task ':react-native-gesture-handler:mergeDebugJniLibFolders' because:
  Build cache is disabled
  Simple merging task
Skipping task ':react-native-gesture-handler:mergeDebugJniLibFolders' as it is up-to-date.
Resolve mutations for :react-native-gesture-handler:mergeDebugNativeLibs (Thread[Execution worker Thread 2,5,main]) started.
:react-native-gesture-handler:mergeDebugNativeLibs (Thread[Execution worker Thread 2,5,main]) started.

> Task :react-native-gesture-handler:mergeDebugNativeLibs UP-TO-DATE
Caching disabled for task ':react-native-gesture-handler:mergeDebugNativeLibs' because:
  Build cache is disabled
  Caching has been disabled for the task
Skipping task ':react-native-gesture-handler:mergeDebugNativeLibs' as it is up-to-date.
Resolve mutations for :react-native-gesture-handler:copyDebugJniLibsProjectOnly (Thread[Execution worker Thread 2,5,main]) started.
:react-native-gesture-handler:copyDebugJniLibsProjectOnly (Thread[Execution worker Thread 2,5,main]) started.

> Task :react-native-gesture-handler:copyDebugJniLibsProjectOnly UP-TO-DATE
Caching disabled for task ':react-native-gesture-handler:copyDebugJniLibsProjectOnly' because:
  Build cache is disabled
  Caching has been disabled for the task
Skipping task ':react-native-gesture-handler:copyDebugJniLibsProjectOnly' as it is up-to-date.
work action resolve jni (project :react-native-gesture-handler) (Thread[Execution worker Thread 2,5,main]) started.
Resolve mutations for :react-native-image-crop-picker:mergeDebugJniLibFolders (Thread[Execution worker Thread 2,5,main]) started.
:react-native-image-crop-picker:mergeDebugJniLibFolders (Thread[Execution worker Thread 2,5,main]) started.

> Task :react-native-image-crop-picker:mergeDebugJniLibFolders UP-TO-DATE
Caching disabled for task ':react-native-image-crop-picker:mergeDebugJniLibFolders' because:
  Build cache is disabled
  Simple merging task
Skipping task ':react-native-image-crop-picker:mergeDebugJniLibFolders' as it is up-to-date.
Resolve mutations for :react-native-image-crop-picker:mergeDebugNativeLibs (Thread[Execution worker Thread 2,5,main]) started.
:react-native-image-crop-picker:mergeDebugNativeLibs (Thread[Execution worker Thread 3,5,main]) started.

> Task :react-native-image-crop-picker:mergeDebugNativeLibs NO-SOURCE
Skipping task ':react-native-image-crop-picker:mergeDebugNativeLibs' as it has no source files and no previous output files.
Resolve mutations for :react-native-image-crop-picker:copyDebugJniLibsProjectOnly (Thread[Execution worker Thread 3,5,main]) started.
:react-native-image-crop-picker:copyDebugJniLibsProjectOnly (Thread[Execution worker Thread 3,5,main]) started.

> Task :react-native-image-crop-picker:copyDebugJniLibsProjectOnly UP-TO-DATE
Caching disabled for task ':react-native-image-crop-picker:copyDebugJniLibsProjectOnly' because:
  Build cache is disabled
  Caching has been disabled for the task
Skipping task ':react-native-image-crop-picker:copyDebugJniLibsProjectOnly' as it is up-to-date.
work action resolve jni (project :react-native-image-crop-picker) (Thread[Execution worker Thread 3,5,main]) started.
Resolve mutations for :react-native-keyboard-controller:mergeDebugJniLibFolders (Thread[Execution worker Thread 3,5,main]) started.
:react-native-keyboard-controller:mergeDebugJniLibFolders (Thread[Execution worker Thread 3,5,main]) started.

> Task :react-native-keyboard-controller:mergeDebugJniLibFolders UP-TO-DATE
Caching disabled for task ':react-native-keyboard-controller:mergeDebugJniLibFolders' because:
  Build cache is disabled
  Simple merging task
Skipping task ':react-native-keyboard-controller:mergeDebugJniLibFolders' as it is up-to-date.
Resolve mutations for :react-native-keyboard-controller:mergeDebugNativeLibs (Thread[Execution worker Thread 3,5,main]) started.
:react-native-keyboard-controller:mergeDebugNativeLibs (Thread[Execution worker Thread 15,5,main]) started.

> Task :react-native-keyboard-controller:mergeDebugNativeLibs NO-SOURCE
Skipping task ':react-native-keyboard-controller:mergeDebugNativeLibs' as it has no source files and no previous output files.
Resolve mutations for :react-native-keyboard-controller:copyDebugJniLibsProjectOnly (Thread[Execution worker Thread 15,5,main]) started.
:react-native-keyboard-controller:copyDebugJniLibsProjectOnly (Thread[Execution worker Thread 8,5,main]) started.

> Task :react-native-keyboard-controller:copyDebugJniLibsProjectOnly UP-TO-DATE
Caching disabled for task ':react-native-keyboard-controller:copyDebugJniLibsProjectOnly' because:
  Build cache is disabled
  Caching has been disabled for the task
Skipping task ':react-native-keyboard-controller:copyDebugJniLibsProjectOnly' as it is up-to-date.
work action resolve jni (project :react-native-keyboard-controller) (Thread[Execution worker Thread 8,5,main]) started.
Resolve mutations for :react-native-linear-gradient:mergeDebugJniLibFolders (Thread[Execution worker Thread 8,5,main]) started.
:react-native-linear-gradient:mergeDebugJniLibFolders (Thread[Execution worker Thread 14,5,main]) started.

> Task :react-native-linear-gradient:mergeDebugJniLibFolders UP-TO-DATE
Caching disabled for task ':react-native-linear-gradient:mergeDebugJniLibFolders' because:
  Build cache is disabled
  Simple merging task
Skipping task ':react-native-linear-gradient:mergeDebugJniLibFolders' as it is up-to-date.
Resolve mutations for :react-native-linear-gradient:mergeDebugNativeLibs (Thread[Execution worker Thread 14,5,main]) started.
:react-native-linear-gradient:mergeDebugNativeLibs (Thread[Execution worker Thread 6,5,main]) started.

> Task :react-native-linear-gradient:mergeDebugNativeLibs NO-SOURCE
Skipping task ':react-native-linear-gradient:mergeDebugNativeLibs' as it has no source files and no previous output files.
Resolve mutations for :react-native-linear-gradient:copyDebugJniLibsProjectOnly (Thread[Execution worker Thread 6,5,main]) started.
:react-native-linear-gradient:copyDebugJniLibsProjectOnly (Thread[Execution worker Thread 6,5,main]) started.

> Task :react-native-linear-gradient:copyDebugJniLibsProjectOnly UP-TO-DATE
Caching disabled for task ':react-native-linear-gradient:copyDebugJniLibsProjectOnly' because:
  Build cache is disabled
  Caching has been disabled for the task
Skipping task ':react-native-linear-gradient:copyDebugJniLibsProjectOnly' as it is up-to-date.
work action resolve jni (project :react-native-linear-gradient) (Thread[Execution worker Thread 6,5,main]) started.
Resolve mutations for :react-native-maps:mergeDebugJniLibFolders (Thread[Execution worker Thread 6,5,main]) started.
:react-native-maps:mergeDebugJniLibFolders (Thread[Execution worker Thread 7,5,main]) started.

> Task :react-native-maps:mergeDebugJniLibFolders UP-TO-DATE
Caching disabled for task ':react-native-maps:mergeDebugJniLibFolders' because:
  Build cache is disabled
  Simple merging task
Skipping task ':react-native-maps:mergeDebugJniLibFolders' as it is up-to-date.
Resolve mutations for :react-native-maps:mergeDebugNativeLibs (Thread[Execution worker Thread 7,5,main]) started.
:react-native-maps:mergeDebugNativeLibs (Thread[Execution worker Thread 7,5,main]) started.

> Task :react-native-maps:mergeDebugNativeLibs NO-SOURCE
Skipping task ':react-native-maps:mergeDebugNativeLibs' as it has no source files and no previous output files.
Resolve mutations for :react-native-maps:copyDebugJniLibsProjectOnly (Thread[Execution worker Thread 7,5,main]) started.
:react-native-maps:copyDebugJniLibsProjectOnly (Thread[Execution worker Thread 13,5,main]) started.

> Task :react-native-maps:copyDebugJniLibsProjectOnly UP-TO-DATE
Caching disabled for task ':react-native-maps:copyDebugJniLibsProjectOnly' because:
  Build cache is disabled
  Caching has been disabled for the task
Skipping task ':react-native-maps:copyDebugJniLibsProjectOnly' as it is up-to-date.
work action resolve jni (project :react-native-maps) (Thread[Execution worker Thread 13,5,main]) started.
Resolve mutations for :react-native-masked-view_masked-view:mergeDebugJniLibFolders (Thread[Execution worker Thread 13,5,main]) started.
:react-native-masked-view_masked-view:mergeDebugJniLibFolders (Thread[Execution worker Thread 5,5,main]) started.

> Task :react-native-masked-view_masked-view:mergeDebugJniLibFolders UP-TO-DATE
Caching disabled for task ':react-native-masked-view_masked-view:mergeDebugJniLibFolders' because:
  Build cache is disabled
  Simple merging task
Skipping task ':react-native-masked-view_masked-view:mergeDebugJniLibFolders' as it is up-to-date.
Resolve mutations for :react-native-masked-view_masked-view:mergeDebugNativeLibs (Thread[Execution worker Thread 5,5,main]) started.
:react-native-masked-view_masked-view:mergeDebugNativeLibs (Thread[Execution worker Thread 5,5,main]) started.

> Task :react-native-masked-view_masked-view:mergeDebugNativeLibs NO-SOURCE
Skipping task ':react-native-masked-view_masked-view:mergeDebugNativeLibs' as it has no source files and no previous output files.
Resolve mutations for :react-native-masked-view_masked-view:copyDebugJniLibsProjectOnly (Thread[Execution worker Thread 5,5,main]) started.
:react-native-masked-view_masked-view:copyDebugJniLibsProjectOnly (Thread[Execution worker Thread 10,5,main]) started.

> Task :react-native-masked-view_masked-view:copyDebugJniLibsProjectOnly UP-TO-DATE
Caching disabled for task ':react-native-masked-view_masked-view:copyDebugJniLibsProjectOnly' because:
  Build cache is disabled
  Caching has been disabled for the task
Skipping task ':react-native-masked-view_masked-view:copyDebugJniLibsProjectOnly' as it is up-to-date.
work action resolve jni (project :react-native-masked-view_masked-view) (Thread[Execution worker Thread 10,5,main]) started.
Resolve mutations for :react-native-mmkv:mergeDebugJniLibFolders (Thread[Execution worker Thread 10,5,main]) started.
:react-native-mmkv:mergeDebugJniLibFolders (Thread[Execution worker Thread 9,5,main]) started.

> Task :react-native-mmkv:mergeDebugJniLibFolders UP-TO-DATE
Caching disabled for task ':react-native-mmkv:mergeDebugJniLibFolders' because:
  Build cache is disabled
  Simple merging task
Skipping task ':react-native-mmkv:mergeDebugJniLibFolders' as it is up-to-date.
Resolve mutations for :react-native-mmkv:mergeDebugNativeLibs (Thread[Execution worker Thread 9,5,main]) started.
:react-native-mmkv:mergeDebugNativeLibs (Thread[Execution worker Thread 9,5,main]) started.

> Task :react-native-mmkv:mergeDebugNativeLibs NO-SOURCE
Skipping task ':react-native-mmkv:mergeDebugNativeLibs' as it has no source files and no previous output files.
Resolve mutations for :react-native-mmkv:copyDebugJniLibsProjectOnly (Thread[Execution worker Thread 9,5,main]) started.
:react-native-mmkv:copyDebugJniLibsProjectOnly (Thread[Execution worker Thread 14,5,main]) started.

> Task :react-native-mmkv:copyDebugJniLibsProjectOnly UP-TO-DATE
Caching disabled for task ':react-native-mmkv:copyDebugJniLibsProjectOnly' because:
  Build cache is disabled
  Caching has been disabled for the task
Skipping task ':react-native-mmkv:copyDebugJniLibsProjectOnly' as it is up-to-date.
work action resolve jni (project :react-native-mmkv) (Thread[Execution worker Thread 14,5,main]) started.
Resolve mutations for :react-native-reanimated:mergeDebugJniLibFolders (Thread[Execution worker Thread 14,5,main]) started.
:react-native-reanimated:mergeDebugJniLibFolders (Thread[Execution worker,5,main]) started.

> Task :react-native-reanimated:mergeDebugJniLibFolders UP-TO-DATE
Caching disabled for task ':react-native-reanimated:mergeDebugJniLibFolders' because:
  Build cache is disabled
  Simple merging task
Skipping task ':react-native-reanimated:mergeDebugJniLibFolders' as it is up-to-date.
Resolve mutations for :react-native-reanimated:mergeDebugNativeLibs (Thread[Execution worker,5,main]) started.
:react-native-reanimated:mergeDebugNativeLibs (Thread[Execution worker Thread 2,5,main]) started.

> Task :react-native-reanimated:mergeDebugNativeLibs UP-TO-DATE
Caching disabled for task ':react-native-reanimated:mergeDebugNativeLibs' because:
  Build cache is disabled
  Caching has been disabled for the task
Skipping task ':react-native-reanimated:mergeDebugNativeLibs' as it is up-to-date.
Resolve mutations for :react-native-reanimated:copyDebugJniLibsProjectOnly (Thread[Execution worker Thread 2,5,main]) started.
:react-native-reanimated:copyDebugJniLibsProjectOnly (Thread[Execution worker Thread 15,5,main]) started.

> Task :react-native-reanimated:copyDebugJniLibsProjectOnly UP-TO-DATE
Caching disabled for task ':react-native-reanimated:copyDebugJniLibsProjectOnly' because:
  Build cache is disabled
  Caching has been disabled for the task
Skipping task ':react-native-reanimated:copyDebugJniLibsProjectOnly' as it is up-to-date.
work action resolve jni (project :react-native-reanimated) (Thread[Execution worker Thread 15,5,main]) started.
Resolve mutations for :react-native-safe-area-context:mergeDebugJniLibFolders (Thread[Execution worker Thread 5,5,main]) started.
:react-native-safe-area-context:mergeDebugJniLibFolders (Thread[Execution worker Thread 8,5,main]) started.

> Task :react-native-safe-area-context:mergeDebugJniLibFolders UP-TO-DATE
Caching disabled for task ':react-native-safe-area-context:mergeDebugJniLibFolders' because:
  Build cache is disabled
  Simple merging task
Skipping task ':react-native-safe-area-context:mergeDebugJniLibFolders' as it is up-to-date.
Resolve mutations for :react-native-safe-area-context:mergeDebugNativeLibs (Thread[Execution worker Thread 8,5,main]) started.
:react-native-safe-area-context:mergeDebugNativeLibs (Thread[Execution worker Thread 3,5,main]) started.

> Task :react-native-safe-area-context:mergeDebugNativeLibs NO-SOURCE
Skipping task ':react-native-safe-area-context:mergeDebugNativeLibs' as it has no source files and no previous output files.
Resolve mutations for :react-native-safe-area-context:copyDebugJniLibsProjectOnly (Thread[Execution worker Thread 3,5,main]) started.
:react-native-safe-area-context:copyDebugJniLibsProjectOnly (Thread[Execution worker Thread 3,5,main]) started.

> Task :react-native-safe-area-context:copyDebugJniLibsProjectOnly UP-TO-DATE
Caching disabled for task ':react-native-safe-area-context:copyDebugJniLibsProjectOnly' because:
  Build cache is disabled
  Caching has been disabled for the task
Skipping task ':react-native-safe-area-context:copyDebugJniLibsProjectOnly' as it is up-to-date.
work action resolve jni (project :react-native-safe-area-context) (Thread[Execution worker Thread 3,5,main]) started.
Resolve mutations for :react-native-screens:configureCMakeDebug[arm64-v8a] (Thread[Execution worker Thread 2,5,main]) started.
:react-native-screens:configureCMakeDebug[arm64-v8a] (Thread[Execution worker Thread 6,5,main]) started.

> Task :react-native-screens:configureCMakeDebug[arm64-v8a]
Caching disabled for task ':react-native-screens:configureCMakeDebug[arm64-v8a]' because:
  Build cache is disabled
  Caching has been disabled for the task
Task ':react-native-screens:configureCMakeDebug[arm64-v8a]' is not up-to-date because:
  Task.upToDateWhen is false.
C/C++: D:\App\fc\app\node_modules\react-native-screens\android\CMakeLists.txt debug|arm64-v8a : Start JSON generation. Platform version: 24 min SDK version: arm64-v8a
C/C++: D:\App\fc\app\node_modules\react-native-screens\android\CMakeLists.txt debug|arm64-v8a : JSON 'D:\App\fc\app\node_modules\react-native-screens\android\.cxx\Debug\q2o1y72l\arm64-v8a\android_gradle_build.json' was up-to-date
C/C++: D:\App\fc\app\node_modules\react-native-screens\android\CMakeLists.txt debug|arm64-v8a : JSON generation completed without problems
C/C++: D:\App\fc\app\node_modules\react-native-screens\android\CMakeLists.txt debug|arm64-v8a : Writing build model to D:\App\fc\app\node_modules\react-native-screens\android\build\intermediates\cxx\Debug\q2o1y72l\logs\arm64-v8a\build_model.json
Resolve mutations for :react-native-screens:buildCMakeDebug[arm64-v8a] (Thread[Execution worker Thread 6,5,main]) started.
:react-native-screens:buildCMakeDebug[arm64-v8a] (Thread[Execution worker Thread 5,5,main]) started.

> Task :react-native-screens:buildCMakeDebug[arm64-v8a]
Caching disabled for task ':react-native-screens:buildCMakeDebug[arm64-v8a]' because:
  Build cache is disabled
  Caching has been disabled for the task
Task ':react-native-screens:buildCMakeDebug[arm64-v8a]' is not up-to-date because:
  Task.upToDateWhen is false.
C/C++: starting build
C/C++: reading expected JSONs
C/C++: done reading expected JSONs
C/C++: executing build commands for targets that produce .so files or executables
C/C++: evaluate miniconfig
C/C++: evaluate library rnscreens (arm64-v8a)
C/C++: building target library rnscreens because no targets are specified.
C/C++: about to build targets rnscreens
C/C++: Build rnscreens
C/C++: @echo off
"C:\\Users\\adelf\\AppData\\Local\\Android\\Sdk\\cmake\\3.22.1\\bin\\ninja.exe" ^
  -C ^
  "D:\\App\\fc\\app\\node_modules\\react-native-screens\\android\\.cxx\\Debug\\q2o1y72l\\arm64-v8a" ^
  rnscreens

Starting process 'command 'C:\Users\adelf\AppData\Local\Android\Sdk\cmake\3.22.1\bin\ninja.exe''. Working directory: D:\App\fc\app\android Command: C:\Users\adelf\AppData\Local\Android\Sdk\cmake\3.22.1\bin\ninja.exe -C D:\App\fc\app\node_modules\react-native-screens\android\.cxx\Debug\q2o1y72l\arm64-v8a rnscreens
Successfully started process 'command 'C:\Users\adelf\AppData\Local\Android\Sdk\cmake\3.22.1\bin\ninja.exe''
C/C++: Received process result: 0
C/C++: check expected build outputs
C/C++: build complete
Resolve mutations for :react-native-screens:configureCMakeDebug[armeabi-v7a] (Thread[Execution worker Thread 5,5,main]) started.
:react-native-screens:configureCMakeDebug[armeabi-v7a] (Thread[Execution worker Thread 5,5,main]) started.

> Task :react-native-screens:configureCMakeDebug[armeabi-v7a]
Caching disabled for task ':react-native-screens:configureCMakeDebug[armeabi-v7a]' because:
  Build cache is disabled
  Caching has been disabled for the task
Task ':react-native-screens:configureCMakeDebug[armeabi-v7a]' is not up-to-date because:
  Task.upToDateWhen is false.
C/C++: D:\App\fc\app\node_modules\react-native-screens\android\CMakeLists.txt debug|armeabi-v7a : Start JSON generation. Platform version: 24 min SDK version: armeabi-v7a
C/C++: D:\App\fc\app\node_modules\react-native-screens\android\CMakeLists.txt debug|armeabi-v7a : JSON 'D:\App\fc\app\node_modules\react-native-screens\android\.cxx\Debug\q2o1y72l\armeabi-v7a\android_gradle_build.json' was up-to-date
C/C++: D:\App\fc\app\node_modules\react-native-screens\android\CMakeLists.txt debug|armeabi-v7a : JSON generation completed without problems
C/C++: D:\App\fc\app\node_modules\react-native-screens\android\CMakeLists.txt debug|armeabi-v7a : Writing build model to D:\App\fc\app\node_modules\react-native-screens\android\build\intermediates\cxx\Debug\q2o1y72l\logs\armeabi-v7a\build_model.json
Resolve mutations for :react-native-screens:buildCMakeDebug[armeabi-v7a] (Thread[Execution worker Thread 5,5,main]) started.
:react-native-screens:buildCMakeDebug[armeabi-v7a] (Thread[included builds,5,main]) started.

> Task :react-native-screens:buildCMakeDebug[armeabi-v7a]
Caching disabled for task ':react-native-screens:buildCMakeDebug[armeabi-v7a]' because:
  Build cache is disabled
  Caching has been disabled for the task
Task ':react-native-screens:buildCMakeDebug[armeabi-v7a]' is not up-to-date because:
  Task.upToDateWhen is false.
C/C++: starting build
C/C++: reading expected JSONs
C/C++: done reading expected JSONs
C/C++: executing build commands for targets that produce .so files or executables
C/C++: evaluate miniconfig
C/C++: evaluate library rnscreens (armeabi-v7a)
C/C++: building target library rnscreens because no targets are specified.
C/C++: about to build targets rnscreens
C/C++: Build rnscreens
C/C++: @echo off
"C:\\Users\\adelf\\AppData\\Local\\Android\\Sdk\\cmake\\3.22.1\\bin\\ninja.exe" ^
  -C ^
  "D:\\App\\fc\\app\\node_modules\\react-native-screens\\android\\.cxx\\Debug\\q2o1y72l\\armeabi-v7a" ^
  rnscreens

Starting process 'command 'C:\Users\adelf\AppData\Local\Android\Sdk\cmake\3.22.1\bin\ninja.exe''. Working directory: D:\App\fc\app\android Command: C:\Users\adelf\AppData\Local\Android\Sdk\cmake\3.22.1\bin\ninja.exe -C D:\App\fc\app\node_modules\react-native-screens\android\.cxx\Debug\q2o1y72l\armeabi-v7a rnscreens
Successfully started process 'command 'C:\Users\adelf\AppData\Local\Android\Sdk\cmake\3.22.1\bin\ninja.exe''
C/C++: Received process result: 0
C/C++: check expected build outputs
C/C++: build complete
Resolve mutations for :react-native-screens:configureCMakeDebug[x86] (Thread[included builds,5,main]) started.
:react-native-screens:configureCMakeDebug[x86] (Thread[Execution worker,5,main]) started.

> Task :react-native-screens:configureCMakeDebug[x86]
Caching disabled for task ':react-native-screens:configureCMakeDebug[x86]' because:
  Build cache is disabled
  Caching has been disabled for the task
Task ':react-native-screens:configureCMakeDebug[x86]' is not up-to-date because:
  Task.upToDateWhen is false.
C/C++: D:\App\fc\app\node_modules\react-native-screens\android\CMakeLists.txt debug|x86 : Start JSON generation. Platform version: 24 min SDK version: x86
C/C++: D:\App\fc\app\node_modules\react-native-screens\android\CMakeLists.txt debug|x86 : JSON 'D:\App\fc\app\node_modules\react-native-screens\android\.cxx\Debug\q2o1y72l\x86\android_gradle_build.json' was up-to-date
C/C++: D:\App\fc\app\node_modules\react-native-screens\android\CMakeLists.txt debug|x86 : JSON generation completed without problems
C/C++: D:\App\fc\app\node_modules\react-native-screens\android\CMakeLists.txt debug|x86 : Writing build model to D:\App\fc\app\node_modules\react-native-screens\android\build\intermediates\cxx\Debug\q2o1y72l\logs\x86\build_model.json
Resolve mutations for :react-native-screens:buildCMakeDebug[x86] (Thread[Execution worker,5,main]) started.
:react-native-screens:buildCMakeDebug[x86] (Thread[Execution worker Thread 15,5,main]) started.

> Task :react-native-screens:buildCMakeDebug[x86]
Caching disabled for task ':react-native-screens:buildCMakeDebug[x86]' because:
  Build cache is disabled
  Caching has been disabled for the task
Task ':react-native-screens:buildCMakeDebug[x86]' is not up-to-date because:
  Task.upToDateWhen is false.
C/C++: starting build
C/C++: reading expected JSONs
C/C++: done reading expected JSONs
C/C++: executing build commands for targets that produce .so files or executables
C/C++: evaluate miniconfig
C/C++: evaluate library rnscreens (x86)
C/C++: building target library rnscreens because no targets are specified.
C/C++: about to build targets rnscreens
C/C++: Build rnscreens
C/C++: @echo off
"C:\\Users\\adelf\\AppData\\Local\\Android\\Sdk\\cmake\\3.22.1\\bin\\ninja.exe" ^
  -C ^
  "D:\\App\\fc\\app\\node_modules\\react-native-screens\\android\\.cxx\\Debug\\q2o1y72l\\x86" ^
  rnscreens

Starting process 'command 'C:\Users\adelf\AppData\Local\Android\Sdk\cmake\3.22.1\bin\ninja.exe''. Working directory: D:\App\fc\app\android Command: C:\Users\adelf\AppData\Local\Android\Sdk\cmake\3.22.1\bin\ninja.exe -C D:\App\fc\app\node_modules\react-native-screens\android\.cxx\Debug\q2o1y72l\x86 rnscreens
Successfully started process 'command 'C:\Users\adelf\AppData\Local\Android\Sdk\cmake\3.22.1\bin\ninja.exe''
C/C++: Received process result: 0
C/C++: check expected build outputs
C/C++: build complete
Resolve mutations for :react-native-screens:configureCMakeDebug[x86_64] (Thread[Execution worker Thread 15,5,main]) started.
:react-native-screens:configureCMakeDebug[x86_64] (Thread[Execution worker Thread 13,5,main]) started.

> Task :react-native-screens:configureCMakeDebug[x86_64]
Caching disabled for task ':react-native-screens:configureCMakeDebug[x86_64]' because:
  Build cache is disabled
  Caching has been disabled for the task
Task ':react-native-screens:configureCMakeDebug[x86_64]' is not up-to-date because:
  Task.upToDateWhen is false.
C/C++: D:\App\fc\app\node_modules\react-native-screens\android\CMakeLists.txt debug|x86_64 : Start JSON generation. Platform version: 24 min SDK version: x86_64
C/C++: D:\App\fc\app\node_modules\react-native-screens\android\CMakeLists.txt debug|x86_64 : JSON 'D:\App\fc\app\node_modules\react-native-screens\android\.cxx\Debug\q2o1y72l\x86_64\android_gradle_build.json' was up-to-date
C/C++: D:\App\fc\app\node_modules\react-native-screens\android\CMakeLists.txt debug|x86_64 : JSON generation completed without problems
C/C++: D:\App\fc\app\node_modules\react-native-screens\android\CMakeLists.txt debug|x86_64 : Writing build model to D:\App\fc\app\node_modules\react-native-screens\android\build\intermediates\cxx\Debug\q2o1y72l\logs\x86_64\build_model.json
Resolve mutations for :react-native-screens:buildCMakeDebug[x86_64] (Thread[Execution worker Thread 13,5,main]) started.
:react-native-screens:buildCMakeDebug[x86_64] (Thread[Execution worker Thread 13,5,main]) started.

> Task :react-native-screens:buildCMakeDebug[x86_64]
Caching disabled for task ':react-native-screens:buildCMakeDebug[x86_64]' because:
  Build cache is disabled
  Caching has been disabled for the task
Task ':react-native-screens:buildCMakeDebug[x86_64]' is not up-to-date because:
  Task.upToDateWhen is false.
C/C++: starting build
C/C++: reading expected JSONs
C/C++: done reading expected JSONs
C/C++: executing build commands for targets that produce .so files or executables
C/C++: evaluate miniconfig
C/C++: evaluate library rnscreens (x86_64)
C/C++: building target library rnscreens because no targets are specified.
C/C++: about to build targets rnscreens
C/C++: Build rnscreens
C/C++: @echo off
"C:\\Users\\adelf\\AppData\\Local\\Android\\Sdk\\cmake\\3.22.1\\bin\\ninja.exe" ^
  -C ^
  "D:\\App\\fc\\app\\node_modules\\react-native-screens\\android\\.cxx\\Debug\\q2o1y72l\\x86_64" ^
  rnscreens

Starting process 'command 'C:\Users\adelf\AppData\Local\Android\Sdk\cmake\3.22.1\bin\ninja.exe''. Working directory: D:\App\fc\app\android Command: C:\Users\adelf\AppData\Local\Android\Sdk\cmake\3.22.1\bin\ninja.exe -C D:\App\fc\app\node_modules\react-native-screens\android\.cxx\Debug\q2o1y72l\x86_64 rnscreens
Successfully started process 'command 'C:\Users\adelf\AppData\Local\Android\Sdk\cmake\3.22.1\bin\ninja.exe''
C/C++: Received process result: 0
C/C++: check expected build outputs
C/C++: build complete
Resolve mutations for :react-native-screens:mergeDebugJniLibFolders (Thread[Execution worker Thread 13,5,main]) started.
:react-native-screens:mergeDebugJniLibFolders (Thread[Execution worker Thread 13,5,main]) started.

> Task :react-native-screens:mergeDebugJniLibFolders UP-TO-DATE
Caching disabled for task ':react-native-screens:mergeDebugJniLibFolders' because:
  Build cache is disabled
  Simple merging task
Skipping task ':react-native-screens:mergeDebugJniLibFolders' as it is up-to-date.
Resolve mutations for :react-native-screens:mergeDebugNativeLibs (Thread[Execution worker Thread 13,5,main]) started.
:react-native-screens:mergeDebugNativeLibs (Thread[Execution worker Thread 13,5,main]) started.

> Task :react-native-screens:mergeDebugNativeLibs UP-TO-DATE
Caching disabled for task ':react-native-screens:mergeDebugNativeLibs' because:
  Build cache is disabled
  Caching has been disabled for the task
Skipping task ':react-native-screens:mergeDebugNativeLibs' as it is up-to-date.
Resolve mutations for :react-native-screens:copyDebugJniLibsProjectOnly (Thread[Execution worker Thread 13,5,main]) started.
:react-native-screens:copyDebugJniLibsProjectOnly (Thread[Execution worker Thread 10,5,main]) started.

> Task :react-native-screens:copyDebugJniLibsProjectOnly UP-TO-DATE
Caching disabled for task ':react-native-screens:copyDebugJniLibsProjectOnly' because:
  Build cache is disabled
  Caching has been disabled for the task
Skipping task ':react-native-screens:copyDebugJniLibsProjectOnly' as it is up-to-date.
work action resolve jni (project :react-native-screens) (Thread[Execution worker Thread 10,5,main]) started.
Resolve mutations for :react-native-view-shot:mergeDebugJniLibFolders (Thread[Execution worker Thread 14,5,main]) started.
:react-native-view-shot:mergeDebugJniLibFolders (Thread[Execution worker Thread 14,5,main]) started.

> Task :react-native-view-shot:mergeDebugJniLibFolders UP-TO-DATE
Caching disabled for task ':react-native-view-shot:mergeDebugJniLibFolders' because:
  Build cache is disabled
  Simple merging task
Skipping task ':react-native-view-shot:mergeDebugJniLibFolders' as it is up-to-date.
Resolve mutations for :react-native-view-shot:mergeDebugNativeLibs (Thread[Execution worker Thread 14,5,main]) started.
:react-native-view-shot:mergeDebugNativeLibs (Thread[Execution worker Thread 2,5,main]) started.

> Task :react-native-view-shot:mergeDebugNativeLibs NO-SOURCE
Skipping task ':react-native-view-shot:mergeDebugNativeLibs' as it has no source files and no previous output files.
Resolve mutations for :react-native-view-shot:copyDebugJniLibsProjectOnly (Thread[Execution worker Thread 2,5,main]) started.
:react-native-view-shot:copyDebugJniLibsProjectOnly (Thread[Execution worker Thread 11,5,main]) started.

> Task :react-native-view-shot:copyDebugJniLibsProjectOnly UP-TO-DATE
Caching disabled for task ':react-native-view-shot:copyDebugJniLibsProjectOnly' because:
  Build cache is disabled
  Caching has been disabled for the task
Skipping task ':react-native-view-shot:copyDebugJniLibsProjectOnly' as it is up-to-date.
work action resolve jni (project :react-native-view-shot) (Thread[Execution worker Thread 11,5,main]) started.
Resolve mutations for :sentry_react-native:mergeDebugJniLibFolders (Thread[Execution worker Thread 14,5,main]) started.
:sentry_react-native:mergeDebugJniLibFolders (Thread[Execution worker Thread 12,5,main]) started.

> Task :sentry_react-native:mergeDebugJniLibFolders UP-TO-DATE
Caching disabled for task ':sentry_react-native:mergeDebugJniLibFolders' because:
  Build cache is disabled
  Simple merging task
Skipping task ':sentry_react-native:mergeDebugJniLibFolders' as it is up-to-date.
Resolve mutations for :sentry_react-native:mergeDebugNativeLibs (Thread[Execution worker Thread 12,5,main]) started.
:sentry_react-native:mergeDebugNativeLibs (Thread[Execution worker,5,main]) started.

> Task :sentry_react-native:mergeDebugNativeLibs NO-SOURCE
Skipping task ':sentry_react-native:mergeDebugNativeLibs' as it has no source files and no previous output files.
Resolve mutations for :sentry_react-native:copyDebugJniLibsProjectOnly (Thread[Execution worker,5,main]) started.
:sentry_react-native:copyDebugJniLibsProjectOnly (Thread[Execution worker,5,main]) started.

> Task :sentry_react-native:copyDebugJniLibsProjectOnly UP-TO-DATE
Caching disabled for task ':sentry_react-native:copyDebugJniLibsProjectOnly' because:
  Build cache is disabled
  Caching has been disabled for the task
Skipping task ':sentry_react-native:copyDebugJniLibsProjectOnly' as it is up-to-date.
work action resolve jni (project :sentry_react-native) (Thread[Execution worker,5,main]) started.
Resolve mutations for :app:mergeStagingDebugNativeLibs (Thread[Execution worker,5,main]) started.
:app:mergeStagingDebugNativeLibs (Thread[Execution worker Thread 8,5,main]) started.

> Task :app:mergeStagingDebugNativeLibs UP-TO-DATE
Caching disabled for task ':app:mergeStagingDebugNativeLibs' because:
  Build cache is disabled
  Caching has been disabled for the task
Skipping task ':app:mergeStagingDebugNativeLibs' as it is up-to-date.
Resolve mutations for :app:stripStagingDebugDebugSymbols (Thread[Execution worker Thread 8,5,main]) started.
:app:stripStagingDebugDebugSymbols (Thread[Execution worker Thread 9,5,main]) started.

> Task :app:stripStagingDebugDebugSymbols UP-TO-DATE
Caching disabled for task ':app:stripStagingDebugDebugSymbols' because:
  Build cache is disabled
  Caching has been disabled for the task
Skipping task ':app:stripStagingDebugDebugSymbols' as it is up-to-date.
Resolve mutations for :app:validateSigningStagingDebug (Thread[Execution worker Thread 9,5,main]) started.
:app:validateSigningStagingDebug (Thread[Execution worker Thread 9,5,main]) started.

> Task :app:validateSigningStagingDebug UP-TO-DATE
Caching disabled for task ':app:validateSigningStagingDebug' because:
  Build cache is disabled
  Caching has been disabled for the task
Skipping task ':app:validateSigningStagingDebug' as it is up-to-date.
Resolve mutations for :app:writeStagingDebugAppMetadata (Thread[Execution worker Thread 9,5,main]) started.
:app:writeStagingDebugAppMetadata (Thread[Execution worker Thread 9,5,main]) started.

> Task :app:writeStagingDebugAppMetadata UP-TO-DATE
Caching disabled for task ':app:writeStagingDebugAppMetadata' because:
  Build cache is disabled
  Caching has been disabled for the task
Skipping task ':app:writeStagingDebugAppMetadata' as it is up-to-date.
Resolve mutations for :app:writeStagingDebugSigningConfigVersions (Thread[Execution worker Thread 9,5,main]) started.
:app:writeStagingDebugSigningConfigVersions (Thread[Execution worker Thread 10,5,main]) started.

> Task :app:writeStagingDebugSigningConfigVersions UP-TO-DATE
Caching disabled for task ':app:writeStagingDebugSigningConfigVersions' because:
  Build cache is disabled
  Caching has been disabled for the task
Skipping task ':app:writeStagingDebugSigningConfigVersions' as it is up-to-date.
Resolve mutations for :app:packageStagingDebug (Thread[Execution worker Thread 10,5,main]) started.
:app:packageStagingDebug (Thread[Execution worker Thread 10,5,main]) started.

> Task :app:packageStagingDebug UP-TO-DATE
Custom actions are attached to task ':app:packageStagingDebug'.
Caching disabled for task ':app:packageStagingDebug' because:
  Build cache is disabled
  Caching has been disabled for the task
Skipping task ':app:packageStagingDebug' as it is up-to-date.
Resolve mutations for :app:createStagingDebugApkListingFileRedirect (Thread[Execution worker Thread 10,5,main]) started.
:app:createStagingDebugApkListingFileRedirect (Thread[Execution worker Thread 14,5,main]) started.

> Task :app:createStagingDebugApkListingFileRedirect UP-TO-DATE
Caching disabled for task ':app:createStagingDebugApkListingFileRedirect' because:
  Build cache is disabled
  Caching has been disabled for the task
Skipping task ':app:createStagingDebugApkListingFileRedirect' as it is up-to-date.
Resolve mutations for :app:assembleStagingDebug (Thread[Execution worker Thread 14,5,main]) started.
:app:assembleStagingDebug (Thread[Execution worker Thread 14,5,main]) started.

> Task :app:assembleStagingDebug UP-TO-DATE
Skipping task ':app:assembleStagingDebug' as it has no actions.

[Incubating] Problems report is available at: file:///D:/App/fc/app/android/build/reports/problems/problems-report.html

Deprecated Gradle features were used in this build, making it incompatible with Gradle 9.0.

You can use '--warning-mode all' to show the individual deprecation warnings and determine if they come from your own scripts or plugins.

For more on this, please refer to https://docs.gradle.org/8.12/userguide/command_line_interface.html#sec:command_line_warnings in the Gradle documentation.

BUILD SUCCESSFUL in 16s
524 actionable tasks: 33 executed, 491 up-to-date
Watched directory hierarchies: [D:\App\fc\app\node_modules\@react-native\gradle-plugin, D:\App\fc\app\android]
